0 verbose cli /usr/bin/node /usr/bin/npm
1 info using npm@10.8.2
2 info using node@v18.20.8
3 silly config load:file:/usr/lib/node_modules/npm/npmrc
4 silly config load:file:/home/candi/CEE_Coreeliteexperts/.npmrc
5 silly config load:file:/home/candi/.npmrc
6 silly config load:file:/usr/etc/npmrc
7 verbose title npm install
8 verbose argv "install" "--cache" ".npm-cache"
9 verbose logfile logs-max:10 dir:/home/candi/CEE_Coreeliteexperts/.npm-cache/_logs/2026-02-11T14_05_39_188Z-
10 verbose logfile /home/candi/CEE_Coreeliteexperts/.npm-cache/_logs/2026-02-11T14_05_39_188Z-debug-0.log
11 silly packumentCache heap:2197815296 maxSize:549453824 maxEntrySize:274726912
12 silly logfile done cleaning log files
13 silly idealTree buildDeps
14 silly fetch manifest @react-three/drei@^9.88.13
15 silly packumentCache full:https://registry.npmjs.org/@react-three%2fdrei cache-miss
16 http fetch GET 200 https://registry.npmjs.org/npm 663ms
17 http fetch GET 200 https://registry.npmjs.org/@react-three%2fdrei 2053ms (cache miss)
18 silly packumentCache full:https://registry.npmjs.org/@react-three%2fdrei set size:undefined disposed:false
19 silly fetch manifest @react-three/fiber@^8.15.11
20 silly packumentCache full:https://registry.npmjs.org/@react-three%2ffiber cache-miss
21 http fetch GET 200 https://registry.npmjs.org/@react-three%2ffiber 154ms (cache miss)
22 silly packumentCache full:https://registry.npmjs.org/@react-three%2ffiber set size:undefined disposed:false
23 silly fetch manifest clsx@^2.0.0
24 silly packumentCache full:https://registry.npmjs.org/clsx cache-miss
25 http fetch GET 200 https://registry.npmjs.org/clsx 401ms (cache miss)
26 silly packumentCache full:https://registry.npmjs.org/clsx set size:undefined disposed:false
27 silly fetch manifest framer-motion@^10.18.0
28 silly packumentCache full:https://registry.npmjs.org/framer-motion cache-miss
29 http fetch GET 200 https://registry.npmjs.org/framer-motion 998ms (cache miss)
30 silly packumentCache full:https://registry.npmjs.org/framer-motion set size:undefined disposed:false
31 silly fetch manifest lucide-react@^0.294.0
32 silly packumentCache full:https://registry.npmjs.org/lucide-react cache-miss
33 http fetch GET 200 https://registry.npmjs.org/lucide-react 217ms (cache miss)
34 silly packumentCache full:https://registry.npmjs.org/lucide-react set size:undefined disposed:false
35 silly fetch manifest next@14.0.4
36 silly packumentCache full:https://registry.npmjs.org/next cache-miss
37 http fetch GET 200 https://registry.npmjs.org/next 1192ms (cache miss)
38 silly packumentCache full:https://registry.npmjs.org/next set size:undefined disposed:false
39 silly fetch manifest react@^18.2.0
40 silly packumentCache full:https://registry.npmjs.org/react cache-miss
41 http fetch GET 200 https://registry.npmjs.org/react 681ms (cache miss)
42 silly packumentCache full:https://registry.npmjs.org/react set size:undefined disposed:false
43 silly fetch manifest react-dom@^18.2.0
44 silly packumentCache full:https://registry.npmjs.org/react-dom cache-miss
45 http fetch GET 200 https://registry.npmjs.org/react-dom 403ms (cache miss)
46 silly packumentCache full:https://registry.npmjs.org/react-dom set size:undefined disposed:false
47 silly fetch manifest react-fast-marquee@^1.6.5
48 silly packumentCache full:https://registry.npmjs.org/react-fast-marquee cache-miss
49 http fetch GET 200 https://registry.npmjs.org/react-fast-marquee 78ms (cache miss)
50 silly packumentCache full:https://registry.npmjs.org/react-fast-marquee set size:undefined disposed:false
51 silly fetch manifest react-particles@^2.12.2
52 silly packumentCache full:https://registry.npmjs.org/react-particles cache-miss
53 http fetch GET 200 https://registry.npmjs.org/react-particles 162ms (cache miss)
54 silly packumentCache full:https://registry.npmjs.org/react-particles set size:undefined disposed:false
55 silly fetch manifest tailwind-merge@^2.0.0
56 silly packumentCache full:https://registry.npmjs.org/tailwind-merge cache-miss
57 http fetch GET 200 https://registry.npmjs.org/tailwind-merge 417ms (cache miss)
58 silly packumentCache full:https://registry.npmjs.org/tailwind-merge set size:undefined disposed:false
59 silly fetch manifest three@^0.159.0
60 silly packumentCache full:https://registry.npmjs.org/three cache-miss
61 http fetch GET 200 https://registry.npmjs.org/three 152ms (cache miss)
62 silly packumentCache full:https://registry.npmjs.org/three set size:undefined disposed:false
63 silly fetch manifest tsparticles@^2.12.0
64 silly packumentCache full:https://registry.npmjs.org/tsparticles cache-miss
65 http fetch GET 200 https://registry.npmjs.org/tsparticles 517ms (cache miss)
66 silly packumentCache full:https://registry.npmjs.org/tsparticles set size:undefined disposed:false
67 silly fetch manifest @types/node@^20.10.0
68 silly packumentCache full:https://registry.npmjs.org/@types%2fnode cache-miss
69 http fetch GET 200 https://registry.npmjs.org/@types%2fnode 970ms (cache miss)
70 silly packumentCache full:https://registry.npmjs.org/@types%2fnode set size:undefined disposed:false
71 silly fetch manifest @types/react@^18.2.39
72 silly packumentCache full:https://registry.npmjs.org/@types%2freact cache-miss
73 http fetch GET 200 https://registry.npmjs.org/@types%2freact 197ms (cache miss)
74 silly packumentCache full:https://registry.npmjs.org/@types%2freact set size:undefined disposed:false
75 silly fetch manifest @types/react-dom@^18.2.17
76 silly packumentCache full:https://registry.npmjs.org/@types%2freact-dom cache-miss
77 http fetch GET 200 https://registry.npmjs.org/@types%2freact-dom 106ms (cache miss)
78 silly packumentCache full:https://registry.npmjs.org/@types%2freact-dom set size:undefined disposed:false
79 silly fetch manifest @types/three@^0.159.0
80 silly packumentCache full:https://registry.npmjs.org/@types%2fthree cache-miss
81 http fetch GET 200 https://registry.npmjs.org/@types%2fthree 112ms (cache miss)
82 silly packumentCache full:https://registry.npmjs.org/@types%2fthree set size:undefined disposed:false
83 silly fetch manifest autoprefixer@^10.4.16
84 silly packumentCache full:https://registry.npmjs.org/autoprefixer cache-miss
85 http fetch GET 200 https://registry.npmjs.org/autoprefixer 447ms (cache miss)
86 silly packumentCache full:https://registry.npmjs.org/autoprefixer set size:undefined disposed:false
87 silly fetch manifest eslint@^8.54.0
88 silly packumentCache full:https://registry.npmjs.org/eslint cache-miss
89 http fetch GET 200 https://registry.npmjs.org/eslint 177ms (cache miss)
90 silly packumentCache full:https://registry.npmjs.org/eslint set size:undefined disposed:false
91 silly fetch manifest eslint-config-next@14.0.4
92 silly packumentCache full:https://registry.npmjs.org/eslint-config-next cache-miss
93 http fetch GET 200 https://registry.npmjs.org/eslint-config-next 238ms (cache miss)
94 silly packumentCache full:https://registry.npmjs.org/eslint-config-next set size:undefined disposed:false
95 silly fetch manifest postcss@^8.4.32
96 silly packumentCache full:https://registry.npmjs.org/postcss cache-miss
97 http fetch GET 200 https://registry.npmjs.org/postcss 99ms (cache miss)
98 silly packumentCache full:https://registry.npmjs.org/postcss set size:undefined disposed:false
99 silly fetch manifest tailwindcss@^3.3.6
100 silly packumentCache full:https://registry.npmjs.org/tailwindcss cache-miss
101 http fetch GET 200 https://registry.npmjs.org/tailwindcss 392ms (cache miss)
102 silly packumentCache full:https://registry.npmjs.org/tailwindcss set size:undefined disposed:false
103 silly fetch manifest typescript@^5.3.2
104 silly packumentCache full:https://registry.npmjs.org/typescript cache-miss
105 http fetch GET 200 https://registry.npmjs.org/typescript 477ms (cache miss)
106 silly packumentCache full:https://registry.npmjs.org/typescript set size:undefined disposed:false
107 silly placeDep ROOT @react-three/drei@9.122.0 OK for: cee-company-website@0.1.0 want: ^9.88.13
108 silly placeDep ROOT @react-three/fiber@8.18.0 OK for: cee-company-website@0.1.0 want: ^8.15.11
109 silly placeDep ROOT @types/node@20.19.33 OK for: cee-company-website@0.1.0 want: ^20.10.0
110 silly placeDep ROOT @types/react@18.3.28 OK for: cee-company-website@0.1.0 want: ^18.2.39
111 silly placeDep ROOT @types/react-dom@18.3.7 OK for: cee-company-website@0.1.0 want: ^18.2.17
112 silly placeDep ROOT @types/three@0.159.0 OK for: cee-company-website@0.1.0 want: ^0.159.0
113 silly placeDep ROOT autoprefixer@10.4.24 OK for: cee-company-website@0.1.0 want: ^10.4.16
114 silly placeDep ROOT clsx@2.1.1 OK for: cee-company-website@0.1.0 want: ^2.0.0
115 silly placeDep ROOT eslint@8.57.1 OK for: cee-company-website@0.1.0 want: ^8.54.0
116 silly placeDep ROOT eslint-config-next@14.0.4 OK for: cee-company-website@0.1.0 want: 14.0.4
117 silly placeDep ROOT framer-motion@10.18.0 OK for: cee-company-website@0.1.0 want: ^10.18.0
118 silly placeDep ROOT lucide-react@0.294.0 OK for: cee-company-website@0.1.0 want: ^0.294.0
119 silly placeDep ROOT next@14.0.4 OK for: cee-company-website@0.1.0 want: 14.0.4
120 silly placeDep ROOT postcss@8.5.6 OK for: cee-company-website@0.1.0 want: ^8.4.32
121 silly placeDep ROOT react@18.3.1 OK for: cee-company-website@0.1.0 want: ^18.2.0
122 silly placeDep ROOT react-dom@18.3.1 OK for: cee-company-website@0.1.0 want: ^18.2.0
123 silly placeDep ROOT react-fast-marquee@1.6.5 OK for: cee-company-website@0.1.0 want: ^1.6.5
124 silly placeDep ROOT react-particles@2.12.2 OK for: cee-company-website@0.1.0 want: ^2.12.2
125 silly placeDep ROOT tailwind-merge@2.6.1 OK for: cee-company-website@0.1.0 want: ^2.0.0
126 silly placeDep ROOT tailwindcss@3.4.19 OK for: cee-company-website@0.1.0 want: ^3.3.6
127 silly placeDep ROOT three@0.159.0 OK for: cee-company-website@0.1.0 want: ^0.159.0
128 silly placeDep ROOT tsparticles@2.12.0 OK for: cee-company-website@0.1.0 want: ^2.12.0
129 silly placeDep ROOT typescript@5.9.3 OK for: cee-company-website@0.1.0 want: ^5.3.2
130 silly fetch manifest maath@^0.10.8
131 silly packumentCache full:https://registry.npmjs.org/maath cache-miss
132 silly fetch manifest hls.js@^1.5.17
133 silly packumentCache full:https://registry.npmjs.org/hls.js cache-miss
134 silly fetch manifest zustand@^5.0.1
135 silly packumentCache full:https://registry.npmjs.org/zustand cache-miss
136 silly fetch manifest meshline@^3.3.1
137 silly packumentCache full:https://registry.npmjs.org/meshline cache-miss
138 silly fetch manifest stats-gl@^2.2.8
139 silly packumentCache full:https://registry.npmjs.org/stats-gl cache-miss
140 silly fetch manifest stats.js@^0.17.0
141 silly packumentCache full:https://registry.npmjs.org/stats.js cache-miss
142 silly fetch manifest cross-env@^7.0.3
143 silly packumentCache full:https://registry.npmjs.org/cross-env cache-miss
144 http fetch GET 200 https://registry.npmjs.org/cross-env 308ms (cache miss)
145 silly packumentCache full:https://registry.npmjs.org/cross-env set size:undefined disposed:false
146 silly fetch manifest detect-gpu@^5.0.56
147 silly packumentCache full:https://registry.npmjs.org/detect-gpu cache-miss
148 http fetch GET 200 https://registry.npmjs.org/maath 352ms (cache miss)
149 silly packumentCache full:https://registry.npmjs.org/maath set size:undefined disposed:false
150 silly fetch manifest glsl-noise@^0.0.0
151 silly packumentCache full:https://registry.npmjs.org/glsl-noise cache-miss
152 http fetch GET 200 https://registry.npmjs.org/hls.js 571ms (cache miss)
153 silly packumentCache full:https://registry.npmjs.org/hls.js set size:undefined disposed:false
154 silly fetch manifest tunnel-rat@^0.1.2
155 silly packumentCache full:https://registry.npmjs.org/tunnel-rat cache-miss
156 http fetch GET 200 https://registry.npmjs.org/glsl-noise 406ms (cache miss)
157 silly packumentCache full:https://registry.npmjs.org/glsl-noise set size:undefined disposed:false
158 silly fetch manifest three-stdlib@^2.35.6
159 silly packumentCache full:https://registry.npmjs.org/three-stdlib cache-miss
160 http fetch GET 200 https://registry.npmjs.org/zustand 764ms (cache miss)
161 silly packumentCache full:https://registry.npmjs.org/zustand set size:undefined disposed:false
162 silly fetch manifest suspend-react@^0.1.3
163 silly packumentCache full:https://registry.npmjs.org/suspend-react cache-miss
164 http fetch GET 200 https://registry.npmjs.org/meshline 925ms (cache miss)
165 silly packumentCache full:https://registry.npmjs.org/meshline set size:undefined disposed:false
166 silly fetch manifest utility-types@^3.11.0
167 silly packumentCache full:https://registry.npmjs.org/utility-types cache-miss
168 http fetch GET 200 https://registry.npmjs.org/stats.js 932ms (cache miss)
169 silly packumentCache full:https://registry.npmjs.org/stats.js set size:undefined disposed:false
170 silly fetch manifest @babel/runtime@^7.26.0
171 silly packumentCache full:https://registry.npmjs.org/@babel%2fruntime cache-miss
172 http fetch GET 200 https://registry.npmjs.org/detect-gpu 670ms (cache miss)
173 silly packumentCache full:https://registry.npmjs.org/detect-gpu set size:undefined disposed:false
174 silly fetch manifest react-composer@^5.0.3
175 silly packumentCache full:https://registry.npmjs.org/react-composer cache-miss
176 http fetch GET 200 https://registry.npmjs.org/stats-gl 1016ms (cache miss)
177 silly packumentCache full:https://registry.npmjs.org/stats-gl set size:undefined disposed:false
178 silly fetch manifest three-mesh-bvh@^0.7.8
179 silly packumentCache full:https://registry.npmjs.org/three-mesh-bvh cache-miss
180 http fetch GET 200 https://registry.npmjs.org/tunnel-rat 336ms (cache miss)
181 silly packumentCache full:https://registry.npmjs.org/tunnel-rat set size:undefined disposed:false
182 silly fetch manifest camera-controls@^2.9.0
183 silly packumentCache full:https://registry.npmjs.org/camera-controls cache-miss
184 http fetch GET 200 https://registry.npmjs.org/utility-types 168ms (cache miss)
185 silly packumentCache full:https://registry.npmjs.org/utility-types set size:undefined disposed:false
186 silly fetch manifest troika-three-text@^0.52.0
187 silly packumentCache full:https://registry.npmjs.org/troika-three-text cache-miss
188 http fetch GET 200 https://registry.npmjs.org/suspend-react 388ms (cache miss)
189 silly packumentCache full:https://registry.npmjs.org/suspend-react set size:undefined disposed:false
190 silly fetch manifest @use-gesture/react@^10.3.1
191 silly packumentCache full:https://registry.npmjs.org/@use-gesture%2freact cache-miss
192 http fetch GET 200 https://registry.npmjs.org/three-stdlib 420ms (cache miss)
193 silly packumentCache full:https://registry.npmjs.org/three-stdlib set size:undefined disposed:false
194 silly fetch manifest @react-spring/three@~9.7.5
195 silly packumentCache full:https://registry.npmjs.org/@react-spring%2fthree cache-miss
196 http fetch GET 200 https://registry.npmjs.org/three-mesh-bvh 309ms (cache miss)
197 silly packumentCache full:https://registry.npmjs.org/three-mesh-bvh set size:undefined disposed:false
198 silly fetch manifest @monogrid/gainmap-js@^3.0.6
199 silly packumentCache full:https://registry.npmjs.org/@monogrid%2fgainmap-js cache-miss
200 http fetch GET 200 https://registry.npmjs.org/react-composer 340ms (cache miss)
201 silly packumentCache full:https://registry.npmjs.org/react-composer set size:undefined disposed:false
202 silly fetch manifest @mediapipe/tasks-vision@0.10.17
203 silly packumentCache full:https://registry.npmjs.org/@mediapipe%2ftasks-vision cache-miss
204 http fetch GET 200 https://registry.npmjs.org/@babel%2fruntime 514ms (cache miss)
205 silly packumentCache full:https://registry.npmjs.org/@babel%2fruntime set size:undefined disposed:false
206 silly fetch manifest buffer@^6.0.3
207 silly packumentCache full:https://registry.npmjs.org/buffer cache-miss
208 http fetch GET 200 https://registry.npmjs.org/camera-controls 471ms (cache miss)
209 silly packumentCache full:https://registry.npmjs.org/camera-controls set size:undefined disposed:false
210 silly fetch manifest zustand@^3.7.1
211 silly packumentCache full:https://registry.npmjs.org/zustand cache-miss
212 http fetch GET 200 https://registry.npmjs.org/zustand 28ms (cache hit)
213 silly packumentCache full:https://registry.npmjs.org/zustand set size:496701 disposed:false
214 silly fetch manifest its-fine@^1.0.6
215 silly packumentCache full:https://registry.npmjs.org/its-fine cache-miss
216 http fetch GET 200 https://registry.npmjs.org/buffer 81ms (cache miss)
217 silly packumentCache full:https://registry.npmjs.org/buffer set size:undefined disposed:false
218 silly fetch manifest base64-js@^1.5.1
219 silly packumentCache full:https://registry.npmjs.org/base64-js cache-miss
220 http fetch GET 200 https://registry.npmjs.org/base64-js 97ms (cache miss)
221 silly packumentCache full:https://registry.npmjs.org/base64-js set size:undefined disposed:false
222 silly fetch manifest scheduler@^0.21.0
223 silly packumentCache full:https://registry.npmjs.org/scheduler cache-miss
224 http fetch GET 200 https://registry.npmjs.org/troika-three-text 650ms (cache miss)
225 silly packumentCache full:https://registry.npmjs.org/troika-three-text set size:undefined disposed:false
226 silly fetch manifest @types/webxr@*
227 silly packumentCache full:https://registry.npmjs.org/@types%2fwebxr cache-miss
228 http fetch GET 200 https://registry.npmjs.org/@monogrid%2fgainmap-js 436ms (cache miss)
229 silly packumentCache full:https://registry.npmjs.org/@monogrid%2fgainmap-js set size:undefined disposed:false
230 silly fetch manifest @babel/runtime@^7.17.8
231 silly packumentCache full:https://registry.npmjs.org/@babel%2fruntime cache-miss
232 http fetch GET 200 https://registry.npmjs.org/@babel%2fruntime 24ms (cache hit)
233 silly packumentCache full:https://registry.npmjs.org/@babel%2fruntime set size:3305729 disposed:false
234 silly fetch manifest react-reconciler@^0.27.0
235 silly packumentCache full:https://registry.npmjs.org/react-reconciler cache-miss
236 http fetch GET 200 https://registry.npmjs.org/its-fine 339ms (cache miss)
237 silly packumentCache full:https://registry.npmjs.org/its-fine set size:undefined disposed:false
238 silly fetch manifest react-use-measure@^2.1.7
239 silly packumentCache full:https://registry.npmjs.org/react-use-measure cache-miss
240 http fetch GET 200 https://registry.npmjs.org/scheduler 396ms (cache miss)
241 silly packumentCache full:https://registry.npmjs.org/scheduler set size:undefined disposed:false
242 silly fetch manifest @types/react-reconciler@^0.26.7
243 silly packumentCache full:https://registry.npmjs.org/@types%2freact-reconciler cache-miss
244 http fetch GET 200 https://registry.npmjs.org/@use-gesture%2freact 1049ms (cache miss)
245 silly packumentCache full:https://registry.npmjs.org/@use-gesture%2freact set size:undefined disposed:false
246 silly fetch manifest undici-types@~6.21.0
247 silly packumentCache full:https://registry.npmjs.org/undici-types cache-miss
248 http fetch GET 200 https://registry.npmjs.org/react-use-measure 370ms (cache miss)
249 silly packumentCache full:https://registry.npmjs.org/react-use-measure set size:undefined disposed:false
250 silly fetch manifest csstype@^3.2.2
251 silly packumentCache full:https://registry.npmjs.org/csstype cache-miss
252 http fetch GET 200 https://registry.npmjs.org/undici-types 139ms (cache miss)
253 silly packumentCache full:https://registry.npmjs.org/undici-types set size:undefined disposed:false
254 silly fetch manifest @types/prop-types@*
255 silly packumentCache full:https://registry.npmjs.org/@types%2fprop-types cache-miss
256 http fetch GET 200 https://registry.npmjs.org/@react-spring%2fthree 1258ms (cache miss)
257 silly packumentCache full:https://registry.npmjs.org/@react-spring%2fthree set size:undefined disposed:false
258 silly fetch manifest fflate@~0.6.10
259 silly packumentCache full:https://registry.npmjs.org/fflate cache-miss
260 http fetch GET 200 https://registry.npmjs.org/@types%2fwebxr 700ms (cache miss)
261 silly packumentCache full:https://registry.npmjs.org/@types%2fwebxr set size:undefined disposed:false
262 silly fetch manifest meshoptimizer@~0.18.1
263 silly packumentCache full:https://registry.npmjs.org/meshoptimizer cache-miss
264 http fetch GET 200 https://registry.npmjs.org/csstype 136ms (cache miss)
265 silly packumentCache full:https://registry.npmjs.org/csstype set size:undefined disposed:false
266 silly fetch manifest @types/stats.js@*
267 silly packumentCache full:https://registry.npmjs.org/@types%2fstats.js cache-miss
268 http fetch GET 200 https://registry.npmjs.org/@types%2fprop-types 130ms (cache miss)
269 silly packumentCache full:https://registry.npmjs.org/@types%2fprop-types set size:undefined disposed:false
270 silly fetch manifest browserslist@^4.28.1
271 silly packumentCache full:https://registry.npmjs.org/browserslist cache-miss
272 http fetch GET 200 https://registry.npmjs.org/@mediapipe%2ftasks-vision 1276ms (cache miss)
273 silly packumentCache full:https://registry.npmjs.org/@mediapipe%2ftasks-vision set size:undefined disposed:false
274 silly fetch manifest caniuse-lite@^1.0.30001766
275 silly packumentCache full:https://registry.npmjs.org/caniuse-lite cache-miss
276 http fetch GET 200 https://registry.npmjs.org/browserslist 192ms (cache miss)
277 silly packumentCache full:https://registry.npmjs.org/browserslist set size:undefined disposed:false
278 silly fetch manifest fraction.js@^5.3.4
279 silly packumentCache full:https://registry.npmjs.org/fraction.js cache-miss
280 http fetch GET 200 https://registry.npmjs.org/@types%2fstats.js 234ms (cache miss)
281 silly packumentCache full:https://registry.npmjs.org/@types%2fstats.js set size:undefined disposed:false
282 silly fetch manifest picocolors@^1.1.1
283 silly packumentCache full:https://registry.npmjs.org/picocolors cache-miss
284 http fetch GET 200 https://registry.npmjs.org/react-reconciler 892ms (cache miss)
285 silly packumentCache full:https://registry.npmjs.org/react-reconciler set size:undefined disposed:false
286 silly fetch manifest postcss-value-parser@^4.2.0
287 silly packumentCache full:https://registry.npmjs.org/postcss-value-parser cache-miss
288 http fetch GET 200 https://registry.npmjs.org/fraction.js 163ms (cache miss)
289 silly packumentCache full:https://registry.npmjs.org/fraction.js set size:undefined disposed:false
290 silly fetch manifest ajv@^6.12.4
291 silly packumentCache full:https://registry.npmjs.org/ajv cache-miss
292 http fetch GET 200 https://registry.npmjs.org/fflate 417ms (cache miss)
293 silly packumentCache full:https://registry.npmjs.org/fflate set size:undefined disposed:false
294 silly fetch manifest levn@^0.4.1
295 silly packumentCache full:https://registry.npmjs.org/levn cache-miss
296 http fetch GET 200 https://registry.npmjs.org/picocolors 171ms (cache miss)
297 silly packumentCache full:https://registry.npmjs.org/picocolors set size:undefined disposed:false
298 silly fetch manifest chalk@^4.0.0
299 silly packumentCache full:https://registry.npmjs.org/chalk cache-miss
300 http fetch GET 200 https://registry.npmjs.org/meshoptimizer 423ms (cache miss)
301 silly packumentCache full:https://registry.npmjs.org/meshoptimizer set size:undefined disposed:false
302 silly fetch manifest debug@^4.3.2
303 silly packumentCache full:https://registry.npmjs.org/debug cache-miss
304 http fetch GET 200 https://registry.npmjs.org/@types%2freact-reconciler 817ms (cache miss)
305 silly packumentCache full:https://registry.npmjs.org/@types%2freact-reconciler set size:undefined disposed:false
306 silly fetch manifest espree@^9.6.1
307 silly packumentCache full:https://registry.npmjs.org/espree cache-miss
308 http fetch GET 200 https://registry.npmjs.org/chalk 150ms (cache miss)
309 silly packumentCache full:https://registry.npmjs.org/chalk set size:undefined disposed:false
310 silly fetch manifest ignore@^5.2.0
311 silly packumentCache full:https://registry.npmjs.org/ignore cache-miss
312 http fetch GET 200 https://registry.npmjs.org/caniuse-lite 387ms (cache miss)
313 silly packumentCache full:https://registry.npmjs.org/caniuse-lite set size:undefined disposed:false
314 silly fetch manifest esquery@^1.4.2
315 silly packumentCache full:https://registry.npmjs.org/esquery cache-miss
316 http fetch GET 200 https://registry.npmjs.org/postcss-value-parser 255ms (cache miss)
317 silly packumentCache full:https://registry.npmjs.org/postcss-value-parser set size:undefined disposed:false
318 silly fetch manifest esutils@^2.0.2
319 silly packumentCache full:https://registry.npmjs.org/esutils cache-miss
320 http fetch GET 200 https://registry.npmjs.org/ajv 229ms (cache miss)
321 silly packumentCache full:https://registry.npmjs.org/ajv set size:undefined disposed:false
322 silly fetch manifest find-up@^5.0.0
323 silly packumentCache full:https://registry.npmjs.org/find-up cache-miss
324 http fetch GET 200 https://registry.npmjs.org/esutils 118ms (cache miss)
325 silly packumentCache full:https://registry.npmjs.org/esutils set size:undefined disposed:false
326 silly fetch manifest globals@^13.19.0
327 silly packumentCache full:https://registry.npmjs.org/globals cache-miss
328 http fetch GET 200 https://registry.npmjs.org/esquery 140ms (cache miss)
329 silly packumentCache full:https://registry.npmjs.org/esquery set size:undefined disposed:false
330 silly fetch manifest is-glob@^4.0.0
331 silly packumentCache full:https://registry.npmjs.org/is-glob cache-miss
332 http fetch GET 200 https://registry.npmjs.org/debug 335ms (cache miss)
333 silly packumentCache full:https://registry.npmjs.org/debug set size:undefined disposed:false
334 silly fetch manifest js-yaml@^4.1.0
335 silly packumentCache full:https://registry.npmjs.org/js-yaml cache-miss
336 http fetch GET 200 https://registry.npmjs.org/ignore 196ms (cache miss)
337 silly packumentCache full:https://registry.npmjs.org/ignore set size:undefined disposed:false
338 silly fetch manifest doctrine@^3.0.0
339 silly packumentCache full:https://registry.npmjs.org/doctrine cache-miss
340 http fetch GET 200 https://registry.npmjs.org/espree 233ms (cache miss)
341 silly packumentCache full:https://registry.npmjs.org/espree set size:undefined disposed:false
342 silly fetch manifest graphemer@^1.4.0
343 silly packumentCache full:https://registry.npmjs.org/graphemer cache-miss
344 http fetch GET 200 https://registry.npmjs.org/levn 420ms (cache miss)
345 silly packumentCache full:https://registry.npmjs.org/levn set size:undefined disposed:false
346 silly fetch manifest minimatch@^3.1.2
347 silly packumentCache full:https://registry.npmjs.org/minimatch cache-miss
348 http fetch GET 200 https://registry.npmjs.org/find-up 200ms (cache miss)
349 silly packumentCache full:https://registry.npmjs.org/find-up set size:undefined disposed:false
350 silly fetch manifest @eslint/js@8.57.1
351 silly packumentCache full:https://registry.npmjs.org/@eslint%2fjs cache-miss
352 http fetch GET 200 https://registry.npmjs.org/is-glob 97ms (cache miss)
353 silly packumentCache full:https://registry.npmjs.org/is-glob set size:undefined disposed:false
354 silly fetch manifest optionator@^0.9.3
355 silly packumentCache full:https://registry.npmjs.org/optionator cache-miss
356 http fetch GET 200 https://registry.npmjs.org/globals 117ms (cache miss)
357 silly packumentCache full:https://registry.npmjs.org/globals set size:undefined disposed:false
358 silly fetch manifest strip-ansi@^6.0.1
359 silly packumentCache full:https://registry.npmjs.org/strip-ansi cache-miss
360 http fetch GET 200 https://registry.npmjs.org/graphemer 85ms (cache miss)
361 silly packumentCache full:https://registry.npmjs.org/graphemer set size:undefined disposed:false
362 silly fetch manifest text-table@^0.2.0
363 silly packumentCache full:https://registry.npmjs.org/text-table cache-miss
364 http fetch GET 200 https://registry.npmjs.org/js-yaml 128ms (cache miss)
365 silly packumentCache full:https://registry.npmjs.org/js-yaml set size:undefined disposed:false
366 silly fetch manifest cross-spawn@^7.0.2
367 silly packumentCache full:https://registry.npmjs.org/cross-spawn cache-miss
368 http fetch GET 200 https://registry.npmjs.org/text-table 90ms (cache miss)
369 silly packumentCache full:https://registry.npmjs.org/text-table set size:undefined disposed:false
370 silly fetch manifest glob-parent@^6.0.2
371 silly packumentCache full:https://registry.npmjs.org/glob-parent cache-miss
372 http fetch GET 200 https://registry.npmjs.org/optionator 137ms (cache miss)
373 silly packumentCache full:https://registry.npmjs.org/optionator set size:undefined disposed:false
374 silly fetch manifest imurmurhash@^0.1.4
375 silly packumentCache full:https://registry.npmjs.org/imurmurhash cache-miss
376 http fetch GET 200 https://registry.npmjs.org/strip-ansi 125ms (cache miss)
377 silly packumentCache full:https://registry.npmjs.org/strip-ansi set size:undefined disposed:false
378 silly fetch manifest eslint-scope@^7.2.2
379 silly packumentCache full:https://registry.npmjs.org/eslint-scope cache-miss
380 http fetch GET 200 https://registry.npmjs.org/doctrine 220ms (cache miss)
381 silly packumentCache full:https://registry.npmjs.org/doctrine set size:undefined disposed:false
382 silly fetch manifest lodash.merge@^4.6.2
383 silly packumentCache full:https://registry.npmjs.org/lodash.merge cache-miss
384 http fetch GET 200 https://registry.npmjs.org/cross-spawn 136ms (cache miss)
385 silly packumentCache full:https://registry.npmjs.org/cross-spawn set size:undefined disposed:false
386 silly fetch manifest is-path-inside@^3.0.3
387 silly packumentCache full:https://registry.npmjs.org/is-path-inside cache-miss
388 http fetch GET 200 https://registry.npmjs.org/imurmurhash 70ms (cache miss)
389 silly packumentCache full:https://registry.npmjs.org/imurmurhash set size:undefined disposed:false
390 silly fetch manifest fast-deep-equal@^3.1.3
391 silly packumentCache full:https://registry.npmjs.org/fast-deep-equal cache-miss
392 http fetch GET 200 https://registry.npmjs.org/@eslint%2fjs 226ms (cache miss)
393 silly packumentCache full:https://registry.npmjs.org/@eslint%2fjs set size:undefined disposed:false
394 silly fetch manifest natural-compare@^1.4.0
395 silly packumentCache full:https://registry.npmjs.org/natural-compare cache-miss
396 http fetch GET 200 https://registry.npmjs.org/eslint-scope 89ms (cache miss)
397 silly packumentCache full:https://registry.npmjs.org/eslint-scope set size:undefined disposed:false
398 silly fetch manifest @eslint/eslintrc@^2.1.4
399 silly packumentCache full:https://registry.npmjs.org/@eslint%2feslintrc cache-miss
400 http fetch GET 200 https://registry.npmjs.org/is-path-inside 119ms (cache miss)
401 silly packumentCache full:https://registry.npmjs.org/is-path-inside set size:undefined disposed:false
402 silly fetch manifest @nodelib/fs.walk@^1.2.8
403 silly packumentCache full:https://registry.npmjs.org/@nodelib%2ffs.walk cache-miss
404 http fetch GET 200 https://registry.npmjs.org/fast-deep-equal 101ms (cache miss)
405 silly packumentCache full:https://registry.npmjs.org/fast-deep-equal set size:undefined disposed:false
406 silly fetch manifest file-entry-cache@^6.0.1
407 silly packumentCache full:https://registry.npmjs.org/file-entry-cache cache-miss
408 http fetch GET 200 https://registry.npmjs.org/lodash.merge 165ms (cache miss)
409 silly packumentCache full:https://registry.npmjs.org/lodash.merge set size:undefined disposed:false
410 silly fetch manifest eslint-visitor-keys@^3.4.3
411 silly packumentCache full:https://registry.npmjs.org/eslint-visitor-keys cache-miss
412 http fetch GET 200 https://registry.npmjs.org/natural-compare 157ms (cache miss)
413 silly packumentCache full:https://registry.npmjs.org/natural-compare set size:undefined disposed:false
414 silly fetch manifest escape-string-regexp@^4.0.0
415 silly packumentCache full:https://registry.npmjs.org/escape-string-regexp cache-miss
416 http fetch GET 200 https://registry.npmjs.org/file-entry-cache 134ms (cache miss)
417 silly packumentCache full:https://registry.npmjs.org/file-entry-cache set size:undefined disposed:false
418 silly fetch manifest @ungap/structured-clone@^1.2.0
419 silly packumentCache full:https://registry.npmjs.org/@ungap%2fstructured-clone cache-miss
420 http fetch GET 200 https://registry.npmjs.org/glob-parent 368ms (cache miss)
421 silly packumentCache full:https://registry.npmjs.org/glob-parent set size:undefined disposed:false
422 silly fetch manifest @eslint-community/regexpp@^4.6.1
423 silly packumentCache full:https://registry.npmjs.org/@eslint-community%2fregexpp cache-miss
424 http fetch GET 200 https://registry.npmjs.org/eslint-visitor-keys 181ms (cache miss)
425 silly packumentCache full:https://registry.npmjs.org/eslint-visitor-keys set size:undefined disposed:false
426 silly fetch manifest @humanwhocodes/config-array@^0.13.0
427 silly packumentCache full:https://registry.npmjs.org/@humanwhocodes%2fconfig-array cache-miss
428 http fetch GET 200 https://registry.npmjs.org/escape-string-regexp 197ms (cache miss)
429 silly packumentCache full:https://registry.npmjs.org/escape-string-regexp set size:undefined disposed:false
430 silly fetch manifest @eslint-community/eslint-utils@^4.2.0
431 silly packumentCache full:https://registry.npmjs.org/@eslint-community%2feslint-utils cache-miss
432 http fetch GET 200 https://registry.npmjs.org/@ungap%2fstructured-clone 118ms (cache miss)
433 silly packumentCache full:https://registry.npmjs.org/@ungap%2fstructured-clone set size:undefined disposed:false
434 silly fetch manifest @humanwhocodes/module-importer@^1.0.1
435 silly packumentCache full:https://registry.npmjs.org/@humanwhocodes%2fmodule-importer cache-miss
436 http fetch GET 200 https://registry.npmjs.org/@eslint%2feslintrc 436ms (cache miss)
437 silly packumentCache full:https://registry.npmjs.org/@eslint%2feslintrc set size:undefined disposed:false
438 silly fetch manifest json-stable-stringify-without-jsonify@^1.0.1
439 silly packumentCache full:https://registry.npmjs.org/json-stable-stringify-without-jsonify cache-miss
440 http fetch GET 200 https://registry.npmjs.org/@eslint-community%2feslint-utils 156ms (cache miss)
441 silly packumentCache full:https://registry.npmjs.org/@eslint-community%2feslint-utils set size:undefined disposed:false
442 silly fetch manifest eslint-plugin-react@^7.33.2
443 silly packumentCache full:https://registry.npmjs.org/eslint-plugin-react cache-miss
444 http fetch GET 200 https://registry.npmjs.org/@humanwhocodes%2fconfig-array 238ms (cache miss)
445 silly packumentCache full:https://registry.npmjs.org/@humanwhocodes%2fconfig-array set size:undefined disposed:false
446 silly fetch manifest eslint-plugin-import@^2.28.1
447 silly packumentCache full:https://registry.npmjs.org/eslint-plugin-import cache-miss
448 http fetch GET 200 https://registry.npmjs.org/@nodelib%2ffs.walk 444ms (cache miss)
449 silly packumentCache full:https://registry.npmjs.org/@nodelib%2ffs.walk set size:undefined disposed:false
450 silly fetch manifest eslint-plugin-jsx-a11y@^6.7.1
451 silly packumentCache full:https://registry.npmjs.org/eslint-plugin-jsx-a11y cache-miss
452 http fetch GET 200 https://registry.npmjs.org/json-stable-stringify-without-jsonify 106ms (cache miss)
453 silly packumentCache full:https://registry.npmjs.org/json-stable-stringify-without-jsonify set size:undefined disposed:false
454 silly fetch manifest @rushstack/eslint-patch@^1.3.3
455 silly packumentCache full:https://registry.npmjs.org/@rushstack%2feslint-patch cache-miss
456 http fetch GET 200 https://registry.npmjs.org/@humanwhocodes%2fmodule-importer 215ms (cache miss)
457 silly packumentCache full:https://registry.npmjs.org/@humanwhocodes%2fmodule-importer set size:undefined disposed:false
458 silly fetch manifest @next/eslint-plugin-next@14.0.4
459 silly packumentCache full:https://registry.npmjs.org/@next%2feslint-plugin-next cache-miss
460 http fetch GET 200 https://registry.npmjs.org/@eslint-community%2fregexpp 371ms (cache miss)
461 silly packumentCache full:https://registry.npmjs.org/@eslint-community%2fregexpp set size:undefined disposed:false
462 silly fetch manifest @typescript-eslint/parser@^5.4.2 || ^6.0.0
463 silly packumentCache full:https://registry.npmjs.org/@typescript-eslint%2fparser cache-miss
464 http fetch GET 200 https://registry.npmjs.org/eslint-plugin-react 206ms (cache miss)
465 silly packumentCache full:https://registry.npmjs.org/eslint-plugin-react set size:undefined disposed:false
466 silly fetch manifest eslint-plugin-react-hooks@^4.5.0 || 5.0.0-canary-7118f5dd7-20230705
467 silly packumentCache full:https://registry.npmjs.org/eslint-plugin-react-hooks cache-miss
468 http fetch GET 200 https://registry.npmjs.org/minimatch 1024ms (cache miss)
469 silly packumentCache full:https://registry.npmjs.org/minimatch set size:undefined disposed:false
470 silly fetch manifest eslint-import-resolver-node@^0.3.6
471 silly packumentCache full:https://registry.npmjs.org/eslint-import-resolver-node cache-miss
472 http fetch GET 200 https://registry.npmjs.org/eslint-plugin-import 263ms (cache miss)
473 silly packumentCache full:https://registry.npmjs.org/eslint-plugin-import set size:undefined disposed:false
474 silly fetch manifest eslint-import-resolver-typescript@^3.5.2
475 silly packumentCache full:https://registry.npmjs.org/eslint-import-resolver-typescript cache-miss
476 http fetch GET 200 https://registry.npmjs.org/eslint-import-resolver-node 341ms (cache miss)
477 silly packumentCache full:https://registry.npmjs.org/eslint-import-resolver-node set size:undefined disposed:false
478 silly fetch manifest tslib@^2.4.0
479 silly packumentCache full:https://registry.npmjs.org/tslib cache-miss
480 http fetch GET 200 https://registry.npmjs.org/eslint-plugin-jsx-a11y 702ms (cache miss)
481 silly packumentCache full:https://registry.npmjs.org/eslint-plugin-jsx-a11y set size:undefined disposed:false
482 silly fetch manifest @emotion/is-prop-valid@^0.8.2
483 silly packumentCache full:https://registry.npmjs.org/@emotion%2fis-prop-valid cache-miss
484 http fetch GET 200 https://registry.npmjs.org/eslint-plugin-react-hooks 611ms (cache miss)
485 silly packumentCache full:https://registry.npmjs.org/eslint-plugin-react-hooks set size:undefined disposed:false
486 silly fetch manifest busboy@1.6.0
487 silly packumentCache full:https://registry.npmjs.org/busboy cache-miss
488 http fetch GET 200 https://registry.npmjs.org/tslib 420ms (cache miss)
489 silly packumentCache full:https://registry.npmjs.org/tslib set size:undefined disposed:false
490 silly fetch manifest postcss@8.4.31
491 silly packumentCache full:https://registry.npmjs.org/postcss cache-miss
492 http fetch GET 200 https://registry.npmjs.org/@emotion%2fis-prop-valid 305ms (cache miss)
493 silly packumentCache full:https://registry.npmjs.org/@emotion%2fis-prop-valid set size:undefined disposed:false
494 silly fetch manifest @next/env@14.0.4
495 silly packumentCache full:https://registry.npmjs.org/@next%2fenv cache-miss
496 http fetch GET 200 https://registry.npmjs.org/postcss 14ms (cache hit)
497 silly packumentCache full:https://registry.npmjs.org/postcss set size:696248 disposed:false
498 silly fetch manifest watchpack@2.4.0
499 silly packumentCache full:https://registry.npmjs.org/watchpack cache-miss
500 http fetch GET 200 https://registry.npmjs.org/@typescript-eslint%2fparser 957ms (cache miss)
501 silly packumentCache full:https://registry.npmjs.org/@typescript-eslint%2fparser set size:undefined disposed:false
502 silly fetch manifest styled-jsx@5.1.1
503 silly packumentCache full:https://registry.npmjs.org/styled-jsx cache-miss
504 http fetch GET 200 https://registry.npmjs.org/busboy 322ms (cache miss)
505 silly packumentCache full:https://registry.npmjs.org/busboy set size:undefined disposed:false
506 silly fetch manifest graceful-fs@^4.2.11
507 silly packumentCache full:https://registry.npmjs.org/graceful-fs cache-miss
508 http fetch GET 200 https://registry.npmjs.org/@rushstack%2feslint-patch 1268ms (cache miss)
509 silly packumentCache full:https://registry.npmjs.org/@rushstack%2feslint-patch set size:undefined disposed:false
510 silly fetch manifest @swc/helpers@0.5.2
511 silly packumentCache full:https://registry.npmjs.org/@swc%2fhelpers cache-miss
512 http fetch GET 200 https://registry.npmjs.org/@next%2feslint-plugin-next 1314ms (cache miss)
513 silly packumentCache full:https://registry.npmjs.org/@next%2feslint-plugin-next set size:undefined disposed:false
514 silly fetch manifest caniuse-lite@^1.0.30001406
515 silly packumentCache full:https://registry.npmjs.org/caniuse-lite cache-miss
516 http fetch GET 200 https://registry.npmjs.org/caniuse-lite 23ms (cache hit)
517 silly packumentCache full:https://registry.npmjs.org/caniuse-lite set size:2252610 disposed:false
518 silly fetch manifest @next/swc-darwin-x64@14.0.4
519 silly packumentCache full:https://registry.npmjs.org/@next%2fswc-darwin-x64 cache-miss
520 http fetch GET 200 https://registry.npmjs.org/graceful-fs 169ms (cache miss)
521 silly packumentCache full:https://registry.npmjs.org/graceful-fs set size:undefined disposed:false
522 silly fetch manifest @next/swc-darwin-arm64@14.0.4
523 silly packumentCache full:https://registry.npmjs.org/@next%2fswc-darwin-arm64 cache-miss
524 http fetch GET 200 https://registry.npmjs.org/watchpack 440ms (cache miss)
525 silly packumentCache full:https://registry.npmjs.org/watchpack set size:undefined disposed:false
526 silly fetch manifest @next/swc-linux-x64-gnu@14.0.4
527 silly packumentCache full:https://registry.npmjs.org/@next%2fswc-linux-x64-gnu cache-miss
528 http fetch GET 200 https://registry.npmjs.org/styled-jsx 220ms (cache miss)
529 silly packumentCache full:https://registry.npmjs.org/styled-jsx set size:undefined disposed:false
530 silly fetch manifest @next/swc-linux-x64-musl@14.0.4
531 silly packumentCache full:https://registry.npmjs.org/@next%2fswc-linux-x64-musl cache-miss
532 http fetch GET 200 https://registry.npmjs.org/@next%2fenv 643ms (cache miss)
533 silly packumentCache full:https://registry.npmjs.org/@next%2fenv set size:undefined disposed:false
534 silly fetch manifest @next/swc-win32-x64-msvc@14.0.4
535 silly packumentCache full:https://registry.npmjs.org/@next%2fswc-win32-x64-msvc cache-miss
536 http fetch GET 200 https://registry.npmjs.org/@swc%2fhelpers 447ms (cache miss)
537 silly packumentCache full:https://registry.npmjs.org/@swc%2fhelpers set size:undefined disposed:false
538 silly fetch manifest @next/swc-linux-arm64-gnu@14.0.4
539 silly packumentCache full:https://registry.npmjs.org/@next%2fswc-linux-arm64-gnu cache-miss
540 http fetch GET 200 https://registry.npmjs.org/@next%2fswc-darwin-x64 706ms (cache miss)
541 silly packumentCache full:https://registry.npmjs.org/@next%2fswc-darwin-x64 set size:undefined disposed:false
542 silly fetch manifest @next/swc-win32-ia32-msvc@14.0.4
543 silly packumentCache full:https://registry.npmjs.org/@next%2fswc-win32-ia32-msvc cache-miss
544 http fetch GET 200 https://registry.npmjs.org/@next%2fswc-win32-x64-msvc 1272ms (cache miss)
545 silly packumentCache full:https://registry.npmjs.org/@next%2fswc-win32-x64-msvc set size:undefined disposed:false
546 silly fetch manifest @next/swc-linux-arm64-musl@14.0.4
547 silly packumentCache full:https://registry.npmjs.org/@next%2fswc-linux-arm64-musl cache-miss
548 http fetch GET 200 https://registry.npmjs.org/@next%2fswc-linux-x64-gnu 1665ms (cache miss)
549 silly packumentCache full:https://registry.npmjs.org/@next%2fswc-linux-x64-gnu set size:undefined disposed:false
550 silly fetch manifest @next/swc-win32-arm64-msvc@14.0.4
551 silly packumentCache full:https://registry.npmjs.org/@next%2fswc-win32-arm64-msvc cache-miss
552 http fetch GET 200 https://registry.npmjs.org/@next%2fswc-linux-x64-musl 1775ms (cache miss)
553 silly packumentCache full:https://registry.npmjs.org/@next%2fswc-linux-x64-musl set size:undefined disposed:false
554 silly fetch manifest nanoid@^3.3.11
555 silly packumentCache full:https://registry.npmjs.org/nanoid cache-miss
556 http fetch GET 200 https://registry.npmjs.org/@next%2fswc-darwin-arm64 1864ms (cache miss)
557 silly packumentCache full:https://registry.npmjs.org/@next%2fswc-darwin-arm64 set size:undefined disposed:false
558 silly fetch manifest source-map-js@^1.2.1
559 silly packumentCache full:https://registry.npmjs.org/source-map-js cache-miss
560 http fetch GET 200 https://registry.npmjs.org/@next%2fswc-linux-arm64-gnu 1654ms (cache miss)
561 silly packumentCache full:https://registry.npmjs.org/@next%2fswc-linux-arm64-gnu set size:undefined disposed:false
562 silly fetch manifest loose-envify@^1.1.0
563 silly packumentCache full:https://registry.npmjs.org/loose-envify cache-miss
564 http fetch GET 200 https://registry.npmjs.org/source-map-js 82ms (cache miss)
565 silly packumentCache full:https://registry.npmjs.org/source-map-js set size:undefined disposed:false
566 silly fetch manifest scheduler@^0.23.2
567 silly packumentCache full:https://registry.npmjs.org/scheduler cache-miss
568 http fetch GET 200 https://registry.npmjs.org/nanoid 152ms (cache miss)
569 silly packumentCache full:https://registry.npmjs.org/nanoid set size:undefined disposed:false
570 silly fetch manifest loose-envify@^1.1.0
571 silly packumentCache full:https://registry.npmjs.org/loose-envify cache-miss
572 http fetch GET 200 https://registry.npmjs.org/scheduler 30ms (cache hit)
573 silly packumentCache full:https://registry.npmjs.org/scheduler set size:5378626 disposed:false
574 silly fetch manifest tsparticles-engine@^2.12.0
575 silly packumentCache full:https://registry.npmjs.org/tsparticles-engine cache-miss
576 http fetch GET 200 https://registry.npmjs.org/eslint-import-resolver-typescript 3346ms (cache miss)
577 silly packumentCache full:https://registry.npmjs.org/eslint-import-resolver-typescript set size:undefined disposed:false
578 silly fetch manifest arg@^5.0.2
579 silly packumentCache full:https://registry.npmjs.org/arg cache-miss
580 http fetch GET 200 https://registry.npmjs.org/loose-envify 126ms (cache miss)
581 silly packumentCache full:https://registry.npmjs.org/loose-envify set size:undefined disposed:false
582 silly fetch manifest dlv@^1.1.3
583 silly packumentCache full:https://registry.npmjs.org/dlv cache-miss
584 http fetch GET 200 https://registry.npmjs.org/loose-envify 155ms (cache miss)
585 silly packumentCache full:https://registry.npmjs.org/loose-envify set size:undefined disposed:false
586 silly fetch manifest jiti@^1.21.7
587 silly packumentCache full:https://registry.npmjs.org/jiti cache-miss
588 http fetch GET 200 https://registry.npmjs.org/@next%2fswc-win32-ia32-msvc 1440ms (cache miss)
589 silly packumentCache full:https://registry.npmjs.org/@next%2fswc-win32-ia32-msvc set size:undefined disposed:false
590 silly fetch manifest is-glob@^4.0.3
591 silly packumentCache full:https://registry.npmjs.org/is-glob cache-miss
592 http fetch GET 200 https://registry.npmjs.org/is-glob 5ms (cache hit)
593 silly packumentCache full:https://registry.npmjs.org/is-glob set size:40530 disposed:false
594 silly fetch manifest resolve@^1.22.8
595 silly packumentCache full:https://registry.npmjs.org/resolve cache-miss
596 http fetch GET 200 https://registry.npmjs.org/jiti 114ms (cache miss)
597 silly packumentCache full:https://registry.npmjs.org/jiti set size:undefined disposed:false
598 silly fetch manifest sucrase@^3.35.0
599 silly packumentCache full:https://registry.npmjs.org/sucrase cache-miss
600 http fetch GET 200 https://registry.npmjs.org/resolve 223ms (cache miss)
601 silly packumentCache full:https://registry.npmjs.org/resolve set size:undefined disposed:false
602 silly fetch manifest chokidar@^3.6.0
603 silly packumentCache full:https://registry.npmjs.org/chokidar cache-miss
604 http fetch GET 200 https://registry.npmjs.org/arg 306ms (cache miss)
605 silly packumentCache full:https://registry.npmjs.org/arg set size:undefined disposed:false
606 silly fetch manifest fast-glob@^3.3.2
607 silly packumentCache full:https://registry.npmjs.org/fast-glob cache-miss
608 http fetch GET 200 https://registry.npmjs.org/dlv 447ms (cache miss)
609 silly packumentCache full:https://registry.npmjs.org/dlv set size:undefined disposed:false
610 silly fetch manifest lilconfig@^3.1.3
611 silly packumentCache full:https://registry.npmjs.org/lilconfig cache-miss
612 http fetch GET 200 https://registry.npmjs.org/@next%2fswc-win32-arm64-msvc 910ms (cache miss)
613 silly packumentCache full:https://registry.npmjs.org/@next%2fswc-win32-arm64-msvc set size:undefined disposed:false
614 silly fetch manifest didyoumean@^1.2.2
615 silly packumentCache full:https://registry.npmjs.org/didyoumean cache-miss
616 http fetch GET 200 https://registry.npmjs.org/fast-glob 250ms (cache miss)
617 silly packumentCache full:https://registry.npmjs.org/fast-glob set size:undefined disposed:false
618 silly fetch manifest micromatch@^4.0.8
619 silly packumentCache full:https://registry.npmjs.org/micromatch cache-miss
620 http fetch GET 200 https://registry.npmjs.org/chokidar 281ms (cache miss)
621 silly packumentCache full:https://registry.npmjs.org/chokidar set size:undefined disposed:false
622 silly fetch manifest postcss-js@^4.0.1
623 silly packumentCache full:https://registry.npmjs.org/postcss-js cache-miss
624 http fetch GET 200 https://registry.npmjs.org/@next%2fswc-linux-arm64-musl 1161ms (cache miss)
625 silly packumentCache full:https://registry.npmjs.org/@next%2fswc-linux-arm64-musl set size:undefined disposed:false
626 silly fetch manifest object-hash@^3.0.0
627 silly packumentCache full:https://registry.npmjs.org/object-hash cache-miss
628 http fetch GET 200 https://registry.npmjs.org/micromatch 171ms (cache miss)
629 silly packumentCache full:https://registry.npmjs.org/micromatch set size:undefined disposed:false
630 silly fetch manifest normalize-path@^3.0.0
631 silly packumentCache full:https://registry.npmjs.org/normalize-path cache-miss
632 http fetch GET 200 https://registry.npmjs.org/didyoumean 199ms (cache miss)
633 silly packumentCache full:https://registry.npmjs.org/didyoumean set size:undefined disposed:false
634 silly fetch manifest postcss-import@^15.1.0
635 silly packumentCache full:https://registry.npmjs.org/postcss-import cache-miss
636 http fetch GET 200 https://registry.npmjs.org/object-hash 130ms (cache miss)
637 silly packumentCache full:https://registry.npmjs.org/object-hash set size:undefined disposed:false
638 silly fetch manifest postcss-nested@^6.2.0
639 silly packumentCache full:https://registry.npmjs.org/postcss-nested cache-miss
640 http fetch GET 200 https://registry.npmjs.org/tsparticles-engine 803ms (cache miss)
641 silly packumentCache full:https://registry.npmjs.org/tsparticles-engine set size:undefined disposed:false
642 silly fetch manifest @alloc/quick-lru@^5.2.0
643 silly packumentCache full:https://registry.npmjs.org/@alloc%2fquick-lru cache-miss
644 http fetch GET 200 https://registry.npmjs.org/sucrase 644ms (cache miss)
645 silly packumentCache full:https://registry.npmjs.org/sucrase set size:undefined disposed:false
646 silly fetch manifest postcss-load-config@^4.0.2 || ^5.0 || ^6.0
647 silly packumentCache full:https://registry.npmjs.org/postcss-load-config cache-miss
648 http fetch GET 200 https://registry.npmjs.org/normalize-path 71ms (cache miss)
649 silly packumentCache full:https://registry.npmjs.org/normalize-path set size:undefined disposed:false
650 silly fetch manifest postcss-selector-parser@^6.1.2
651 silly packumentCache full:https://registry.npmjs.org/postcss-selector-parser cache-miss
652 http fetch GET 200 https://registry.npmjs.org/postcss-load-config 105ms (cache miss)
653 silly packumentCache full:https://registry.npmjs.org/postcss-load-config set size:undefined disposed:false
654 silly fetch manifest tsparticles-slim@^2.12.0
655 silly packumentCache full:https://registry.npmjs.org/tsparticles-slim cache-miss
656 http fetch GET 200 https://registry.npmjs.org/lilconfig 489ms (cache miss)
657 silly packumentCache full:https://registry.npmjs.org/lilconfig set size:undefined disposed:false
658 silly fetch manifest tsparticles-updater-roll@^2.12.0
659 silly packumentCache full:https://registry.npmjs.org/tsparticles-updater-roll cache-miss
660 http fetch GET 200 https://registry.npmjs.org/@alloc%2fquick-lru 178ms (cache miss)
661 silly packumentCache full:https://registry.npmjs.org/@alloc%2fquick-lru set size:undefined disposed:false
662 silly fetch manifest tsparticles-updater-tilt@^2.12.0
663 silly packumentCache full:https://registry.npmjs.org/tsparticles-updater-tilt cache-miss
664 http fetch GET 200 https://registry.npmjs.org/postcss-js 386ms (cache miss)
665 silly packumentCache full:https://registry.npmjs.org/postcss-js set size:undefined disposed:false
666 silly fetch manifest tsparticles-updater-wobble@^2.12.0
667 silly packumentCache full:https://registry.npmjs.org/tsparticles-updater-wobble cache-miss
668 http fetch GET 200 https://registry.npmjs.org/postcss-import 206ms (cache miss)
669 silly packumentCache full:https://registry.npmjs.org/postcss-import set size:undefined disposed:false
670 silly fetch manifest tsparticles-plugin-emitters@^2.12.0
671 silly packumentCache full:https://registry.npmjs.org/tsparticles-plugin-emitters cache-miss
672 http fetch GET 200 https://registry.npmjs.org/postcss-nested 204ms (cache miss)
673 silly packumentCache full:https://registry.npmjs.org/postcss-nested set size:undefined disposed:false
674 silly fetch manifest tsparticles-updater-destroy@^2.12.0
675 silly packumentCache full:https://registry.npmjs.org/tsparticles-updater-destroy cache-miss
676 http fetch GET 200 https://registry.npmjs.org/tsparticles-plugin-emitters 171ms (cache miss)
677 silly packumentCache full:https://registry.npmjs.org/tsparticles-plugin-emitters set size:undefined disposed:false
678 silly fetch manifest tsparticles-updater-twinkle@^2.12.0
679 silly packumentCache full:https://registry.npmjs.org/tsparticles-updater-twinkle cache-miss
680 http fetch GET 200 https://registry.npmjs.org/postcss-selector-parser 372ms (cache miss)
681 silly packumentCache full:https://registry.npmjs.org/postcss-selector-parser set size:undefined disposed:false
682 silly fetch manifest tsparticles-plugin-absorbers@^2.12.0
683 silly packumentCache full:https://registry.npmjs.org/tsparticles-plugin-absorbers cache-miss
684 http fetch GET 200 https://registry.npmjs.org/tsparticles-slim 390ms (cache miss)
685 silly packumentCache full:https://registry.npmjs.org/tsparticles-slim set size:undefined disposed:false
686 silly fetch manifest tsparticles-interaction-external-trail@^2.12.0
687 silly packumentCache full:https://registry.npmjs.org/tsparticles-interaction-external-trail cache-miss
688 http fetch GET 200 https://registry.npmjs.org/tsparticles-updater-twinkle 247ms (cache miss)
689 silly packumentCache full:https://registry.npmjs.org/tsparticles-updater-twinkle set size:undefined disposed:false
690 http fetch GET 200 https://registry.npmjs.org/tsparticles-updater-destroy 494ms (cache miss)
691 silly packumentCache full:https://registry.npmjs.org/tsparticles-updater-destroy set size:undefined disposed:false
692 http fetch GET 200 https://registry.npmjs.org/tsparticles-interaction-external-trail 380ms (cache miss)
693 silly packumentCache full:https://registry.npmjs.org/tsparticles-interaction-external-trail set size:undefined disposed:false
694 http fetch GET 200 https://registry.npmjs.org/tsparticles-updater-wobble 744ms (cache miss)
695 silly packumentCache full:https://registry.npmjs.org/tsparticles-updater-wobble set size:undefined disposed:false
696 http fetch GET 200 https://registry.npmjs.org/tsparticles-updater-roll 941ms (cache miss)
697 silly packumentCache full:https://registry.npmjs.org/tsparticles-updater-roll set size:undefined disposed:false
698 http fetch GET 200 https://registry.npmjs.org/tsparticles-updater-tilt 953ms (cache miss)
699 silly packumentCache full:https://registry.npmjs.org/tsparticles-updater-tilt set size:undefined disposed:false
700 http fetch GET 200 https://registry.npmjs.org/tsparticles-plugin-absorbers 945ms (cache miss)
701 silly packumentCache full:https://registry.npmjs.org/tsparticles-plugin-absorbers set size:undefined disposed:false
702 silly placeDep ROOT @babel/runtime@7.28.6 OK for: @react-three/drei@9.122.0 want: ^7.26.0
703 silly placeDep ROOT @mediapipe/tasks-vision@0.10.17 OK for: @react-three/drei@9.122.0 want: 0.10.17
704 silly placeDep ROOT @monogrid/gainmap-js@3.4.0 OK for: @react-three/drei@9.122.0 want: ^3.0.6
705 silly placeDep ROOT @react-spring/three@9.7.5 OK for: @react-three/drei@9.122.0 want: ~9.7.5
706 silly placeDep ROOT @use-gesture/react@10.3.1 OK for: @react-three/drei@9.122.0 want: ^10.3.1
707 silly placeDep ROOT camera-controls@2.10.1 OK for: @react-three/drei@9.122.0 want: ^2.9.0
708 silly placeDep ROOT cross-env@7.0.3 OK for: @react-three/drei@9.122.0 want: ^7.0.3
709 silly placeDep ROOT detect-gpu@5.0.70 OK for: @react-three/drei@9.122.0 want: ^5.0.56
710 silly placeDep ROOT glsl-noise@0.0.0 OK for: @react-three/drei@9.122.0 want: ^0.0.0
711 silly placeDep ROOT hls.js@1.6.15 OK for: @react-three/drei@9.122.0 want: ^1.5.17
712 silly placeDep ROOT maath@0.10.8 OK for: @react-three/drei@9.122.0 want: ^0.10.8
713 silly placeDep ROOT meshline@3.3.1 OK for: @react-three/drei@9.122.0 want: ^3.3.1
714 silly placeDep ROOT react-composer@5.0.3 OK for: @react-three/drei@9.122.0 want: ^5.0.3
715 silly placeDep ROOT stats-gl@2.4.2 OK for: @react-three/drei@9.122.0 want: ^2.2.8
716 silly placeDep ROOT stats.js@0.17.0 OK for: @react-three/drei@9.122.0 want: ^0.17.0
717 silly placeDep ROOT suspend-react@0.1.3 OK for: @react-three/drei@9.122.0 want: ^0.1.3
718 silly placeDep ROOT three-mesh-bvh@0.7.8 OK for: @react-three/drei@9.122.0 want: ^0.7.8
719 silly placeDep ROOT three-stdlib@2.36.1 OK for: @react-three/drei@9.122.0 want: ^2.35.6
720 silly placeDep ROOT troika-three-text@0.52.4 OK for: @react-three/drei@9.122.0 want: ^0.52.0
721 silly placeDep ROOT tunnel-rat@0.1.2 OK for: @react-three/drei@9.122.0 want: ^0.1.2
722 silly placeDep ROOT utility-types@3.11.0 OK for: @react-three/drei@9.122.0 want: ^3.11.0
723 silly placeDep ROOT zustand@5.0.11 OK for: @react-three/drei@9.122.0 want: ^5.0.1
724 silly fetch manifest promise-worker-transferable@^1.0.4
725 silly packumentCache full:https://registry.npmjs.org/promise-worker-transferable cache-miss
726 silly fetch manifest @react-spring/core@~9.7.5
727 silly packumentCache full:https://registry.npmjs.org/@react-spring%2fcore cache-miss
728 silly fetch manifest @react-spring/types@~9.7.5
729 silly packumentCache full:https://registry.npmjs.org/@react-spring%2ftypes cache-miss
730 silly fetch manifest @react-spring/shared@~9.7.5
731 silly packumentCache full:https://registry.npmjs.org/@react-spring%2fshared cache-miss
732 silly fetch manifest @react-spring/animated@~9.7.5
733 silly packumentCache full:https://registry.npmjs.org/@react-spring%2fanimated cache-miss
734 silly fetch manifest @use-gesture/core@10.3.1
735 silly packumentCache full:https://registry.npmjs.org/@use-gesture%2fcore cache-miss
736 silly fetch manifest cross-spawn@^7.0.1
737 silly packumentCache full:https://registry.npmjs.org/cross-spawn cache-miss
738 http fetch GET 200 https://registry.npmjs.org/cross-spawn 15ms (cache hit)
739 silly packumentCache full:https://registry.npmjs.org/cross-spawn set size:109066 disposed:false
740 silly fetch manifest webgl-constants@^1.1.1
741 silly packumentCache full:https://registry.npmjs.org/webgl-constants cache-miss
742 http fetch GET 200 https://registry.npmjs.org/promise-worker-transferable 425ms (cache miss)
743 silly packumentCache full:https://registry.npmjs.org/promise-worker-transferable set size:undefined disposed:false
744 silly fetch manifest prop-types@^15.6.0
745 silly packumentCache full:https://registry.npmjs.org/prop-types cache-miss
746 http fetch GET 200 https://registry.npmjs.org/webgl-constants 407ms (cache miss)
747 silly packumentCache full:https://registry.npmjs.org/webgl-constants set size:undefined disposed:false
748 silly fetch manifest three@^0.170.0
749 silly packumentCache full:https://registry.npmjs.org/three cache-miss
750 http fetch GET 200 https://registry.npmjs.org/three 6ms (cache hit)
751 silly packumentCache full:https://registry.npmjs.org/three set size:910018 disposed:false
752 silly fetch manifest @types/draco3d@^1.4.0
753 silly packumentCache full:https://registry.npmjs.org/@types%2fdraco3d cache-miss
754 http fetch GET 200 https://registry.npmjs.org/prop-types 78ms (cache miss)
755 silly packumentCache full:https://registry.npmjs.org/prop-types set size:undefined disposed:false
756 silly fetch manifest @types/offscreencanvas@^2019.6.4
757 silly packumentCache full:https://registry.npmjs.org/@types%2foffscreencanvas cache-miss
758 http fetch GET 200 https://registry.npmjs.org/@types%2fdraco3d 461ms (cache miss)
759 silly packumentCache full:https://registry.npmjs.org/@types%2fdraco3d set size:undefined disposed:false
760 silly fetch manifest @types/webxr@^0.5.2
761 silly packumentCache full:https://registry.npmjs.org/@types%2fwebxr cache-miss
762 http fetch GET 200 https://registry.npmjs.org/@types%2fwebxr 4ms (cache hit)
763 silly packumentCache full:https://registry.npmjs.org/@types%2fwebxr set size:64472 disposed:false
764 silly fetch manifest draco3d@^1.4.1
765 silly packumentCache full:https://registry.npmjs.org/draco3d cache-miss
766 http fetch GET 200 https://registry.npmjs.org/@react-spring%2ftypes 1245ms (cache miss)
767 silly packumentCache full:https://registry.npmjs.org/@react-spring%2ftypes set size:undefined disposed:false
768 silly fetch manifest fflate@^0.6.9
769 silly packumentCache full:https://registry.npmjs.org/fflate cache-miss
770 http fetch GET 200 https://registry.npmjs.org/@react-spring%2fanimated 1250ms (cache miss)
771 silly packumentCache full:https://registry.npmjs.org/@react-spring%2fanimated set size:undefined disposed:false
772 silly fetch manifest potpack@^1.0.1
773 silly packumentCache full:https://registry.npmjs.org/potpack cache-miss
774 http fetch GET 200 https://registry.npmjs.org/@react-spring%2fshared 1261ms (cache miss)
775 silly packumentCache full:https://registry.npmjs.org/@react-spring%2fshared set size:undefined disposed:false
776 silly fetch manifest bidi-js@^1.0.2
777 silly packumentCache full:https://registry.npmjs.org/bidi-js cache-miss
778 http fetch GET 200 https://registry.npmjs.org/fflate 19ms (cache hit)
779 silly packumentCache full:https://registry.npmjs.org/fflate set size:230492 disposed:false
780 silly fetch manifest troika-three-utils@^0.52.4
781 silly packumentCache full:https://registry.npmjs.org/troika-three-utils cache-miss
782 http fetch GET 200 https://registry.npmjs.org/draco3d 454ms (cache miss)
783 silly packumentCache full:https://registry.npmjs.org/draco3d set size:undefined disposed:false
784 silly fetch manifest troika-worker-utils@^0.52.0
785 silly packumentCache full:https://registry.npmjs.org/troika-worker-utils cache-miss
786 http fetch GET 200 https://registry.npmjs.org/@use-gesture%2fcore 1449ms (cache miss)
787 silly packumentCache full:https://registry.npmjs.org/@use-gesture%2fcore set size:undefined disposed:false
788 silly fetch manifest webgl-sdf-generator@1.1.1
789 silly packumentCache full:https://registry.npmjs.org/webgl-sdf-generator cache-miss
790 http fetch GET 200 https://registry.npmjs.org/troika-worker-utils 164ms (cache miss)
791 silly packumentCache full:https://registry.npmjs.org/troika-worker-utils set size:undefined disposed:false
792 silly fetch manifest zustand@^4.3.2
793 silly packumentCache full:https://registry.npmjs.org/zustand cache-hit
794 http fetch GET 200 https://registry.npmjs.org/troika-three-utils 364ms (cache miss)
795 silly packumentCache full:https://registry.npmjs.org/troika-three-utils set size:undefined disposed:false
796 http fetch GET 200 https://registry.npmjs.org/@types%2foffscreencanvas 1140ms (cache miss)
797 silly packumentCache full:https://registry.npmjs.org/@types%2foffscreencanvas set size:undefined disposed:false
798 http fetch GET 200 https://registry.npmjs.org/bidi-js 525ms (cache miss)
799 silly packumentCache full:https://registry.npmjs.org/bidi-js set size:undefined disposed:false
800 http fetch GET 200 https://registry.npmjs.org/webgl-sdf-generator 373ms (cache miss)
801 silly packumentCache full:https://registry.npmjs.org/webgl-sdf-generator set size:undefined disposed:false
802 http fetch GET 200 https://registry.npmjs.org/@react-spring%2fcore 1919ms (cache miss)
803 silly packumentCache full:https://registry.npmjs.org/@react-spring%2fcore set size:undefined disposed:false
804 http fetch GET 200 https://registry.npmjs.org/potpack 846ms (cache miss)
805 silly packumentCache full:https://registry.npmjs.org/potpack set size:undefined disposed:false
806 silly placeDep ROOT promise-worker-transferable@1.0.4 OK for: @monogrid/gainmap-js@3.4.0 want: ^1.0.4
807 silly fetch manifest is-promise@^2.1.0
808 silly packumentCache full:https://registry.npmjs.org/is-promise cache-miss
809 silly fetch manifest lie@^3.0.2
810 silly packumentCache full:https://registry.npmjs.org/lie cache-miss
811 http fetch GET 200 https://registry.npmjs.org/lie 143ms (cache miss)
812 silly packumentCache full:https://registry.npmjs.org/lie set size:undefined disposed:false
813 http fetch GET 200 https://registry.npmjs.org/is-promise 180ms (cache miss)
814 silly packumentCache full:https://registry.npmjs.org/is-promise set size:undefined disposed:false
815 silly placeDep ROOT @react-spring/animated@9.7.5 OK for: @react-spring/three@9.7.5 want: ~9.7.5
816 silly placeDep ROOT @react-spring/core@9.7.5 OK for: @react-spring/three@9.7.5 want: ~9.7.5
817 silly placeDep ROOT @react-spring/shared@9.7.5 OK for: @react-spring/three@9.7.5 want: ~9.7.5
818 silly placeDep ROOT @react-spring/types@9.7.5 OK for: @react-spring/three@9.7.5 want: ~9.7.5
819 silly fetch manifest @react-spring/rafz@~9.7.5
820 silly packumentCache full:https://registry.npmjs.org/@react-spring%2frafz cache-miss
821 http fetch GET 200 https://registry.npmjs.org/@react-spring%2frafz 1271ms (cache miss)
822 silly packumentCache full:https://registry.npmjs.org/@react-spring%2frafz set size:undefined disposed:false
823 silly placeDep ROOT @react-spring/rafz@9.7.5 OK for: @react-spring/shared@9.7.5 want: ~9.7.5
824 silly placeDep ROOT @types/react-reconciler@0.26.7 OK for: @react-three/fiber@8.18.0 want: ^0.26.7
825 silly placeDep ROOT @types/webxr@0.5.24 OK for: @react-three/fiber@8.18.0 want: *
826 silly placeDep ROOT base64-js@1.5.1 OK for: @react-three/fiber@8.18.0 want: ^1.5.1
827 silly placeDep ROOT buffer@6.0.3 OK for: @react-three/fiber@8.18.0 want: ^6.0.3
828 silly placeDep ROOT its-fine@1.2.5 OK for: @react-three/fiber@8.18.0 want: ^1.0.6
829 silly placeDep ROOT react-reconciler@0.27.0 OK for: @react-three/fiber@8.18.0 want: ^0.27.0
830 silly placeDep ROOT react-use-measure@2.1.7 OK for: @react-three/fiber@8.18.0 want: ^2.1.7
831 silly placeDep ROOT scheduler@0.21.0 OK for: @react-three/fiber@8.18.0 want: ^0.21.0
832 silly placeDep node_modules/@react-three/fiber zustand@3.7.2 OK for: @react-three/fiber@8.18.0 want: ^3.7.1
833 silly fetch manifest ieee754@^1.2.1
834 silly packumentCache full:https://registry.npmjs.org/ieee754 cache-miss
835 silly fetch manifest @types/react-reconciler@^0.28.0
836 silly packumentCache full:https://registry.npmjs.org/@types%2freact-reconciler cache-miss
837 http fetch GET 200 https://registry.npmjs.org/@types%2freact-reconciler 7ms (cache hit)
838 silly packumentCache full:https://registry.npmjs.org/@types%2freact-reconciler set size:61372 disposed:false
839 http fetch GET 200 https://registry.npmjs.org/ieee754 67ms (cache miss)
840 silly packumentCache full:https://registry.npmjs.org/ieee754 set size:undefined disposed:false
841 silly placeDep ROOT undici-types@6.21.0 OK for: @types/node@20.19.33 want: ~6.21.0
842 silly placeDep ROOT @types/prop-types@15.7.15 OK for: @types/react@18.3.28 want: *
843 silly placeDep ROOT csstype@3.2.3 OK for: @types/react@18.3.28 want: ^3.2.2
844 silly placeDep ROOT @types/stats.js@0.17.4 OK for: @types/three@0.159.0 want: *
845 silly placeDep ROOT fflate@0.6.10 OK for: @types/three@0.159.0 want: ~0.6.10
846 silly placeDep ROOT meshoptimizer@0.18.1 OK for: @types/three@0.159.0 want: ~0.18.1
847 silly placeDep ROOT @use-gesture/core@10.3.1 OK for: @use-gesture/react@10.3.1 want: 10.3.1
848 silly placeDep ROOT browserslist@4.28.1 OK for: autoprefixer@10.4.24 want: ^4.28.1
849 silly placeDep ROOT caniuse-lite@1.0.30001769 OK for: autoprefixer@10.4.24 want: ^1.0.30001766
850 silly placeDep ROOT fraction.js@5.3.4 OK for: autoprefixer@10.4.24 want: ^5.3.4
851 silly placeDep ROOT picocolors@1.1.1 OK for: autoprefixer@10.4.24 want: ^1.1.1
852 silly placeDep ROOT postcss-value-parser@4.2.0 OK for: autoprefixer@10.4.24 want: ^4.2.0
853 silly fetch manifest baseline-browser-mapping@^2.9.0
854 silly packumentCache full:https://registry.npmjs.org/baseline-browser-mapping cache-miss
855 silly fetch manifest caniuse-lite@^1.0.30001759
856 silly packumentCache full:https://registry.npmjs.org/caniuse-lite cache-miss
857 silly fetch manifest electron-to-chromium@^1.5.263
858 silly packumentCache full:https://registry.npmjs.org/electron-to-chromium cache-miss
859 silly fetch manifest node-releases@^2.0.27
860 silly packumentCache full:https://registry.npmjs.org/node-releases cache-miss
861 silly fetch manifest update-browserslist-db@^1.2.0
862 silly packumentCache full:https://registry.npmjs.org/update-browserslist-db cache-miss
863 http fetch GET 200 https://registry.npmjs.org/caniuse-lite 21ms (cache hit)
864 silly packumentCache full:https://registry.npmjs.org/caniuse-lite set size:2252610 disposed:false
865 http fetch GET 200 https://registry.npmjs.org/node-releases 81ms (cache miss)
866 silly packumentCache full:https://registry.npmjs.org/node-releases set size:undefined disposed:false
867 http fetch GET 200 https://registry.npmjs.org/update-browserslist-db 95ms (cache miss)
868 silly packumentCache full:https://registry.npmjs.org/update-browserslist-db set size:undefined disposed:false
869 http fetch GET 200 https://registry.npmjs.org/baseline-browser-mapping 122ms (cache miss)
870 silly packumentCache full:https://registry.npmjs.org/baseline-browser-mapping set size:undefined disposed:false
871 http fetch GET 200 https://registry.npmjs.org/electron-to-chromium 9625ms (cache miss)
872 silly packumentCache full:https://registry.npmjs.org/electron-to-chromium set size:undefined disposed:false
873 silly placeDep ROOT baseline-browser-mapping@2.9.19 OK for: browserslist@4.28.1 want: ^2.9.0
874 silly placeDep ROOT electron-to-chromium@1.5.286 OK for: browserslist@4.28.1 want: ^1.5.263
875 silly placeDep ROOT node-releases@2.0.27 OK for: browserslist@4.28.1 want: ^2.0.27
876 silly placeDep ROOT update-browserslist-db@1.2.3 OK for: browserslist@4.28.1 want: ^1.2.0
877 silly fetch manifest escalade@^3.2.0
878 silly packumentCache full:https://registry.npmjs.org/escalade cache-miss
879 http fetch GET 200 https://registry.npmjs.org/escalade 263ms (cache miss)
880 silly packumentCache full:https://registry.npmjs.org/escalade set size:undefined disposed:false
881 silly placeDep ROOT ieee754@1.2.1 OK for: buffer@6.0.3 want: ^1.2.1
882 silly placeDep ROOT cross-spawn@7.0.6 OK for: cross-env@7.0.3 want: ^7.0.1
883 silly fetch manifest which@^2.0.1
884 silly packumentCache full:https://registry.npmjs.org/which cache-miss
885 silly fetch manifest path-key@^3.1.0
886 silly packumentCache full:https://registry.npmjs.org/path-key cache-miss
887 silly fetch manifest shebang-command@^2.0.0
888 silly packumentCache full:https://registry.npmjs.org/shebang-command cache-miss
889 http fetch GET 200 https://registry.npmjs.org/shebang-command 172ms (cache miss)
890 silly packumentCache full:https://registry.npmjs.org/shebang-command set size:undefined disposed:false
891 http fetch GET 200 https://registry.npmjs.org/path-key 180ms (cache miss)
892 silly packumentCache full:https://registry.npmjs.org/path-key set size:undefined disposed:false
893 http fetch GET 200 https://registry.npmjs.org/which 509ms (cache miss)
894 silly packumentCache full:https://registry.npmjs.org/which set size:undefined disposed:false
895 silly placeDep ROOT path-key@3.1.1 OK for: cross-spawn@7.0.6 want: ^3.1.0
896 silly placeDep ROOT shebang-command@2.0.0 OK for: cross-spawn@7.0.6 want: ^2.0.0
897 silly placeDep ROOT which@2.0.2 OK for: cross-spawn@7.0.6 want: ^2.0.1
898 silly fetch manifest shebang-regex@^3.0.0
899 silly packumentCache full:https://registry.npmjs.org/shebang-regex cache-miss
900 silly fetch manifest isexe@^2.0.0
901 silly packumentCache full:https://registry.npmjs.org/isexe cache-miss
902 http fetch GET 200 https://registry.npmjs.org/shebang-regex 119ms (cache miss)
903 silly packumentCache full:https://registry.npmjs.org/shebang-regex set size:undefined disposed:false
904 http fetch GET 200 https://registry.npmjs.org/isexe 1191ms (cache miss)
905 silly packumentCache full:https://registry.npmjs.org/isexe set size:undefined disposed:false
906 silly placeDep ROOT webgl-constants@1.1.1 OK for: detect-gpu@5.0.70 want: ^1.1.1
907 silly placeDep ROOT @eslint-community/eslint-utils@4.9.1 OK for: eslint@8.57.1 want: ^4.2.0
908 silly placeDep ROOT @eslint-community/regexpp@4.12.2 OK for: eslint@8.57.1 want: ^4.6.1
909 silly placeDep ROOT @eslint/eslintrc@2.1.4 OK for: eslint@8.57.1 want: ^2.1.4
910 silly placeDep ROOT @eslint/js@8.57.1 OK for: eslint@8.57.1 want: 8.57.1
911 silly placeDep ROOT @humanwhocodes/config-array@0.13.0 OK for: eslint@8.57.1 want: ^0.13.0
912 silly placeDep ROOT @humanwhocodes/module-importer@1.0.1 OK for: eslint@8.57.1 want: ^1.0.1
913 silly placeDep ROOT @nodelib/fs.walk@1.2.8 OK for: eslint@8.57.1 want: ^1.2.8
914 silly placeDep ROOT @ungap/structured-clone@1.3.0 OK for: eslint@8.57.1 want: ^1.2.0
915 silly placeDep ROOT ajv@6.12.6 OK for: eslint@8.57.1 want: ^6.12.4
916 silly placeDep ROOT chalk@4.1.2 OK for: eslint@8.57.1 want: ^4.0.0
917 silly placeDep ROOT debug@4.4.3 OK for: eslint@8.57.1 want: ^4.3.2
918 silly placeDep ROOT doctrine@3.0.0 OK for: eslint@8.57.1 want: ^3.0.0
919 silly placeDep ROOT escape-string-regexp@4.0.0 OK for: eslint@8.57.1 want: ^4.0.0
920 silly placeDep ROOT eslint-scope@7.2.2 OK for: eslint@8.57.1 want: ^7.2.2
921 silly placeDep ROOT eslint-visitor-keys@3.4.3 OK for: eslint@8.57.1 want: ^3.4.3
922 silly placeDep ROOT espree@9.6.1 OK for: eslint@8.57.1 want: ^9.6.1
923 silly placeDep ROOT esquery@1.7.0 OK for: eslint@8.57.1 want: ^1.4.2
924 silly placeDep ROOT esutils@2.0.3 OK for: eslint@8.57.1 want: ^2.0.2
925 silly placeDep ROOT fast-deep-equal@3.1.3 OK for: eslint@8.57.1 want: ^3.1.3
926 silly placeDep ROOT file-entry-cache@6.0.1 OK for: eslint@8.57.1 want: ^6.0.1
927 silly placeDep ROOT find-up@5.0.0 OK for: eslint@8.57.1 want: ^5.0.0
928 silly placeDep ROOT glob-parent@6.0.2 OK for: eslint@8.57.1 want: ^6.0.2
929 silly placeDep ROOT globals@13.24.0 OK for: eslint@8.57.1 want: ^13.19.0
930 silly placeDep ROOT graphemer@1.4.0 OK for: eslint@8.57.1 want: ^1.4.0
931 silly placeDep ROOT ignore@5.3.2 OK for: eslint@8.57.1 want: ^5.2.0
932 silly placeDep ROOT imurmurhash@0.1.4 OK for: eslint@8.57.1 want: ^0.1.4
933 silly placeDep ROOT is-glob@4.0.3 OK for: eslint@8.57.1 want: ^4.0.0
934 silly placeDep ROOT is-path-inside@3.0.3 OK for: eslint@8.57.1 want: ^3.0.3
935 silly placeDep ROOT js-yaml@4.1.1 OK for: eslint@8.57.1 want: ^4.1.0
936 silly placeDep ROOT json-stable-stringify-without-jsonify@1.0.1 OK for: eslint@8.57.1 want: ^1.0.1
937 silly placeDep ROOT levn@0.4.1 OK for: eslint@8.57.1 want: ^0.4.1
938 silly placeDep ROOT lodash.merge@4.6.2 OK for: eslint@8.57.1 want: ^4.6.2
939 silly placeDep ROOT minimatch@3.1.2 OK for: eslint@8.57.1 want: ^3.1.2
940 silly placeDep ROOT natural-compare@1.4.0 OK for: eslint@8.57.1 want: ^1.4.0
941 silly placeDep ROOT optionator@0.9.4 OK for: eslint@8.57.1 want: ^0.9.3
942 silly placeDep ROOT strip-ansi@6.0.1 OK for: eslint@8.57.1 want: ^6.0.1
943 silly placeDep ROOT text-table@0.2.0 OK for: eslint@8.57.1 want: ^0.2.0
944 silly fetch manifest espree@^9.6.0
945 silly packumentCache full:https://registry.npmjs.org/espree cache-miss
946 silly fetch manifest import-fresh@^3.2.1
947 silly packumentCache full:https://registry.npmjs.org/import-fresh cache-miss
948 silly fetch manifest strip-json-comments@^3.1.1
949 silly packumentCache full:https://registry.npmjs.org/strip-json-comments cache-miss
950 silly fetch manifest debug@^4.3.1
951 silly packumentCache full:https://registry.npmjs.org/debug cache-miss
952 silly fetch manifest minimatch@^3.0.5
953 silly packumentCache full:https://registry.npmjs.org/minimatch cache-miss
954 silly fetch manifest @humanwhocodes/object-schema@^2.0.3
955 silly packumentCache full:https://registry.npmjs.org/@humanwhocodes%2fobject-schema cache-miss
956 silly fetch manifest fastq@^1.6.0
957 silly packumentCache full:https://registry.npmjs.org/fastq cache-miss
958 http fetch GET 200 https://registry.npmjs.org/minimatch 21ms (cache hit)
959 silly packumentCache full:https://registry.npmjs.org/minimatch set size:306302 disposed:false
960 silly fetch manifest @nodelib/fs.scandir@2.1.5
961 silly packumentCache full:https://registry.npmjs.org/@nodelib%2ffs.scandir cache-miss
962 http fetch GET 200 https://registry.npmjs.org/debug 32ms (cache hit)
963 silly packumentCache full:https://registry.npmjs.org/debug set size:195840 disposed:false
964 silly fetch manifest uri-js@^4.2.2
965 silly packumentCache full:https://registry.npmjs.org/uri-js cache-miss
966 http fetch GET 200 https://registry.npmjs.org/espree 52ms (cache hit)
967 silly packumentCache full:https://registry.npmjs.org/espree set size:320553 disposed:false
968 silly fetch manifest fast-deep-equal@^3.1.1
969 silly packumentCache full:https://registry.npmjs.org/fast-deep-equal cache-miss
970 http fetch GET 200 https://registry.npmjs.org/fast-deep-equal 6ms (cache hit)
971 silly packumentCache full:https://registry.npmjs.org/fast-deep-equal set size:48634 disposed:false
972 silly fetch manifest json-schema-traverse@^0.4.1
973 silly packumentCache full:https://registry.npmjs.org/json-schema-traverse cache-miss
974 http fetch GET 200 https://registry.npmjs.org/fastq 88ms (cache miss)
975 silly packumentCache full:https://registry.npmjs.org/fastq set size:undefined disposed:false
976 silly fetch manifest fast-json-stable-stringify@^2.0.0
977 silly packumentCache full:https://registry.npmjs.org/fast-json-stable-stringify cache-miss
978 http fetch GET 200 https://registry.npmjs.org/json-schema-traverse 107ms (cache miss)
979 silly packumentCache full:https://registry.npmjs.org/json-schema-traverse set size:undefined disposed:false
980 silly fetch manifest ansi-styles@^4.1.0
981 silly packumentCache full:https://registry.npmjs.org/ansi-styles cache-miss
982 http fetch GET 200 https://registry.npmjs.org/@humanwhocodes%2fobject-schema 168ms (cache miss)
983 silly packumentCache full:https://registry.npmjs.org/@humanwhocodes%2fobject-schema set size:undefined disposed:false
984 silly fetch manifest supports-color@^7.1.0
985 silly packumentCache full:https://registry.npmjs.org/supports-color cache-miss
986 http fetch GET 200 https://registry.npmjs.org/uri-js 137ms (cache miss)
987 silly packumentCache full:https://registry.npmjs.org/uri-js set size:undefined disposed:false
988 silly fetch manifest ms@^2.1.3
989 silly packumentCache full:https://registry.npmjs.org/ms cache-miss
990 http fetch GET 200 https://registry.npmjs.org/@nodelib%2ffs.scandir 152ms (cache miss)
991 silly packumentCache full:https://registry.npmjs.org/@nodelib%2ffs.scandir set size:undefined disposed:false
992 silly fetch manifest esrecurse@^4.3.0
993 silly packumentCache full:https://registry.npmjs.org/esrecurse cache-miss
994 http fetch GET 200 https://registry.npmjs.org/fast-json-stable-stringify 118ms (cache miss)
995 silly packumentCache full:https://registry.npmjs.org/fast-json-stable-stringify set size:undefined disposed:false
996 silly fetch manifest estraverse@^5.2.0
997 silly packumentCache full:https://registry.npmjs.org/estraverse cache-miss
998 http fetch GET 200 https://registry.npmjs.org/ansi-styles 71ms (cache miss)
999 silly packumentCache full:https://registry.npmjs.org/ansi-styles set size:undefined disposed:false
1000 silly fetch manifest acorn@^8.9.0
1001 silly packumentCache full:https://registry.npmjs.org/acorn cache-miss
1002 http fetch GET 200 https://registry.npmjs.org/strip-json-comments 251ms (cache miss)
1003 silly packumentCache full:https://registry.npmjs.org/strip-json-comments set size:undefined disposed:false
1004 silly fetch manifest acorn-jsx@^5.3.2
1005 silly packumentCache full:https://registry.npmjs.org/acorn-jsx cache-miss
1006 http fetch GET 200 https://registry.npmjs.org/esrecurse 83ms (cache miss)
1007 silly packumentCache full:https://registry.npmjs.org/esrecurse set size:undefined disposed:false
1008 silly fetch manifest estraverse@^5.1.0
1009 silly packumentCache full:https://registry.npmjs.org/estraverse cache-miss
1010 http fetch GET 200 https://registry.npmjs.org/supports-color 109ms (cache miss)
1011 silly packumentCache full:https://registry.npmjs.org/supports-color set size:undefined disposed:false
1012 silly fetch manifest flat-cache@^3.0.4
1013 silly packumentCache full:https://registry.npmjs.org/flat-cache cache-miss
1014 http fetch GET 200 https://registry.npmjs.org/estraverse 102ms (cache miss)
1015 silly packumentCache full:https://registry.npmjs.org/estraverse set size:undefined disposed:false
1016 silly fetch manifest locate-path@^6.0.0
1017 silly packumentCache full:https://registry.npmjs.org/locate-path cache-miss
1018 http fetch GET 200 https://registry.npmjs.org/ms 144ms (cache miss)
1019 silly packumentCache full:https://registry.npmjs.org/ms set size:undefined disposed:false
1020 silly fetch manifest path-exists@^4.0.0
1021 silly packumentCache full:https://registry.npmjs.org/path-exists cache-miss
1022 http fetch GET 200 https://registry.npmjs.org/import-fresh 338ms (cache miss)
1023 silly packumentCache full:https://registry.npmjs.org/import-fresh set size:undefined disposed:false
1024 silly fetch manifest type-fest@^0.20.2
1025 silly packumentCache full:https://registry.npmjs.org/type-fest cache-miss
1026 http fetch GET 200 https://registry.npmjs.org/acorn 93ms (cache miss)
1027 silly packumentCache full:https://registry.npmjs.org/acorn set size:undefined disposed:false
1028 silly fetch manifest is-extglob@^2.1.1
1029 silly packumentCache full:https://registry.npmjs.org/is-extglob cache-miss
1030 http fetch GET 200 https://registry.npmjs.org/flat-cache 89ms (cache miss)
1031 silly packumentCache full:https://registry.npmjs.org/flat-cache set size:undefined disposed:false
1032 silly fetch manifest argparse@^2.0.1
1033 silly packumentCache full:https://registry.npmjs.org/argparse cache-miss
1034 http fetch GET 200 https://registry.npmjs.org/estraverse 127ms (cache miss)
1035 silly packumentCache full:https://registry.npmjs.org/estraverse set size:undefined disposed:false
1036 silly fetch manifest prelude-ls@^1.2.1
1037 silly packumentCache full:https://registry.npmjs.org/prelude-ls cache-miss
1038 http fetch GET 200 https://registry.npmjs.org/path-exists 78ms (cache miss)
1039 silly packumentCache full:https://registry.npmjs.org/path-exists set size:undefined disposed:false
1040 silly fetch manifest type-check@~0.4.0
1041 silly packumentCache full:https://registry.npmjs.org/type-check cache-miss
1042 http fetch GET 200 https://registry.npmjs.org/type-fest 95ms (cache miss)
1043 silly packumentCache full:https://registry.npmjs.org/type-fest set size:undefined disposed:false
1044 silly fetch manifest brace-expansion@^1.1.7
1045 silly packumentCache full:https://registry.npmjs.org/brace-expansion cache-miss
1046 http fetch GET 200 https://registry.npmjs.org/locate-path 113ms (cache miss)
1047 silly packumentCache full:https://registry.npmjs.org/locate-path set size:undefined disposed:false
1048 silly fetch manifest prelude-ls@^1.2.1
1049 silly packumentCache full:https://registry.npmjs.org/prelude-ls cache-miss
1050 http fetch GET 200 https://registry.npmjs.org/argparse 99ms (cache miss)
1051 silly packumentCache full:https://registry.npmjs.org/argparse set size:undefined disposed:false
1052 silly fetch manifest deep-is@^0.1.3
1053 silly packumentCache full:https://registry.npmjs.org/deep-is cache-miss
1054 http fetch GET 200 https://registry.npmjs.org/type-check 195ms (cache miss)
1055 silly packumentCache full:https://registry.npmjs.org/type-check set size:undefined disposed:false
1056 silly fetch manifest word-wrap@^1.2.5
1057 silly packumentCache full:https://registry.npmjs.org/word-wrap cache-miss
1058 http fetch GET 200 https://registry.npmjs.org/brace-expansion 179ms (cache miss)
1059 silly packumentCache full:https://registry.npmjs.org/brace-expansion set size:undefined disposed:false
1060 silly fetch manifest type-check@^0.4.0
1061 silly packumentCache full:https://registry.npmjs.org/type-check cache-miss
1062 http fetch GET 200 https://registry.npmjs.org/prelude-ls 189ms (cache miss)
1063 silly packumentCache full:https://registry.npmjs.org/prelude-ls set size:undefined disposed:false
1064 silly fetch manifest fast-levenshtein@^2.0.6
1065 silly packumentCache full:https://registry.npmjs.org/fast-levenshtein cache-miss
1066 http fetch GET 200 https://registry.npmjs.org/prelude-ls 228ms (cache miss)
1067 silly packumentCache full:https://registry.npmjs.org/prelude-ls set size:undefined disposed:false
1068 silly fetch manifest ansi-regex@^5.0.1
1069 silly packumentCache full:https://registry.npmjs.org/ansi-regex cache-miss
1070 http fetch GET 200 https://registry.npmjs.org/acorn-jsx 384ms (cache miss)
1071 silly packumentCache full:https://registry.npmjs.org/acorn-jsx set size:undefined disposed:false
1072 http fetch GET 200 https://registry.npmjs.org/type-check 23ms (cache hit)
1073 silly packumentCache full:https://registry.npmjs.org/type-check set size:21221 disposed:false
1074 http fetch GET 200 https://registry.npmjs.org/is-extglob 300ms (cache miss)
1075 silly packumentCache full:https://registry.npmjs.org/is-extglob set size:undefined disposed:false
1076 http fetch GET 200 https://registry.npmjs.org/deep-is 160ms (cache miss)
1077 silly packumentCache full:https://registry.npmjs.org/deep-is set size:undefined disposed:false
1078 http fetch GET 200 https://registry.npmjs.org/word-wrap 90ms (cache miss)
1079 silly packumentCache full:https://registry.npmjs.org/word-wrap set size:undefined disposed:false
1080 http fetch GET 200 https://registry.npmjs.org/fast-levenshtein 144ms (cache miss)
1081 silly packumentCache full:https://registry.npmjs.org/fast-levenshtein set size:undefined disposed:false
1082 http fetch GET 200 https://registry.npmjs.org/ansi-regex 145ms (cache miss)
1083 silly packumentCache full:https://registry.npmjs.org/ansi-regex set size:undefined disposed:false
1084 silly placeDep ROOT import-fresh@3.3.1 OK for: @eslint/eslintrc@2.1.4 want: ^3.2.1
1085 silly placeDep ROOT strip-json-comments@3.1.1 OK for: @eslint/eslintrc@2.1.4 want: ^3.1.1
1086 silly fetch manifest parent-module@^1.0.0
1087 silly packumentCache full:https://registry.npmjs.org/parent-module cache-miss
1088 silly fetch manifest resolve-from@^4.0.0
1089 silly packumentCache full:https://registry.npmjs.org/resolve-from cache-miss
1090 http fetch GET 200 https://registry.npmjs.org/resolve-from 99ms (cache miss)
1091 silly packumentCache full:https://registry.npmjs.org/resolve-from set size:undefined disposed:false
1092 http fetch GET 200 https://registry.npmjs.org/parent-module 299ms (cache miss)
1093 silly packumentCache full:https://registry.npmjs.org/parent-module set size:undefined disposed:false
1094 silly placeDep ROOT @humanwhocodes/object-schema@2.0.3 OK for: @humanwhocodes/config-array@0.13.0 want: ^2.0.3
1095 silly placeDep ROOT @nodelib/fs.scandir@2.1.5 OK for: @nodelib/fs.walk@1.2.8 want: 2.1.5
1096 silly placeDep ROOT fastq@1.20.1 OK for: @nodelib/fs.walk@1.2.8 want: ^1.6.0
1097 silly fetch manifest run-parallel@^1.1.9
1098 silly packumentCache full:https://registry.npmjs.org/run-parallel cache-miss
1099 silly fetch manifest @nodelib/fs.stat@2.0.5
1100 silly packumentCache full:https://registry.npmjs.org/@nodelib%2ffs.stat cache-miss
1101 silly fetch manifest reusify@^1.0.4
1102 silly packumentCache full:https://registry.npmjs.org/reusify cache-miss
1103 http fetch GET 200 https://registry.npmjs.org/reusify 104ms (cache miss)
1104 silly packumentCache full:https://registry.npmjs.org/reusify set size:undefined disposed:false
1105 http fetch GET 200 https://registry.npmjs.org/run-parallel 110ms (cache miss)
1106 silly packumentCache full:https://registry.npmjs.org/run-parallel set size:undefined disposed:false
1107 http fetch GET 200 https://registry.npmjs.org/@nodelib%2ffs.stat 315ms (cache miss)
1108 silly packumentCache full:https://registry.npmjs.org/@nodelib%2ffs.stat set size:undefined disposed:false
1109 silly placeDep ROOT @nodelib/fs.stat@2.0.5 OK for: @nodelib/fs.scandir@2.1.5 want: 2.0.5
1110 silly placeDep ROOT run-parallel@1.2.0 OK for: @nodelib/fs.scandir@2.1.5 want: ^1.1.9
1111 silly fetch manifest queue-microtask@^1.2.2
1112 silly packumentCache full:https://registry.npmjs.org/queue-microtask cache-miss
1113 http fetch GET 200 https://registry.npmjs.org/queue-microtask 121ms (cache miss)
1114 silly packumentCache full:https://registry.npmjs.org/queue-microtask set size:undefined disposed:false
1115 silly placeDep ROOT fast-json-stable-stringify@2.1.0 OK for: ajv@6.12.6 want: ^2.0.0
1116 silly placeDep ROOT json-schema-traverse@0.4.1 OK for: ajv@6.12.6 want: ^0.4.1
1117 silly placeDep ROOT uri-js@4.4.1 OK for: ajv@6.12.6 want: ^4.2.2
1118 silly fetch manifest punycode@^2.1.0
1119 silly packumentCache full:https://registry.npmjs.org/punycode cache-miss
1120 http fetch GET 200 https://registry.npmjs.org/punycode 116ms (cache miss)
1121 silly packumentCache full:https://registry.npmjs.org/punycode set size:undefined disposed:false
1122 silly placeDep ROOT ansi-styles@4.3.0 OK for: chalk@4.1.2 want: ^4.1.0
1123 silly placeDep ROOT supports-color@7.2.0 OK for: chalk@4.1.2 want: ^7.1.0
1124 silly fetch manifest color-convert@^2.0.1
1125 silly packumentCache full:https://registry.npmjs.org/color-convert cache-miss
1126 silly fetch manifest has-flag@^4.0.0
1127 silly packumentCache full:https://registry.npmjs.org/has-flag cache-miss
1128 http fetch GET 200 https://registry.npmjs.org/color-convert 88ms (cache miss)
1129 silly packumentCache full:https://registry.npmjs.org/color-convert set size:undefined disposed:false
1130 http fetch GET 200 https://registry.npmjs.org/has-flag 270ms (cache miss)
1131 silly packumentCache full:https://registry.npmjs.org/has-flag set size:undefined disposed:false
1132 silly placeDep ROOT color-convert@2.0.1 OK for: ansi-styles@4.3.0 want: ^2.0.1
1133 silly fetch manifest color-name@~1.1.4
1134 silly packumentCache full:https://registry.npmjs.org/color-name cache-miss
1135 http fetch GET 200 https://registry.npmjs.org/color-name 90ms (cache miss)
1136 silly packumentCache full:https://registry.npmjs.org/color-name set size:undefined disposed:false
1137 silly placeDep ROOT color-name@1.1.4 OK for: color-convert@2.0.1 want: ~1.1.4
1138 silly placeDep ROOT ms@2.1.3 OK for: debug@4.4.3 want: ^2.1.3
1139 silly placeDep ROOT @next/eslint-plugin-next@14.0.4 OK for: eslint-config-next@14.0.4 want: 14.0.4
1140 silly placeDep ROOT @rushstack/eslint-patch@1.15.0 OK for: eslint-config-next@14.0.4 want: ^1.3.3
1141 silly placeDep ROOT @typescript-eslint/parser@6.21.0 OK for: eslint-config-next@14.0.4 want: ^5.4.2 || ^6.0.0
1142 silly placeDep ROOT eslint-import-resolver-node@0.3.9 OK for: eslint-config-next@14.0.4 want: ^0.3.6
1143 silly placeDep ROOT eslint-import-resolver-typescript@3.10.1 OK for: eslint-config-next@14.0.4 want: ^3.5.2
1144 silly placeDep ROOT eslint-plugin-import@2.32.0 OK for: eslint-config-next@14.0.4 want: ^2.28.1
1145 silly placeDep ROOT eslint-plugin-jsx-a11y@6.10.2 OK for: eslint-config-next@14.0.4 want: ^6.7.1
1146 silly placeDep ROOT eslint-plugin-react@7.37.5 OK for: eslint-config-next@14.0.4 want: ^7.33.2
1147 silly placeDep ROOT eslint-plugin-react-hooks@5.0.0-canary-7118f5dd7-20230705 OK for: eslint-config-next@14.0.4 want: ^4.5.0 || 5.0.0-canary-7118f5dd7-20230705
1148 silly fetch manifest glob@7.1.7
1149 silly packumentCache full:https://registry.npmjs.org/glob cache-miss
1150 silly fetch manifest @typescript-eslint/types@6.21.0
1151 silly packumentCache full:https://registry.npmjs.org/@typescript-eslint%2ftypes cache-miss
1152 silly fetch manifest @typescript-eslint/visitor-keys@6.21.0
1153 silly packumentCache full:https://registry.npmjs.org/@typescript-eslint%2fvisitor-keys cache-miss
1154 silly fetch manifest @typescript-eslint/scope-manager@6.21.0
1155 silly packumentCache full:https://registry.npmjs.org/@typescript-eslint%2fscope-manager cache-miss
1156 silly fetch manifest @typescript-eslint/typescript-estree@6.21.0
1157 silly packumentCache full:https://registry.npmjs.org/@typescript-eslint%2ftypescript-estree cache-miss
1158 silly fetch manifest debug@^3.2.7
1159 silly packumentCache full:https://registry.npmjs.org/debug cache-hit
1160 silly fetch manifest is-core-module@^2.13.0
1161 silly packumentCache full:https://registry.npmjs.org/is-core-module cache-miss
1162 silly fetch manifest resolve@^1.22.4
1163 silly packumentCache full:https://registry.npmjs.org/resolve cache-miss
1164 http fetch GET 200 https://registry.npmjs.org/resolve 15ms (cache hit)
1165 silly packumentCache full:https://registry.npmjs.org/resolve set size:246681 disposed:false
1166 silly fetch manifest tinyglobby@^0.2.13
1167 silly packumentCache full:https://registry.npmjs.org/tinyglobby cache-miss
1168 http fetch GET 200 https://registry.npmjs.org/tinyglobby 79ms (cache miss)
1169 silly packumentCache full:https://registry.npmjs.org/tinyglobby set size:undefined disposed:false
1170 silly fetch manifest stable-hash@^0.0.5
1171 silly packumentCache full:https://registry.npmjs.org/stable-hash cache-miss
1172 http fetch GET 200 https://registry.npmjs.org/glob 128ms (cache miss)
1173 silly packumentCache full:https://registry.npmjs.org/glob set size:undefined disposed:false
1174 silly fetch manifest get-tsconfig@^4.10.0
1175 silly packumentCache full:https://registry.npmjs.org/get-tsconfig cache-miss
1176 http fetch GET 200 https://registry.npmjs.org/stable-hash 277ms (cache miss)
1177 silly packumentCache full:https://registry.npmjs.org/stable-hash set size:undefined disposed:false
1178 silly fetch manifest is-bun-module@^2.0.0
1179 silly packumentCache full:https://registry.npmjs.org/is-bun-module cache-miss
1180 http fetch GET 200 https://registry.npmjs.org/get-tsconfig 268ms (cache miss)
1181 silly packumentCache full:https://registry.npmjs.org/get-tsconfig set size:undefined disposed:false
1182 silly fetch manifest unrs-resolver@^1.6.2
1183 silly packumentCache full:https://registry.npmjs.org/unrs-resolver cache-miss
1184 http fetch GET 200 https://registry.npmjs.org/@typescript-eslint%2fvisitor-keys 728ms (cache miss)
1185 silly packumentCache full:https://registry.npmjs.org/@typescript-eslint%2fvisitor-keys set size:undefined disposed:false
1186 silly fetch manifest @nolyfill/is-core-module@1.0.39
1187 silly packumentCache full:https://registry.npmjs.org/@nolyfill%2fis-core-module cache-miss
1188 http fetch GET 200 https://registry.npmjs.org/unrs-resolver 548ms (cache miss)
1189 silly packumentCache full:https://registry.npmjs.org/unrs-resolver set size:undefined disposed:false
1190 silly fetch manifest @rtsao/scc@^1.1.0
1191 silly packumentCache full:https://registry.npmjs.org/@rtsao%2fscc cache-miss
1192 http fetch GET 200 https://registry.npmjs.org/is-core-module 971ms (cache miss)
1193 silly packumentCache full:https://registry.npmjs.org/is-core-module set size:undefined disposed:false
1194 silly fetch manifest array-includes@^3.1.9
1195 silly packumentCache full:https://registry.npmjs.org/array-includes cache-miss
1196 http fetch GET 200 https://registry.npmjs.org/@typescript-eslint%2ftypescript-estree 988ms (cache miss)
1197 silly packumentCache full:https://registry.npmjs.org/@typescript-eslint%2ftypescript-estree set size:undefined disposed:false
1198 silly fetch manifest array.prototype.findlastindex@^1.2.6
1199 silly packumentCache full:https://registry.npmjs.org/array.prototype.findlastindex cache-miss
1200 http fetch GET 200 https://registry.npmjs.org/array-includes 266ms (cache miss)
1201 silly packumentCache full:https://registry.npmjs.org/array-includes set size:undefined disposed:false
1202 silly fetch manifest array.prototype.flat@^1.3.3
1203 silly packumentCache full:https://registry.npmjs.org/array.prototype.flat cache-miss
1204 http fetch GET 200 https://registry.npmjs.org/is-bun-module 904ms (cache miss)
1205 silly packumentCache full:https://registry.npmjs.org/is-bun-module set size:undefined disposed:false
1206 silly fetch manifest array.prototype.flatmap@^1.3.3
1207 silly packumentCache full:https://registry.npmjs.org/array.prototype.flatmap cache-miss
1208 http fetch GET 200 https://registry.npmjs.org/array.prototype.flat 115ms (cache miss)
1209 silly packumentCache full:https://registry.npmjs.org/array.prototype.flat set size:undefined disposed:false
1210 silly fetch manifest doctrine@^2.1.0
1211 silly packumentCache full:https://registry.npmjs.org/doctrine cache-miss
1212 http fetch GET 200 https://registry.npmjs.org/doctrine 8ms (cache hit)
1213 silly packumentCache full:https://registry.npmjs.org/doctrine set size:64052 disposed:false
1214 silly fetch manifest eslint-module-utils@^2.12.1
1215 silly packumentCache full:https://registry.npmjs.org/eslint-module-utils cache-miss
1216 http fetch GET 200 https://registry.npmjs.org/array.prototype.flatmap 86ms (cache miss)
1217 silly packumentCache full:https://registry.npmjs.org/array.prototype.flatmap set size:undefined disposed:false
1218 silly fetch manifest hasown@^2.0.2
1219 silly packumentCache full:https://registry.npmjs.org/hasown cache-miss
1220 http fetch GET 200 https://registry.npmjs.org/@rtsao%2fscc 469ms (cache miss)
1221 silly packumentCache full:https://registry.npmjs.org/@rtsao%2fscc set size:undefined disposed:false
1222 silly fetch manifest is-core-module@^2.16.1
1223 silly packumentCache full:https://registry.npmjs.org/is-core-module cache-miss
1224 http fetch GET 200 https://registry.npmjs.org/is-core-module 4ms (cache hit)
1225 silly packumentCache full:https://registry.npmjs.org/is-core-module set size:71788 disposed:false
1226 silly fetch manifest object.fromentries@^2.0.8
1227 silly packumentCache full:https://registry.npmjs.org/object.fromentries cache-miss
1228 http fetch GET 200 https://registry.npmjs.org/eslint-module-utils 83ms (cache miss)
1229 silly packumentCache full:https://registry.npmjs.org/eslint-module-utils set size:undefined disposed:false
1230 silly fetch manifest object.groupby@^1.0.3
1231 silly packumentCache full:https://registry.npmjs.org/object.groupby cache-miss
1232 http fetch GET 200 https://registry.npmjs.org/hasown 88ms (cache miss)
1233 silly packumentCache full:https://registry.npmjs.org/hasown set size:undefined disposed:false
1234 silly fetch manifest object.values@^1.2.1
1235 silly packumentCache full:https://registry.npmjs.org/object.values cache-miss
1236 http fetch GET 200 https://registry.npmjs.org/array.prototype.findlastindex 256ms (cache miss)
1237 silly packumentCache full:https://registry.npmjs.org/array.prototype.findlastindex set size:undefined disposed:false
1238 silly fetch manifest semver@^6.3.1
1239 silly packumentCache full:https://registry.npmjs.org/semver cache-miss
1240 http fetch GET 200 https://registry.npmjs.org/object.fromentries 67ms (cache miss)
1241 silly packumentCache full:https://registry.npmjs.org/object.fromentries set size:undefined disposed:false
1242 silly fetch manifest string.prototype.trimend@^1.0.9
1243 silly packumentCache full:https://registry.npmjs.org/string.prototype.trimend cache-miss
1244 http fetch GET 200 https://registry.npmjs.org/@nolyfill%2fis-core-module 811ms (cache miss)
1245 silly packumentCache full:https://registry.npmjs.org/@nolyfill%2fis-core-module set size:undefined disposed:false
1246 silly fetch manifest tsconfig-paths@^3.15.0
1247 silly packumentCache full:https://registry.npmjs.org/tsconfig-paths cache-miss
1248 http fetch GET 200 https://registry.npmjs.org/@typescript-eslint%2fscope-manager 1714ms (cache miss)
1249 silly packumentCache full:https://registry.npmjs.org/@typescript-eslint%2fscope-manager set size:undefined disposed:false
1250 silly fetch manifest aria-query@^5.3.2
1251 silly packumentCache full:https://registry.npmjs.org/aria-query cache-miss
1252 http fetch GET 200 https://registry.npmjs.org/tsconfig-paths 199ms (cache miss)
1253 silly packumentCache full:https://registry.npmjs.org/tsconfig-paths set size:undefined disposed:false
1254 silly fetch manifest array-includes@^3.1.8
1255 silly packumentCache full:https://registry.npmjs.org/array-includes cache-miss
1256 http fetch GET 200 https://registry.npmjs.org/semver 356ms (cache miss)
1257 silly packumentCache full:https://registry.npmjs.org/semver set size:undefined disposed:false
1258 silly fetch manifest array.prototype.flatmap@^1.3.2
1259 silly packumentCache full:https://registry.npmjs.org/array.prototype.flatmap cache-miss
1260 http fetch GET 200 https://registry.npmjs.org/array-includes 11ms (cache hit)
1261 silly packumentCache full:https://registry.npmjs.org/array-includes set size:77143 disposed:false
1262 silly fetch manifest ast-types-flow@^0.0.8
1263 silly packumentCache full:https://registry.npmjs.org/ast-types-flow cache-miss
1264 http fetch GET 200 https://registry.npmjs.org/array.prototype.flatmap 8ms (cache hit)
1265 silly packumentCache full:https://registry.npmjs.org/array.prototype.flatmap set size:51458 disposed:false
1266 silly fetch manifest axe-core@^4.10.0
1267 silly packumentCache full:https://registry.npmjs.org/axe-core cache-miss
1268 http fetch GET 200 https://registry.npmjs.org/object.groupby 448ms (cache miss)
1269 silly packumentCache full:https://registry.npmjs.org/object.groupby set size:undefined disposed:false
1270 silly fetch manifest axobject-query@^4.1.0
1271 silly packumentCache full:https://registry.npmjs.org/axobject-query cache-miss
1272 http fetch GET 200 https://registry.npmjs.org/object.values 452ms (cache miss)
1273 silly packumentCache full:https://registry.npmjs.org/object.values set size:undefined disposed:false
1274 silly fetch manifest damerau-levenshtein@^1.0.8
1275 silly packumentCache full:https://registry.npmjs.org/damerau-levenshtein cache-miss
1276 http fetch GET 200 https://registry.npmjs.org/string.prototype.trimend 441ms (cache miss)
1277 silly packumentCache full:https://registry.npmjs.org/string.prototype.trimend set size:undefined disposed:false
1278 silly fetch manifest emoji-regex@^9.2.2
1279 silly packumentCache full:https://registry.npmjs.org/emoji-regex cache-miss
1280 http fetch GET 200 https://registry.npmjs.org/axobject-query 77ms (cache miss)
1281 silly packumentCache full:https://registry.npmjs.org/axobject-query set size:undefined disposed:false
1282 silly fetch manifest jsx-ast-utils@^3.3.5
1283 silly packumentCache full:https://registry.npmjs.org/jsx-ast-utils cache-miss
1284 http fetch GET 200 https://registry.npmjs.org/emoji-regex 82ms (cache miss)
1285 silly packumentCache full:https://registry.npmjs.org/emoji-regex set size:undefined disposed:false
1286 silly fetch manifest language-tags@^1.0.9
1287 silly packumentCache full:https://registry.npmjs.org/language-tags cache-miss
1288 http fetch GET 200 https://registry.npmjs.org/aria-query 447ms (cache miss)
1289 silly packumentCache full:https://registry.npmjs.org/aria-query set size:undefined disposed:false
1290 silly fetch manifest safe-regex-test@^1.0.3
1291 silly packumentCache full:https://registry.npmjs.org/safe-regex-test cache-miss
1292 http fetch GET 200 https://registry.npmjs.org/ast-types-flow 429ms (cache miss)
1293 silly packumentCache full:https://registry.npmjs.org/ast-types-flow set size:undefined disposed:false
1294 silly fetch manifest string.prototype.includes@^2.0.1
1295 silly packumentCache full:https://registry.npmjs.org/string.prototype.includes cache-miss
1296 http fetch GET 200 https://registry.npmjs.org/jsx-ast-utils 424ms (cache miss)
1297 silly packumentCache full:https://registry.npmjs.org/jsx-ast-utils set size:undefined disposed:false
1298 silly fetch manifest array.prototype.findlast@^1.2.5
1299 silly packumentCache full:https://registry.npmjs.org/array.prototype.findlast cache-miss
1300 http fetch GET 200 https://registry.npmjs.org/language-tags 419ms (cache miss)
1301 silly packumentCache full:https://registry.npmjs.org/language-tags set size:undefined disposed:false
1302 silly fetch manifest array.prototype.tosorted@^1.1.4
1303 silly packumentCache full:https://registry.npmjs.org/array.prototype.tosorted cache-miss
1304 http fetch GET 200 https://registry.npmjs.org/axe-core 611ms (cache miss)
1305 silly packumentCache full:https://registry.npmjs.org/axe-core set size:undefined disposed:false
1306 silly fetch manifest es-iterator-helpers@^1.2.1
1307 silly packumentCache full:https://registry.npmjs.org/es-iterator-helpers cache-miss
1308 http fetch GET 200 https://registry.npmjs.org/array.prototype.findlast 163ms (cache miss)
1309 silly packumentCache full:https://registry.npmjs.org/array.prototype.findlast set size:undefined disposed:false
1310 silly fetch manifest estraverse@^5.3.0
1311 silly packumentCache full:https://registry.npmjs.org/estraverse cache-miss
1312 http fetch GET 200 https://registry.npmjs.org/array.prototype.tosorted 126ms (cache miss)
1313 silly packumentCache full:https://registry.npmjs.org/array.prototype.tosorted set size:undefined disposed:false
1314 silly fetch manifest jsx-ast-utils@^2.4.1 || ^3.0.0
1315 silly packumentCache full:https://registry.npmjs.org/jsx-ast-utils cache-miss
1316 http fetch GET 200 https://registry.npmjs.org/estraverse 6ms (cache hit)
1317 silly packumentCache full:https://registry.npmjs.org/estraverse set size:62412 disposed:false
1318 silly fetch manifest object.entries@^1.1.9
1319 silly packumentCache full:https://registry.npmjs.org/object.entries cache-miss
1320 http fetch GET 200 https://registry.npmjs.org/jsx-ast-utils 5ms (cache hit)
1321 silly packumentCache full:https://registry.npmjs.org/jsx-ast-utils set size:115998 disposed:false
1322 silly fetch manifest prop-types@^15.8.1
1323 silly packumentCache full:https://registry.npmjs.org/prop-types cache-miss
1324 http fetch GET 200 https://registry.npmjs.org/prop-types 3ms (cache hit)
1325 silly packumentCache full:https://registry.npmjs.org/prop-types set size:76747 disposed:false
1326 silly fetch manifest resolve@^2.0.0-next.5
1327 silly packumentCache full:https://registry.npmjs.org/resolve cache-hit
1328 silly fetch manifest string.prototype.matchall@^4.0.12
1329 silly packumentCache full:https://registry.npmjs.org/string.prototype.matchall cache-miss
1330 http fetch GET 200 https://registry.npmjs.org/string.prototype.matchall 80ms (cache miss)
1331 silly packumentCache full:https://registry.npmjs.org/string.prototype.matchall set size:undefined disposed:false
1332 silly fetch manifest string.prototype.repeat@^1.0.0
1333 silly packumentCache full:https://registry.npmjs.org/string.prototype.repeat cache-miss
1334 http fetch GET 200 https://registry.npmjs.org/object.entries 101ms (cache miss)
1335 silly packumentCache full:https://registry.npmjs.org/object.entries set size:undefined disposed:false
1336 http fetch GET 200 https://registry.npmjs.org/string.prototype.repeat 79ms (cache miss)
1337 silly packumentCache full:https://registry.npmjs.org/string.prototype.repeat set size:undefined disposed:false
1338 http fetch GET 200 https://registry.npmjs.org/string.prototype.includes 521ms (cache miss)
1339 silly packumentCache full:https://registry.npmjs.org/string.prototype.includes set size:undefined disposed:false
1340 http fetch GET 200 https://registry.npmjs.org/es-iterator-helpers 274ms (cache miss)
1341 silly packumentCache full:https://registry.npmjs.org/es-iterator-helpers set size:undefined disposed:false
1342 http fetch GET 200 https://registry.npmjs.org/damerau-levenshtein 1132ms (cache miss)
1343 silly packumentCache full:https://registry.npmjs.org/damerau-levenshtein set size:undefined disposed:false
1344 http fetch GET 200 https://registry.npmjs.org/safe-regex-test 1133ms (cache miss)
1345 silly packumentCache full:https://registry.npmjs.org/safe-regex-test set size:undefined disposed:false
1346 http fetch GET 200 https://registry.npmjs.org/@typescript-eslint%2ftypes 10131ms (cache miss)
1347 silly packumentCache full:https://registry.npmjs.org/@typescript-eslint%2ftypes set size:undefined disposed:false
1348 silly placeDep ROOT glob@7.1.7 OK for: @next/eslint-plugin-next@14.0.4 want: 7.1.7
1349 silly fetch manifest once@^1.3.0
1350 silly packumentCache full:https://registry.npmjs.org/once cache-miss
1351 silly fetch manifest inflight@^1.0.4
1352 silly packumentCache full:https://registry.npmjs.org/inflight cache-miss
1353 silly fetch manifest inherits@2
1354 silly packumentCache full:https://registry.npmjs.org/inherits cache-miss
1355 silly fetch manifest fs.realpath@^1.0.0
1356 silly packumentCache full:https://registry.npmjs.org/fs.realpath cache-miss
1357 silly fetch manifest path-is-absolute@^1.0.0
1358 silly packumentCache full:https://registry.npmjs.org/path-is-absolute cache-miss
1359 http fetch GET 200 https://registry.npmjs.org/once 121ms (cache miss)
1360 silly packumentCache full:https://registry.npmjs.org/once set size:undefined disposed:false
1361 http fetch GET 200 https://registry.npmjs.org/inherits 119ms (cache miss)
1362 silly packumentCache full:https://registry.npmjs.org/inherits set size:undefined disposed:false
1363 http fetch GET 200 https://registry.npmjs.org/inflight 123ms (cache miss)
1364 silly packumentCache full:https://registry.npmjs.org/inflight set size:undefined disposed:false
1365 http fetch GET 200 https://registry.npmjs.org/path-is-absolute 121ms (cache miss)
1366 silly packumentCache full:https://registry.npmjs.org/path-is-absolute set size:undefined disposed:false
1367 http fetch GET 200 https://registry.npmjs.org/fs.realpath 226ms (cache miss)
1368 silly packumentCache full:https://registry.npmjs.org/fs.realpath set size:undefined disposed:false
1369 silly placeDep ROOT @typescript-eslint/scope-manager@6.21.0 OK for: @typescript-eslint/parser@6.21.0 want: 6.21.0
1370 silly placeDep ROOT @typescript-eslint/types@6.21.0 OK for: @typescript-eslint/parser@6.21.0 want: 6.21.0
1371 silly placeDep ROOT @typescript-eslint/typescript-estree@6.21.0 OK for: @typescript-eslint/parser@6.21.0 want: 6.21.0
1372 silly placeDep ROOT @typescript-eslint/visitor-keys@6.21.0 OK for: @typescript-eslint/parser@6.21.0 want: 6.21.0
1373 silly fetch manifest globby@^11.1.0
1374 silly packumentCache full:https://registry.npmjs.org/globby cache-miss
1375 silly fetch manifest semver@^7.5.4
1376 silly packumentCache full:https://registry.npmjs.org/semver cache-miss
1377 silly fetch manifest minimatch@9.0.3
1378 silly packumentCache full:https://registry.npmjs.org/minimatch cache-hit
1379 silly fetch manifest ts-api-utils@^1.0.1
1380 silly packumentCache full:https://registry.npmjs.org/ts-api-utils cache-miss
1381 http fetch GET 200 https://registry.npmjs.org/semver 10ms (cache hit)
1382 silly packumentCache full:https://registry.npmjs.org/semver set size:229678 disposed:false
1383 http fetch GET 200 https://registry.npmjs.org/globby 157ms (cache miss)
1384 silly packumentCache full:https://registry.npmjs.org/globby set size:undefined disposed:false
1385 http fetch GET 200 https://registry.npmjs.org/ts-api-utils 383ms (cache miss)
1386 silly packumentCache full:https://registry.npmjs.org/ts-api-utils set size:undefined disposed:false
1387 silly placeDep ROOT globby@11.1.0 OK for: @typescript-eslint/typescript-estree@6.21.0 want: ^11.1.0
1388 silly placeDep node_modules/@typescript-eslint/typescript-estree minimatch@9.0.3 OK for: @typescript-eslint/typescript-estree@6.21.0 want: 9.0.3
1389 silly placeDep ROOT semver@7.7.4 OK for: @typescript-eslint/typescript-estree@6.21.0 want: ^7.5.4
1390 silly placeDep ROOT ts-api-utils@1.4.3 OK for: @typescript-eslint/typescript-estree@6.21.0 want: ^1.0.1
1391 silly fetch manifest slash@^3.0.0
1392 silly packumentCache full:https://registry.npmjs.org/slash cache-miss
1393 silly fetch manifest merge2@^1.4.1
1394 silly packumentCache full:https://registry.npmjs.org/merge2 cache-miss
1395 silly fetch manifest dir-glob@^3.0.1
1396 silly packumentCache full:https://registry.npmjs.org/dir-glob cache-miss
1397 silly fetch manifest fast-glob@^3.2.9
1398 silly packumentCache full:https://registry.npmjs.org/fast-glob cache-miss
1399 silly fetch manifest array-union@^2.1.0
1400 silly packumentCache full:https://registry.npmjs.org/array-union cache-miss
1401 silly fetch manifest brace-expansion@^2.0.1
1402 silly packumentCache full:https://registry.npmjs.org/brace-expansion cache-miss
1403 http fetch GET 200 https://registry.npmjs.org/fast-glob 15ms (cache hit)
1404 silly packumentCache full:https://registry.npmjs.org/fast-glob set size:220556 disposed:false
1405 http fetch GET 200 https://registry.npmjs.org/brace-expansion 17ms (cache hit)
1406 silly packumentCache full:https://registry.npmjs.org/brace-expansion set size:46250 disposed:false
1407 http fetch GET 200 https://registry.npmjs.org/merge2 214ms (cache miss)
1408 silly packumentCache full:https://registry.npmjs.org/merge2 set size:undefined disposed:false
1409 http fetch GET 200 https://registry.npmjs.org/slash 246ms (cache miss)
1410 silly packumentCache full:https://registry.npmjs.org/slash set size:undefined disposed:false
1411 http fetch GET 200 https://registry.npmjs.org/array-union 246ms (cache miss)
1412 silly packumentCache full:https://registry.npmjs.org/array-union set size:undefined disposed:false
1413 http fetch GET 200 https://registry.npmjs.org/dir-glob 1200ms (cache miss)
1414 silly packumentCache full:https://registry.npmjs.org/dir-glob set size:undefined disposed:false
1415 silly placeDep node_modules/eslint-import-resolver-node debug@3.2.7 OK for: eslint-import-resolver-node@0.3.9 want: ^3.2.7
1416 silly placeDep ROOT is-core-module@2.16.1 OK for: eslint-import-resolver-node@0.3.9 want: ^2.13.0
1417 silly placeDep ROOT resolve@1.22.11 OK for: eslint-import-resolver-node@0.3.9 want: ^1.22.4
1418 silly fetch manifest path-parse@^1.0.7
1419 silly packumentCache full:https://registry.npmjs.org/path-parse cache-miss
1420 silly fetch manifest supports-preserve-symlinks-flag@^1.0.0
1421 silly packumentCache full:https://registry.npmjs.org/supports-preserve-symlinks-flag cache-miss
1422 http fetch GET 200 https://registry.npmjs.org/supports-preserve-symlinks-flag 110ms (cache miss)
1423 silly packumentCache full:https://registry.npmjs.org/supports-preserve-symlinks-flag set size:undefined disposed:false
1424 http fetch GET 200 https://registry.npmjs.org/path-parse 266ms (cache miss)
1425 silly packumentCache full:https://registry.npmjs.org/path-parse set size:undefined disposed:false
1426 silly placeDep ROOT @nolyfill/is-core-module@1.0.39 OK for: eslint-import-resolver-typescript@3.10.1 want: 1.0.39
1427 silly placeDep ROOT get-tsconfig@4.13.6 OK for: eslint-import-resolver-typescript@3.10.1 want: ^4.10.0
1428 silly placeDep ROOT is-bun-module@2.0.0 OK for: eslint-import-resolver-typescript@3.10.1 want: ^2.0.0
1429 silly placeDep ROOT stable-hash@0.0.5 OK for: eslint-import-resolver-typescript@3.10.1 want: ^0.0.5
1430 silly placeDep ROOT tinyglobby@0.2.15 OK for: eslint-import-resolver-typescript@3.10.1 want: ^0.2.13
1431 silly placeDep ROOT unrs-resolver@1.11.1 OK for: eslint-import-resolver-typescript@3.10.1 want: ^1.6.2
1432 silly fetch manifest resolve-pkg-maps@^1.0.0
1433 silly packumentCache full:https://registry.npmjs.org/resolve-pkg-maps cache-miss
1434 silly fetch manifest fdir@^6.5.0
1435 silly packumentCache full:https://registry.npmjs.org/fdir cache-miss
1436 silly fetch manifest picomatch@^4.0.3
1437 silly packumentCache full:https://registry.npmjs.org/picomatch cache-miss
1438 silly fetch manifest napi-postinstall@^0.3.0
1439 silly packumentCache full:https://registry.npmjs.org/napi-postinstall cache-miss
1440 silly fetch manifest @unrs/resolver-binding-win32-x64-msvc@1.11.1
1441 silly packumentCache full:https://registry.npmjs.org/@unrs%2fresolver-binding-win32-x64-msvc cache-miss
1442 silly fetch manifest @unrs/resolver-binding-win32-arm64-msvc@1.11.1
1443 silly packumentCache full:https://registry.npmjs.org/@unrs%2fresolver-binding-win32-arm64-msvc cache-miss
1444 silly fetch manifest @unrs/resolver-binding-win32-ia32-msvc@1.11.1
1445 silly packumentCache full:https://registry.npmjs.org/@unrs%2fresolver-binding-win32-ia32-msvc cache-miss
1446 http fetch GET 200 https://registry.npmjs.org/fdir 89ms (cache miss)
1447 silly packumentCache full:https://registry.npmjs.org/fdir set size:undefined disposed:false
1448 silly fetch manifest @unrs/resolver-binding-linux-x64-gnu@1.11.1
1449 silly packumentCache full:https://registry.npmjs.org/@unrs%2fresolver-binding-linux-x64-gnu cache-miss
1450 http fetch GET 200 https://registry.npmjs.org/napi-postinstall 145ms (cache miss)
1451 silly packumentCache full:https://registry.npmjs.org/napi-postinstall set size:undefined disposed:false
1452 silly fetch manifest @unrs/resolver-binding-linux-x64-musl@1.11.1
1453 silly packumentCache full:https://registry.npmjs.org/@unrs%2fresolver-binding-linux-x64-musl cache-miss
1454 http fetch GET 200 https://registry.npmjs.org/picomatch 252ms (cache miss)
1455 silly packumentCache full:https://registry.npmjs.org/picomatch set size:undefined disposed:false
1456 silly fetch manifest @unrs/resolver-binding-freebsd-x64@1.11.1
1457 silly packumentCache full:https://registry.npmjs.org/@unrs%2fresolver-binding-freebsd-x64 cache-miss
1458 http fetch GET 200 https://registry.npmjs.org/resolve-pkg-maps 297ms (cache miss)
1459 silly packumentCache full:https://registry.npmjs.org/resolve-pkg-maps set size:undefined disposed:false
1460 silly fetch manifest @unrs/resolver-binding-android-arm64@1.11.1
1461 silly packumentCache full:https://registry.npmjs.org/@unrs%2fresolver-binding-android-arm64 cache-miss
1462 http fetch GET 200 https://registry.npmjs.org/@unrs%2fresolver-binding-win32-ia32-msvc 294ms (cache miss)
1463 silly packumentCache full:https://registry.npmjs.org/@unrs%2fresolver-binding-win32-ia32-msvc set size:undefined disposed:false
1464 silly fetch manifest @unrs/resolver-binding-linux-arm64-gnu@1.11.1
1465 silly packumentCache full:https://registry.npmjs.org/@unrs%2fresolver-binding-linux-arm64-gnu cache-miss
1466 http fetch GET 200 https://registry.npmjs.org/@unrs%2fresolver-binding-win32-arm64-msvc 497ms (cache miss)
1467 silly packumentCache full:https://registry.npmjs.org/@unrs%2fresolver-binding-win32-arm64-msvc set size:undefined disposed:false
1468 silly fetch manifest @unrs/resolver-binding-linux-arm64-musl@1.11.1
1469 silly packumentCache full:https://registry.npmjs.org/@unrs%2fresolver-binding-linux-arm64-musl cache-miss
1470 http fetch GET 200 https://registry.npmjs.org/@unrs%2fresolver-binding-win32-x64-msvc 557ms (cache miss)
1471 silly packumentCache full:https://registry.npmjs.org/@unrs%2fresolver-binding-win32-x64-msvc set size:undefined disposed:false
1472 silly fetch manifest @unrs/resolver-binding-android-arm-eabi@1.11.1
1473 silly packumentCache full:https://registry.npmjs.org/@unrs%2fresolver-binding-android-arm-eabi cache-miss
1474 http fetch GET 200 https://registry.npmjs.org/@unrs%2fresolver-binding-android-arm64 302ms (cache miss)
1475 silly packumentCache full:https://registry.npmjs.org/@unrs%2fresolver-binding-android-arm64 set size:undefined disposed:false
1476 silly fetch manifest @unrs/resolver-binding-linux-arm-gnueabihf@1.11.1
1477 silly packumentCache full:https://registry.npmjs.org/@unrs%2fresolver-binding-linux-arm-gnueabihf cache-miss
1478 http fetch GET 200 https://registry.npmjs.org/@unrs%2fresolver-binding-linux-arm64-gnu 300ms (cache miss)
1479 silly packumentCache full:https://registry.npmjs.org/@unrs%2fresolver-binding-linux-arm64-gnu set size:undefined disposed:false
1480 silly fetch manifest @unrs/resolver-binding-linux-arm-musleabihf@1.11.1
1481 silly packumentCache full:https://registry.npmjs.org/@unrs%2fresolver-binding-linux-arm-musleabihf cache-miss
1482 http fetch GET 200 https://registry.npmjs.org/@unrs%2fresolver-binding-linux-x64-musl 546ms (cache miss)
1483 silly packumentCache full:https://registry.npmjs.org/@unrs%2fresolver-binding-linux-x64-musl set size:undefined disposed:false
1484 silly fetch manifest @unrs/resolver-binding-linux-ppc64-gnu@1.11.1
1485 silly packumentCache full:https://registry.npmjs.org/@unrs%2fresolver-binding-linux-ppc64-gnu cache-miss
1486 http fetch GET 200 https://registry.npmjs.org/@unrs%2fresolver-binding-freebsd-x64 554ms (cache miss)
1487 silly packumentCache full:https://registry.npmjs.org/@unrs%2fresolver-binding-freebsd-x64 set size:undefined disposed:false
1488 silly fetch manifest @unrs/resolver-binding-linux-riscv64-gnu@1.11.1
1489 silly packumentCache full:https://registry.npmjs.org/@unrs%2fresolver-binding-linux-riscv64-gnu cache-miss
1490 http fetch GET 200 https://registry.npmjs.org/@unrs%2fresolver-binding-linux-arm-gnueabihf 288ms (cache miss)
1491 silly packumentCache full:https://registry.npmjs.org/@unrs%2fresolver-binding-linux-arm-gnueabihf set size:undefined disposed:false
1492 silly fetch manifest @unrs/resolver-binding-linux-riscv64-musl@1.11.1
1493 silly packumentCache full:https://registry.npmjs.org/@unrs%2fresolver-binding-linux-riscv64-musl cache-miss
1494 http fetch GET 200 https://registry.npmjs.org/@unrs%2fresolver-binding-linux-arm-musleabihf 344ms (cache miss)
1495 silly packumentCache full:https://registry.npmjs.org/@unrs%2fresolver-binding-linux-arm-musleabihf set size:undefined disposed:false
1496 silly fetch manifest @unrs/resolver-binding-linux-s390x-gnu@1.11.1
1497 silly packumentCache full:https://registry.npmjs.org/@unrs%2fresolver-binding-linux-s390x-gnu cache-miss
1498 http fetch GET 200 https://registry.npmjs.org/@unrs%2fresolver-binding-linux-arm64-musl 476ms (cache miss)
1499 silly packumentCache full:https://registry.npmjs.org/@unrs%2fresolver-binding-linux-arm64-musl set size:undefined disposed:false
1500 silly fetch manifest @unrs/resolver-binding-darwin-x64@1.11.1
1501 silly packumentCache full:https://registry.npmjs.org/@unrs%2fresolver-binding-darwin-x64 cache-miss
1502 http fetch GET 200 https://registry.npmjs.org/@unrs%2fresolver-binding-android-arm-eabi 532ms (cache miss)
1503 silly packumentCache full:https://registry.npmjs.org/@unrs%2fresolver-binding-android-arm-eabi set size:undefined disposed:false
1504 silly fetch manifest @unrs/resolver-binding-darwin-arm64@1.11.1
1505 silly packumentCache full:https://registry.npmjs.org/@unrs%2fresolver-binding-darwin-arm64 cache-miss
1506 http fetch GET 200 https://registry.npmjs.org/@unrs%2fresolver-binding-linux-riscv64-musl 330ms (cache miss)
1507 silly packumentCache full:https://registry.npmjs.org/@unrs%2fresolver-binding-linux-riscv64-musl set size:undefined disposed:false
1508 silly fetch manifest @unrs/resolver-binding-wasm32-wasi@1.11.1
1509 silly packumentCache full:https://registry.npmjs.org/@unrs%2fresolver-binding-wasm32-wasi cache-miss
1510 http fetch GET 200 https://registry.npmjs.org/@unrs%2fresolver-binding-linux-s390x-gnu 289ms (cache miss)
1511 silly packumentCache full:https://registry.npmjs.org/@unrs%2fresolver-binding-linux-s390x-gnu set size:undefined disposed:false
1512 http fetch GET 200 https://registry.npmjs.org/@unrs%2fresolver-binding-linux-riscv64-gnu 462ms (cache miss)
1513 silly packumentCache full:https://registry.npmjs.org/@unrs%2fresolver-binding-linux-riscv64-gnu set size:undefined disposed:false
1514 http fetch GET 200 https://registry.npmjs.org/@unrs%2fresolver-binding-darwin-x64 481ms (cache miss)
1515 silly packumentCache full:https://registry.npmjs.org/@unrs%2fresolver-binding-darwin-x64 set size:undefined disposed:false
1516 http fetch GET 200 https://registry.npmjs.org/@unrs%2fresolver-binding-wasm32-wasi 269ms (cache miss)
1517 silly packumentCache full:https://registry.npmjs.org/@unrs%2fresolver-binding-wasm32-wasi set size:undefined disposed:false
1518 http fetch GET 200 https://registry.npmjs.org/@unrs%2fresolver-binding-linux-x64-gnu 1482ms (cache miss)
1519 silly packumentCache full:https://registry.npmjs.org/@unrs%2fresolver-binding-linux-x64-gnu set size:undefined disposed:false
1520 http fetch GET 200 https://registry.npmjs.org/@unrs%2fresolver-binding-darwin-arm64 619ms (cache miss)
1521 silly packumentCache full:https://registry.npmjs.org/@unrs%2fresolver-binding-darwin-arm64 set size:undefined disposed:false
1522 http fetch GET 200 https://registry.npmjs.org/@unrs%2fresolver-binding-linux-ppc64-gnu 1156ms (cache miss)
1523 silly packumentCache full:https://registry.npmjs.org/@unrs%2fresolver-binding-linux-ppc64-gnu set size:undefined disposed:false
1524 silly placeDep ROOT @rtsao/scc@1.1.0 OK for: eslint-plugin-import@2.32.0 want: ^1.1.0
1525 silly placeDep ROOT array-includes@3.1.9 OK for: eslint-plugin-import@2.32.0 want: ^3.1.9
1526 silly placeDep ROOT array.prototype.findlastindex@1.2.6 OK for: eslint-plugin-import@2.32.0 want: ^1.2.6
1527 silly placeDep ROOT array.prototype.flat@1.3.3 OK for: eslint-plugin-import@2.32.0 want: ^1.3.3
1528 silly placeDep ROOT array.prototype.flatmap@1.3.3 OK for: eslint-plugin-import@2.32.0 want: ^1.3.3
1529 silly placeDep node_modules/eslint-plugin-import debug@3.2.7 OK for: eslint-plugin-import@2.32.0 want: ^3.2.7
1530 silly placeDep node_modules/eslint-plugin-import doctrine@2.1.0 OK for: eslint-plugin-import@2.32.0 want: ^2.1.0
1531 silly placeDep ROOT eslint-module-utils@2.12.1 OK for: eslint-plugin-import@2.32.0 want: ^2.12.1
1532 silly placeDep ROOT hasown@2.0.2 OK for: eslint-plugin-import@2.32.0 want: ^2.0.2
1533 silly placeDep ROOT object.fromentries@2.0.8 OK for: eslint-plugin-import@2.32.0 want: ^2.0.8
1534 silly placeDep ROOT object.groupby@1.0.3 OK for: eslint-plugin-import@2.32.0 want: ^1.0.3
1535 silly placeDep ROOT object.values@1.2.1 OK for: eslint-plugin-import@2.32.0 want: ^1.2.1
1536 silly placeDep node_modules/eslint-plugin-import semver@6.3.1 OK for: eslint-plugin-import@2.32.0 want: ^6.3.1
1537 silly placeDep ROOT string.prototype.trimend@1.0.9 OK for: eslint-plugin-import@2.32.0 want: ^1.0.9
1538 silly placeDep ROOT tsconfig-paths@3.15.0 OK for: eslint-plugin-import@2.32.0 want: ^3.15.0
1539 silly fetch manifest call-bind@^1.0.8
1540 silly packumentCache full:https://registry.npmjs.org/call-bind cache-miss
1541 silly fetch manifest call-bound@^1.0.4
1542 silly packumentCache full:https://registry.npmjs.org/call-bound cache-miss
1543 silly fetch manifest define-properties@^1.2.1
1544 silly packumentCache full:https://registry.npmjs.org/define-properties cache-miss
1545 silly fetch manifest es-abstract@^1.24.0
1546 silly packumentCache full:https://registry.npmjs.org/es-abstract cache-miss
1547 silly fetch manifest es-object-atoms@^1.1.1
1548 silly packumentCache full:https://registry.npmjs.org/es-object-atoms cache-miss
1549 silly fetch manifest get-intrinsic@^1.3.0
1550 silly packumentCache full:https://registry.npmjs.org/get-intrinsic cache-miss
1551 silly fetch manifest is-string@^1.1.1
1552 silly packumentCache full:https://registry.npmjs.org/is-string cache-miss
1553 http fetch GET 200 https://registry.npmjs.org/call-bound 74ms (cache miss)
1554 silly packumentCache full:https://registry.npmjs.org/call-bound set size:undefined disposed:false
1555 silly fetch manifest math-intrinsics@^1.1.0
1556 silly packumentCache full:https://registry.npmjs.org/math-intrinsics cache-miss
1557 http fetch GET 200 https://registry.npmjs.org/is-string 81ms (cache miss)
1558 silly packumentCache full:https://registry.npmjs.org/is-string set size:undefined disposed:false
1559 silly fetch manifest call-bind@^1.0.8
1560 silly packumentCache full:https://registry.npmjs.org/call-bind cache-miss
1561 http fetch GET 200 https://registry.npmjs.org/define-properties 91ms (cache miss)
1562 silly packumentCache full:https://registry.npmjs.org/define-properties set size:undefined disposed:false
1563 silly fetch manifest es-abstract@^1.23.9
1564 silly packumentCache full:https://registry.npmjs.org/es-abstract cache-miss
1565 http fetch GET 200 https://registry.npmjs.org/es-object-atoms 96ms (cache miss)
1566 silly packumentCache full:https://registry.npmjs.org/es-object-atoms set size:undefined disposed:false
1567 silly fetch manifest es-errors@^1.3.0
1568 silly packumentCache full:https://registry.npmjs.org/es-errors cache-miss
1569 http fetch GET 200 https://registry.npmjs.org/math-intrinsics 66ms (cache miss)
1570 silly packumentCache full:https://registry.npmjs.org/math-intrinsics set size:undefined disposed:false
1571 silly fetch manifest es-shim-unscopables@^1.1.0
1572 silly packumentCache full:https://registry.npmjs.org/es-shim-unscopables cache-miss
1573 http fetch GET 200 https://registry.npmjs.org/get-intrinsic 142ms (cache miss)
1574 silly packumentCache full:https://registry.npmjs.org/get-intrinsic set size:undefined disposed:false
1575 silly fetch manifest call-bind@^1.0.8
1576 silly packumentCache full:https://registry.npmjs.org/call-bind cache-miss
1577 http fetch GET 200 https://registry.npmjs.org/call-bind 73ms (cache miss)
1578 silly packumentCache full:https://registry.npmjs.org/call-bind set size:undefined disposed:false
1579 silly fetch manifest es-abstract@^1.23.5
1580 silly packumentCache full:https://registry.npmjs.org/es-abstract cache-miss
1581 http fetch GET 200 https://registry.npmjs.org/es-errors 71ms (cache miss)
1582 silly packumentCache full:https://registry.npmjs.org/es-errors set size:undefined disposed:false
1583 silly fetch manifest es-shim-unscopables@^1.0.2
1584 silly packumentCache full:https://registry.npmjs.org/es-shim-unscopables cache-miss
1585 http fetch GET 200 https://registry.npmjs.org/es-abstract 101ms (cache miss)
1586 silly packumentCache full:https://registry.npmjs.org/es-abstract set size:undefined disposed:false
1587 silly fetch manifest es-abstract@^1.23.5
1588 silly packumentCache full:https://registry.npmjs.org/es-abstract cache-miss
1589 http fetch GET 200 https://registry.npmjs.org/es-shim-unscopables 71ms (cache miss)
1590 silly packumentCache full:https://registry.npmjs.org/es-shim-unscopables set size:undefined disposed:false
1591 silly fetch manifest es-shim-unscopables@^1.0.2
1592 silly packumentCache full:https://registry.npmjs.org/es-shim-unscopables cache-miss
1593 http fetch GET 200 https://registry.npmjs.org/es-abstract 9ms (cache hit)
1594 silly packumentCache full:https://registry.npmjs.org/es-abstract set size:378584 disposed:false
1595 silly fetch manifest function-bind@^1.1.2
1596 silly packumentCache full:https://registry.npmjs.org/function-bind cache-miss
1597 http fetch GET 200 https://registry.npmjs.org/es-shim-unscopables 28ms (cache hit)
1598 silly packumentCache full:https://registry.npmjs.org/es-shim-unscopables set size:13965 disposed:false
1599 silly fetch manifest call-bind@^1.0.7
1600 silly packumentCache full:https://registry.npmjs.org/call-bind cache-miss
1601 http fetch GET 200 https://registry.npmjs.org/call-bind 99ms (cache miss)
1602 silly packumentCache full:https://registry.npmjs.org/call-bind set size:undefined disposed:false
1603 silly fetch manifest es-abstract@^1.23.2
1604 silly packumentCache full:https://registry.npmjs.org/es-abstract cache-hit
1605 silly fetch manifest es-object-atoms@^1.0.0
1606 silly packumentCache full:https://registry.npmjs.org/es-object-atoms cache-miss
1607 http fetch GET 200 https://registry.npmjs.org/es-shim-unscopables 79ms (cache miss)
1608 silly packumentCache full:https://registry.npmjs.org/es-shim-unscopables set size:undefined disposed:false
1609 silly packumentCache full:https://registry.npmjs.org/es-shim-unscopables dispose
1610 silly fetch manifest call-bind@^1.0.7
1611 silly packumentCache full:https://registry.npmjs.org/call-bind cache-miss
1612 http fetch GET 200 https://registry.npmjs.org/es-object-atoms 11ms (cache hit)
1613 silly packumentCache full:https://registry.npmjs.org/es-object-atoms set size:15304 disposed:false
1614 silly fetch manifest call-bound@^1.0.3
1615 silly packumentCache full:https://registry.npmjs.org/call-bound cache-miss
1616 http fetch GET 200 https://registry.npmjs.org/call-bind 18ms (cache hit)
1617 silly packumentCache full:https://registry.npmjs.org/call-bind set size:30096 disposed:false
1618 silly fetch manifest call-bound@^1.0.2
1619 silly packumentCache full:https://registry.npmjs.org/call-bound cache-miss
1620 http fetch GET 200 https://registry.npmjs.org/call-bind 17ms (cache hit)
1621 silly packumentCache full:https://registry.npmjs.org/call-bind set size:30096 disposed:false
1622 silly packumentCache full:https://registry.npmjs.org/call-bind dispose
1623 silly fetch manifest json5@^1.0.2
1624 silly packumentCache full:https://registry.npmjs.org/json5 cache-miss
1625 http fetch GET 200 https://registry.npmjs.org/es-abstract 274ms (cache miss)
1626 silly packumentCache full:https://registry.npmjs.org/es-abstract set size:undefined disposed:false
1627 silly packumentCache full:https://registry.npmjs.org/es-abstract dispose
1628 silly fetch manifest minimist@^1.2.6
1629 silly packumentCache full:https://registry.npmjs.org/minimist cache-miss
1630 http fetch GET 200 https://registry.npmjs.org/es-abstract 118ms (cache miss)
1631 silly packumentCache full:https://registry.npmjs.org/es-abstract set size:undefined disposed:true
1632 silly fetch manifest strip-bom@^3.0.0
1633 silly packumentCache full:https://registry.npmjs.org/strip-bom cache-miss
1634 http fetch GET 200 https://registry.npmjs.org/call-bound 29ms (cache hit)
1635 silly packumentCache full:https://registry.npmjs.org/call-bound set size:15317 disposed:false
1636 silly fetch manifest @types/json5@^0.0.29
1637 silly packumentCache full:https://registry.npmjs.org/@types%2fjson5 cache-miss
1638 http fetch GET 200 https://registry.npmjs.org/call-bind 301ms (cache miss)
1639 silly packumentCache full:https://registry.npmjs.org/call-bind set size:undefined disposed:true
1640 silly packumentCache full:https://registry.npmjs.org/call-bind dispose
1641 http fetch GET 200 https://registry.npmjs.org/call-bound 32ms (cache hit)
1642 silly packumentCache full:https://registry.npmjs.org/call-bound set size:15317 disposed:false
1643 silly packumentCache full:https://registry.npmjs.org/call-bound dispose
1644 http fetch GET 200 https://registry.npmjs.org/function-bind 89ms (cache miss)
1645 silly packumentCache full:https://registry.npmjs.org/function-bind set size:undefined disposed:false
1646 http fetch GET 200 https://registry.npmjs.org/json5 72ms (cache miss)
1647 silly packumentCache full:https://registry.npmjs.org/json5 set size:undefined disposed:false
1648 http fetch GET 200 https://registry.npmjs.org/minimist 76ms (cache miss)
1649 silly packumentCache full:https://registry.npmjs.org/minimist set size:undefined disposed:false
1650 http fetch GET 200 https://registry.npmjs.org/strip-bom 89ms (cache miss)
1651 silly packumentCache full:https://registry.npmjs.org/strip-bom set size:undefined disposed:false
1652 http fetch GET 200 https://registry.npmjs.org/@types%2fjson5 253ms (cache miss)
1653 silly packumentCache full:https://registry.npmjs.org/@types%2fjson5 set size:undefined disposed:false
1654 silly placeDep ROOT call-bind@1.0.8 OK for: array-includes@3.1.9 want: ^1.0.8
1655 silly placeDep ROOT call-bound@1.0.4 OK for: array-includes@3.1.9 want: ^1.0.4
1656 silly placeDep ROOT define-properties@1.2.1 OK for: array-includes@3.1.9 want: ^1.2.1
1657 silly placeDep ROOT es-abstract@1.24.1 OK for: array-includes@3.1.9 want: ^1.24.0
1658 silly placeDep ROOT es-object-atoms@1.1.1 OK for: array-includes@3.1.9 want: ^1.1.1
1659 silly placeDep ROOT get-intrinsic@1.3.0 OK for: array-includes@3.1.9 want: ^1.3.0
1660 silly placeDep ROOT is-string@1.1.1 OK for: array-includes@3.1.9 want: ^1.1.1
1661 silly placeDep ROOT math-intrinsics@1.1.0 OK for: array-includes@3.1.9 want: ^1.1.0
1662 silly fetch manifest call-bind-apply-helpers@^1.0.0
1663 silly packumentCache full:https://registry.npmjs.org/call-bind-apply-helpers cache-miss
1664 silly fetch manifest es-define-property@^1.0.0
1665 silly packumentCache full:https://registry.npmjs.org/es-define-property cache-miss
1666 silly fetch manifest get-intrinsic@^1.2.4
1667 silly packumentCache full:https://registry.npmjs.org/get-intrinsic cache-miss
1668 silly fetch manifest set-function-length@^1.2.2
1669 silly packumentCache full:https://registry.npmjs.org/set-function-length cache-miss
1670 silly fetch manifest call-bind-apply-helpers@^1.0.2
1671 silly packumentCache full:https://registry.npmjs.org/call-bind-apply-helpers cache-miss
1672 silly fetch manifest define-data-property@^1.0.1
1673 silly packumentCache full:https://registry.npmjs.org/define-data-property cache-miss
1674 silly fetch manifest has-property-descriptors@^1.0.0
1675 silly packumentCache full:https://registry.npmjs.org/has-property-descriptors cache-miss
1676 http fetch GET 200 https://registry.npmjs.org/get-intrinsic 27ms (cache hit)
1677 silly packumentCache full:https://registry.npmjs.org/get-intrinsic set size:60985 disposed:false
1678 silly fetch manifest object-keys@^1.1.1
1679 silly packumentCache full:https://registry.npmjs.org/object-keys cache-miss
1680 http fetch GET 200 https://registry.npmjs.org/define-data-property 116ms (cache miss)
1681 silly packumentCache full:https://registry.npmjs.org/define-data-property set size:undefined disposed:false
1682 silly fetch manifest array-buffer-byte-length@^1.0.2
1683 silly packumentCache full:https://registry.npmjs.org/array-buffer-byte-length cache-miss
1684 http fetch GET 200 https://registry.npmjs.org/set-function-length 127ms (cache miss)
1685 silly packumentCache full:https://registry.npmjs.org/set-function-length set size:undefined disposed:false
1686 silly fetch manifest arraybuffer.prototype.slice@^1.0.4
1687 silly packumentCache full:https://registry.npmjs.org/arraybuffer.prototype.slice cache-miss
1688 http fetch GET 200 https://registry.npmjs.org/has-property-descriptors 153ms (cache miss)
1689 silly packumentCache full:https://registry.npmjs.org/has-property-descriptors set size:undefined disposed:false
1690 silly fetch manifest available-typed-arrays@^1.0.7
1691 silly packumentCache full:https://registry.npmjs.org/available-typed-arrays cache-miss
1692 http fetch GET 200 https://registry.npmjs.org/call-bind-apply-helpers 170ms (cache miss)
1693 silly packumentCache full:https://registry.npmjs.org/call-bind-apply-helpers set size:undefined disposed:false
1694 silly fetch manifest data-view-buffer@^1.0.2
1695 silly packumentCache full:https://registry.npmjs.org/data-view-buffer cache-miss
1696 http fetch GET 200 https://registry.npmjs.org/call-bind-apply-helpers 180ms (cache miss)
1697 silly packumentCache full:https://registry.npmjs.org/call-bind-apply-helpers set size:undefined disposed:false
1698 silly fetch manifest data-view-byte-length@^1.0.2
1699 silly packumentCache full:https://registry.npmjs.org/data-view-byte-length cache-miss
1700 http fetch GET 200 https://registry.npmjs.org/arraybuffer.prototype.slice 83ms (cache miss)
1701 silly packumentCache full:https://registry.npmjs.org/arraybuffer.prototype.slice set size:undefined disposed:false
1702 silly fetch manifest data-view-byte-offset@^1.0.1
1703 silly packumentCache full:https://registry.npmjs.org/data-view-byte-offset cache-miss
1704 http fetch GET 200 https://registry.npmjs.org/array-buffer-byte-length 96ms (cache miss)
1705 silly packumentCache full:https://registry.npmjs.org/array-buffer-byte-length set size:undefined disposed:false
1706 silly fetch manifest es-define-property@^1.0.1
1707 silly packumentCache full:https://registry.npmjs.org/es-define-property cache-miss
1708 http fetch GET 200 https://registry.npmjs.org/data-view-buffer 73ms (cache miss)
1709 silly packumentCache full:https://registry.npmjs.org/data-view-buffer set size:undefined disposed:false
1710 silly fetch manifest es-set-tostringtag@^2.1.0
1711 silly packumentCache full:https://registry.npmjs.org/es-set-tostringtag cache-miss
1712 http fetch GET 200 https://registry.npmjs.org/object-keys 219ms (cache miss)
1713 silly packumentCache full:https://registry.npmjs.org/object-keys set size:undefined disposed:false
1714 silly fetch manifest es-to-primitive@^1.3.0
1715 silly packumentCache full:https://registry.npmjs.org/es-to-primitive cache-miss
1716 http fetch GET 200 https://registry.npmjs.org/es-define-property 263ms (cache miss)
1717 silly packumentCache full:https://registry.npmjs.org/es-define-property set size:undefined disposed:false
1718 silly fetch manifest function.prototype.name@^1.1.8
1719 silly packumentCache full:https://registry.npmjs.org/function.prototype.name cache-miss
1720 http fetch GET 200 https://registry.npmjs.org/available-typed-arrays 107ms (cache miss)
1721 silly packumentCache full:https://registry.npmjs.org/available-typed-arrays set size:undefined disposed:false
1722 silly fetch manifest get-proto@^1.0.1
1723 silly packumentCache full:https://registry.npmjs.org/get-proto cache-miss
1724 http fetch GET 200 https://registry.npmjs.org/data-view-byte-length 101ms (cache miss)
1725 silly packumentCache full:https://registry.npmjs.org/data-view-byte-length set size:undefined disposed:false
1726 silly fetch manifest get-symbol-description@^1.1.0
1727 silly packumentCache full:https://registry.npmjs.org/get-symbol-description cache-miss
1728 http fetch GET 200 https://registry.npmjs.org/data-view-byte-offset 84ms (cache miss)
1729 silly packumentCache full:https://registry.npmjs.org/data-view-byte-offset set size:undefined disposed:false
1730 silly fetch manifest globalthis@^1.0.4
1731 silly packumentCache full:https://registry.npmjs.org/globalthis cache-miss
1732 http fetch GET 200 https://registry.npmjs.org/es-set-tostringtag 74ms (cache miss)
1733 silly packumentCache full:https://registry.npmjs.org/es-set-tostringtag set size:undefined disposed:false
1734 silly fetch manifest gopd@^1.2.0
1735 silly packumentCache full:https://registry.npmjs.org/gopd cache-miss
1736 http fetch GET 200 https://registry.npmjs.org/es-define-property 104ms (cache miss)
1737 silly packumentCache full:https://registry.npmjs.org/es-define-property set size:undefined disposed:false
1738 silly fetch manifest has-property-descriptors@^1.0.2
1739 silly packumentCache full:https://registry.npmjs.org/has-property-descriptors cache-miss
1740 http fetch GET 200 https://registry.npmjs.org/has-property-descriptors 4ms (cache hit)
1741 silly packumentCache full:https://registry.npmjs.org/has-property-descriptors set size:12452 disposed:false
1742 silly fetch manifest has-proto@^1.2.0
1743 silly packumentCache full:https://registry.npmjs.org/has-proto cache-miss
1744 http fetch GET 200 https://registry.npmjs.org/get-symbol-description 72ms (cache miss)
1745 silly packumentCache full:https://registry.npmjs.org/get-symbol-description set size:undefined disposed:false
1746 silly fetch manifest has-symbols@^1.1.0
1747 silly packumentCache full:https://registry.npmjs.org/has-symbols cache-miss
1748 http fetch GET 200 https://registry.npmjs.org/get-proto 97ms (cache miss)
1749 silly packumentCache full:https://registry.npmjs.org/get-proto set size:undefined disposed:false
1750 silly fetch manifest internal-slot@^1.1.0
1751 silly packumentCache full:https://registry.npmjs.org/internal-slot cache-miss
1752 http fetch GET 200 https://registry.npmjs.org/globalthis 74ms (cache miss)
1753 silly packumentCache full:https://registry.npmjs.org/globalthis set size:undefined disposed:false
1754 silly fetch manifest is-array-buffer@^3.0.5
1755 silly packumentCache full:https://registry.npmjs.org/is-array-buffer cache-miss
1756 http fetch GET 200 https://registry.npmjs.org/has-proto 67ms (cache miss)
1757 silly packumentCache full:https://registry.npmjs.org/has-proto set size:undefined disposed:false
1758 silly fetch manifest is-callable@^1.2.7
1759 silly packumentCache full:https://registry.npmjs.org/is-callable cache-miss
1760 http fetch GET 200 https://registry.npmjs.org/gopd 91ms (cache miss)
1761 silly packumentCache full:https://registry.npmjs.org/gopd set size:undefined disposed:false
1762 silly fetch manifest is-data-view@^1.0.2
1763 silly packumentCache full:https://registry.npmjs.org/is-data-view cache-miss
1764 http fetch GET 200 https://registry.npmjs.org/is-array-buffer 83ms (cache miss)
1765 silly packumentCache full:https://registry.npmjs.org/is-array-buffer set size:undefined disposed:false
1766 silly fetch manifest is-negative-zero@^2.0.3
1767 silly packumentCache full:https://registry.npmjs.org/is-negative-zero cache-miss
1768 http fetch GET 200 https://registry.npmjs.org/has-symbols 132ms (cache miss)
1769 silly packumentCache full:https://registry.npmjs.org/has-symbols set size:undefined disposed:false
1770 silly fetch manifest is-regex@^1.2.1
1771 silly packumentCache full:https://registry.npmjs.org/is-regex cache-miss
1772 http fetch GET 200 https://registry.npmjs.org/is-data-view 114ms (cache miss)
1773 silly packumentCache full:https://registry.npmjs.org/is-data-view set size:undefined disposed:false
1774 silly fetch manifest is-set@^2.0.3
1775 silly packumentCache full:https://registry.npmjs.org/is-set cache-miss
1776 http fetch GET 200 https://registry.npmjs.org/internal-slot 161ms (cache miss)
1777 silly packumentCache full:https://registry.npmjs.org/internal-slot set size:undefined disposed:false
1778 silly fetch manifest is-shared-array-buffer@^1.0.4
1779 silly packumentCache full:https://registry.npmjs.org/is-shared-array-buffer cache-miss
1780 http fetch GET 200 https://registry.npmjs.org/es-to-primitive 287ms (cache miss)
1781 silly packumentCache full:https://registry.npmjs.org/es-to-primitive set size:undefined disposed:false
1782 silly fetch manifest is-typed-array@^1.1.15
1783 silly packumentCache full:https://registry.npmjs.org/is-typed-array cache-miss
1784 http fetch GET 200 https://registry.npmjs.org/is-callable 143ms (cache miss)
1785 silly packumentCache full:https://registry.npmjs.org/is-callable set size:undefined disposed:false
1786 silly fetch manifest is-weakref@^1.1.1
1787 silly packumentCache full:https://registry.npmjs.org/is-weakref cache-miss
1788 http fetch GET 200 https://registry.npmjs.org/function.prototype.name 291ms (cache miss)
1789 silly packumentCache full:https://registry.npmjs.org/function.prototype.name set size:undefined disposed:false
1790 silly fetch manifest object-inspect@^1.13.4
1791 silly packumentCache full:https://registry.npmjs.org/object-inspect cache-miss
1792 http fetch GET 200 https://registry.npmjs.org/is-negative-zero 86ms (cache miss)
1793 silly packumentCache full:https://registry.npmjs.org/is-negative-zero set size:undefined disposed:false
1794 silly fetch manifest object.assign@^4.1.7
1795 silly packumentCache full:https://registry.npmjs.org/object.assign cache-miss
1796 http fetch GET 200 https://registry.npmjs.org/is-regex 75ms (cache miss)
1797 silly packumentCache full:https://registry.npmjs.org/is-regex set size:undefined disposed:false
1798 silly fetch manifest own-keys@^1.0.1
1799 silly packumentCache full:https://registry.npmjs.org/own-keys cache-miss
1800 http fetch GET 200 https://registry.npmjs.org/is-set 90ms (cache miss)
1801 silly packumentCache full:https://registry.npmjs.org/is-set set size:undefined disposed:false
1802 silly fetch manifest regexp.prototype.flags@^1.5.4
1803 silly packumentCache full:https://registry.npmjs.org/regexp.prototype.flags cache-miss
1804 http fetch GET 200 https://registry.npmjs.org/object.assign 73ms (cache miss)
1805 silly packumentCache full:https://registry.npmjs.org/object.assign set size:undefined disposed:false
1806 silly fetch manifest safe-array-concat@^1.1.3
1807 silly packumentCache full:https://registry.npmjs.org/safe-array-concat cache-miss
1808 http fetch GET 200 https://registry.npmjs.org/own-keys 73ms (cache miss)
1809 silly packumentCache full:https://registry.npmjs.org/own-keys set size:undefined disposed:false
1810 silly fetch manifest safe-push-apply@^1.0.0
1811 silly packumentCache full:https://registry.npmjs.org/safe-push-apply cache-miss
1812 http fetch GET 200 https://registry.npmjs.org/is-typed-array 116ms (cache miss)
1813 silly packumentCache full:https://registry.npmjs.org/is-typed-array set size:undefined disposed:false
1814 silly fetch manifest safe-regex-test@^1.1.0
1815 silly packumentCache full:https://registry.npmjs.org/safe-regex-test cache-miss
1816 http fetch GET 200 https://registry.npmjs.org/safe-regex-test 4ms (cache hit)
1817 silly packumentCache full:https://registry.npmjs.org/safe-regex-test set size:17412 disposed:false
1818 silly fetch manifest set-proto@^1.0.0
1819 silly packumentCache full:https://registry.npmjs.org/set-proto cache-miss
1820 http fetch GET 200 https://registry.npmjs.org/safe-array-concat 68ms (cache miss)
1821 silly packumentCache full:https://registry.npmjs.org/safe-array-concat set size:undefined disposed:false
1822 silly fetch manifest stop-iteration-iterator@^1.1.0
1823 silly packumentCache full:https://registry.npmjs.org/stop-iteration-iterator cache-miss
1824 http fetch GET 200 https://registry.npmjs.org/regexp.prototype.flags 109ms (cache miss)
1825 silly packumentCache full:https://registry.npmjs.org/regexp.prototype.flags set size:undefined disposed:false
1826 silly fetch manifest string.prototype.trim@^1.2.10
1827 silly packumentCache full:https://registry.npmjs.org/string.prototype.trim cache-miss
1828 http fetch GET 200 https://registry.npmjs.org/safe-push-apply 87ms (cache miss)
1829 silly packumentCache full:https://registry.npmjs.org/safe-push-apply set size:undefined disposed:false
1830 silly fetch manifest string.prototype.trimstart@^1.0.8
1831 silly packumentCache full:https://registry.npmjs.org/string.prototype.trimstart cache-miss
1832 http fetch GET 200 https://registry.npmjs.org/is-shared-array-buffer 214ms (cache miss)
1833 silly packumentCache full:https://registry.npmjs.org/is-shared-array-buffer set size:undefined disposed:false
1834 silly fetch manifest typed-array-buffer@^1.0.3
1835 silly packumentCache full:https://registry.npmjs.org/typed-array-buffer cache-miss
1836 http fetch GET 200 https://registry.npmjs.org/stop-iteration-iterator 64ms (cache miss)
1837 silly packumentCache full:https://registry.npmjs.org/stop-iteration-iterator set size:undefined disposed:false
1838 silly fetch manifest typed-array-byte-length@^1.0.3
1839 silly packumentCache full:https://registry.npmjs.org/typed-array-byte-length cache-miss
1840 http fetch GET 200 https://registry.npmjs.org/set-proto 118ms (cache miss)
1841 silly packumentCache full:https://registry.npmjs.org/set-proto set size:undefined disposed:false
1842 silly fetch manifest typed-array-byte-offset@^1.0.4
1843 silly packumentCache full:https://registry.npmjs.org/typed-array-byte-offset cache-miss
1844 http fetch GET 200 https://registry.npmjs.org/is-weakref 237ms (cache miss)
1845 silly packumentCache full:https://registry.npmjs.org/is-weakref set size:undefined disposed:false
1846 silly fetch manifest typed-array-length@^1.0.7
1847 silly packumentCache full:https://registry.npmjs.org/typed-array-length cache-miss
1848 http fetch GET 200 https://registry.npmjs.org/object-inspect 266ms (cache miss)
1849 silly packumentCache full:https://registry.npmjs.org/object-inspect set size:undefined disposed:false
1850 silly fetch manifest unbox-primitive@^1.1.0
1851 silly packumentCache full:https://registry.npmjs.org/unbox-primitive cache-miss
1852 http fetch GET 200 https://registry.npmjs.org/string.prototype.trimstart 90ms (cache miss)
1853 silly packumentCache full:https://registry.npmjs.org/string.prototype.trimstart set size:undefined disposed:false
1854 silly fetch manifest which-typed-array@^1.1.19
1855 silly packumentCache full:https://registry.npmjs.org/which-typed-array cache-miss
1856 http fetch GET 200 https://registry.npmjs.org/typed-array-buffer 99ms (cache miss)
1857 silly packumentCache full:https://registry.npmjs.org/typed-array-buffer set size:undefined disposed:false
1858 silly fetch manifest has-tostringtag@^1.0.2
1859 silly packumentCache full:https://registry.npmjs.org/has-tostringtag cache-miss
1860 http fetch GET 200 https://registry.npmjs.org/typed-array-byte-length 85ms (cache miss)
1861 silly packumentCache full:https://registry.npmjs.org/typed-array-byte-length set size:undefined disposed:false
1862 http fetch GET 200 https://registry.npmjs.org/string.prototype.trim 132ms (cache miss)
1863 silly packumentCache full:https://registry.npmjs.org/string.prototype.trim set size:undefined disposed:false
1864 http fetch GET 200 https://registry.npmjs.org/typed-array-length 84ms (cache miss)
1865 silly packumentCache full:https://registry.npmjs.org/typed-array-length set size:undefined disposed:false
1866 http fetch GET 200 https://registry.npmjs.org/which-typed-array 63ms (cache miss)
1867 silly packumentCache full:https://registry.npmjs.org/which-typed-array set size:undefined disposed:false
1868 http fetch GET 200 https://registry.npmjs.org/has-tostringtag 108ms (cache miss)
1869 silly packumentCache full:https://registry.npmjs.org/has-tostringtag set size:undefined disposed:false
1870 http fetch GET 200 https://registry.npmjs.org/typed-array-byte-offset 233ms (cache miss)
1871 silly packumentCache full:https://registry.npmjs.org/typed-array-byte-offset set size:undefined disposed:false
1872 http fetch GET 200 https://registry.npmjs.org/unbox-primitive 225ms (cache miss)
1873 silly packumentCache full:https://registry.npmjs.org/unbox-primitive set size:undefined disposed:false
1874 silly placeDep ROOT es-errors@1.3.0 OK for: array.prototype.findlastindex@1.2.6 want: ^1.3.0
1875 silly placeDep ROOT es-shim-unscopables@1.1.0 OK for: array.prototype.findlastindex@1.2.6 want: ^1.1.0
1876 silly placeDep ROOT call-bind-apply-helpers@1.0.2 OK for: call-bind@1.0.8 want: ^1.0.0
1877 silly placeDep ROOT es-define-property@1.0.1 OK for: call-bind@1.0.8 want: ^1.0.0
1878 silly placeDep ROOT set-function-length@1.2.2 OK for: call-bind@1.0.8 want: ^1.2.2
1879 silly fetch manifest define-data-property@^1.1.4
1880 silly packumentCache full:https://registry.npmjs.org/define-data-property cache-miss
1881 silly fetch manifest gopd@^1.0.1
1882 silly packumentCache full:https://registry.npmjs.org/gopd cache-miss
1883 http fetch GET 200 https://registry.npmjs.org/define-data-property 6ms (cache hit)
1884 silly packumentCache full:https://registry.npmjs.org/define-data-property set size:28048 disposed:false
1885 http fetch GET 200 https://registry.npmjs.org/gopd 6ms (cache hit)
1886 silly packumentCache full:https://registry.npmjs.org/gopd set size:11458 disposed:false
1887 silly placeDep ROOT function-bind@1.1.2 OK for: call-bind-apply-helpers@1.0.2 want: ^1.1.2
1888 silly placeDep ROOT define-data-property@1.1.4 OK for: define-properties@1.2.1 want: ^1.0.1
1889 silly placeDep ROOT has-property-descriptors@1.0.2 OK for: define-properties@1.2.1 want: ^1.0.0
1890 silly placeDep ROOT object-keys@1.1.1 OK for: define-properties@1.2.1 want: ^1.1.1
1891 silly placeDep ROOT gopd@1.2.0 OK for: define-data-property@1.1.4 want: ^1.0.1
1892 silly placeDep ROOT array-buffer-byte-length@1.0.2 OK for: es-abstract@1.24.1 want: ^1.0.2
1893 silly placeDep ROOT arraybuffer.prototype.slice@1.0.4 OK for: es-abstract@1.24.1 want: ^1.0.4
1894 silly placeDep ROOT available-typed-arrays@1.0.7 OK for: es-abstract@1.24.1 want: ^1.0.7
1895 silly placeDep ROOT data-view-buffer@1.0.2 OK for: es-abstract@1.24.1 want: ^1.0.2
1896 silly placeDep ROOT data-view-byte-length@1.0.2 OK for: es-abstract@1.24.1 want: ^1.0.2
1897 silly placeDep ROOT data-view-byte-offset@1.0.1 OK for: es-abstract@1.24.1 want: ^1.0.1
1898 silly placeDep ROOT es-set-tostringtag@2.1.0 OK for: es-abstract@1.24.1 want: ^2.1.0
1899 silly placeDep ROOT es-to-primitive@1.3.0 OK for: es-abstract@1.24.1 want: ^1.3.0
1900 silly placeDep ROOT function.prototype.name@1.1.8 OK for: es-abstract@1.24.1 want: ^1.1.8
1901 silly placeDep ROOT get-proto@1.0.1 OK for: es-abstract@1.24.1 want: ^1.0.1
1902 silly placeDep ROOT get-symbol-description@1.1.0 OK for: es-abstract@1.24.1 want: ^1.1.0
1903 silly placeDep ROOT globalthis@1.0.4 OK for: es-abstract@1.24.1 want: ^1.0.4
1904 silly placeDep ROOT has-proto@1.2.0 OK for: es-abstract@1.24.1 want: ^1.2.0
1905 silly placeDep ROOT has-symbols@1.1.0 OK for: es-abstract@1.24.1 want: ^1.1.0
1906 silly placeDep ROOT internal-slot@1.1.0 OK for: es-abstract@1.24.1 want: ^1.1.0
1907 silly placeDep ROOT is-array-buffer@3.0.5 OK for: es-abstract@1.24.1 want: ^3.0.5
1908 silly placeDep ROOT is-callable@1.2.7 OK for: es-abstract@1.24.1 want: ^1.2.7
1909 silly placeDep ROOT is-data-view@1.0.2 OK for: es-abstract@1.24.1 want: ^1.0.2
1910 silly placeDep ROOT is-negative-zero@2.0.3 OK for: es-abstract@1.24.1 want: ^2.0.3
1911 silly placeDep ROOT is-regex@1.2.1 OK for: es-abstract@1.24.1 want: ^1.2.1
1912 silly placeDep ROOT is-set@2.0.3 OK for: es-abstract@1.24.1 want: ^2.0.3
1913 silly placeDep ROOT is-shared-array-buffer@1.0.4 OK for: es-abstract@1.24.1 want: ^1.0.4
1914 silly placeDep ROOT is-typed-array@1.1.15 OK for: es-abstract@1.24.1 want: ^1.1.15
1915 silly placeDep ROOT is-weakref@1.1.1 OK for: es-abstract@1.24.1 want: ^1.1.1
1916 silly placeDep ROOT object-inspect@1.13.4 OK for: es-abstract@1.24.1 want: ^1.13.4
1917 silly placeDep ROOT object.assign@4.1.7 OK for: es-abstract@1.24.1 want: ^4.1.7
1918 silly placeDep ROOT own-keys@1.0.1 OK for: es-abstract@1.24.1 want: ^1.0.1
1919 silly placeDep ROOT regexp.prototype.flags@1.5.4 OK for: es-abstract@1.24.1 want: ^1.5.4
1920 silly placeDep ROOT safe-array-concat@1.1.3 OK for: es-abstract@1.24.1 want: ^1.1.3
1921 silly placeDep ROOT safe-push-apply@1.0.0 OK for: es-abstract@1.24.1 want: ^1.0.0
1922 silly placeDep ROOT safe-regex-test@1.1.0 OK for: es-abstract@1.24.1 want: ^1.1.0
1923 silly placeDep ROOT set-proto@1.0.0 OK for: es-abstract@1.24.1 want: ^1.0.0
1924 silly placeDep ROOT stop-iteration-iterator@1.1.0 OK for: es-abstract@1.24.1 want: ^1.1.0
1925 silly placeDep ROOT string.prototype.trim@1.2.10 OK for: es-abstract@1.24.1 want: ^1.2.10
1926 silly placeDep ROOT string.prototype.trimstart@1.0.8 OK for: es-abstract@1.24.1 want: ^1.0.8
1927 silly placeDep ROOT typed-array-buffer@1.0.3 OK for: es-abstract@1.24.1 want: ^1.0.3
1928 silly placeDep ROOT typed-array-byte-length@1.0.3 OK for: es-abstract@1.24.1 want: ^1.0.3
1929 silly placeDep ROOT typed-array-byte-offset@1.0.4 OK for: es-abstract@1.24.1 want: ^1.0.4
1930 silly placeDep ROOT typed-array-length@1.0.7 OK for: es-abstract@1.24.1 want: ^1.0.7
1931 silly placeDep ROOT unbox-primitive@1.1.0 OK for: es-abstract@1.24.1 want: ^1.1.0
1932 silly placeDep ROOT which-typed-array@1.1.20 OK for: es-abstract@1.24.1 want: ^1.1.19
1933 silly fetch manifest is-array-buffer@^3.0.4
1934 silly packumentCache full:https://registry.npmjs.org/is-array-buffer cache-miss
1935 silly fetch manifest possible-typed-array-names@^1.0.0
1936 silly packumentCache full:https://registry.npmjs.org/possible-typed-array-names cache-miss
1937 silly fetch manifest is-data-view@^1.0.1
1938 silly packumentCache full:https://registry.npmjs.org/is-data-view cache-miss
1939 silly fetch manifest is-date-object@^1.0.5
1940 silly packumentCache full:https://registry.npmjs.org/is-date-object cache-miss
1941 silly fetch manifest is-symbol@^1.0.4
1942 silly packumentCache full:https://registry.npmjs.org/is-symbol cache-miss
1943 silly fetch manifest functions-have-names@^1.2.3
1944 silly packumentCache full:https://registry.npmjs.org/functions-have-names cache-miss
1945 silly fetch manifest dunder-proto@^1.0.1
1946 silly packumentCache full:https://registry.npmjs.org/dunder-proto cache-miss
1947 http fetch GET 200 https://registry.npmjs.org/is-array-buffer 22ms (cache hit)
1948 silly packumentCache full:https://registry.npmjs.org/is-array-buffer set size:33562 disposed:false
1949 silly fetch manifest dunder-proto@^1.0.0
1950 silly packumentCache full:https://registry.npmjs.org/dunder-proto cache-miss
1951 http fetch GET 200 https://registry.npmjs.org/is-data-view 22ms (cache hit)
1952 silly packumentCache full:https://registry.npmjs.org/is-data-view set size:13756 disposed:false
1953 silly fetch manifest side-channel@^1.1.0
1954 silly packumentCache full:https://registry.npmjs.org/side-channel cache-miss
1955 http fetch GET 200 https://registry.npmjs.org/is-date-object 79ms (cache miss)
1956 silly packumentCache full:https://registry.npmjs.org/is-date-object set size:undefined disposed:false
1957 silly fetch manifest is-typed-array@^1.1.13
1958 silly packumentCache full:https://registry.npmjs.org/is-typed-array cache-miss
1959 http fetch GET 200 https://registry.npmjs.org/is-symbol 85ms (cache miss)
1960 silly packumentCache full:https://registry.npmjs.org/is-symbol set size:undefined disposed:false
1961 silly fetch manifest which-typed-array@^1.1.16
1962 silly packumentCache full:https://registry.npmjs.org/which-typed-array cache-miss
1963 http fetch GET 200 https://registry.npmjs.org/dunder-proto 88ms (cache miss)
1964 silly packumentCache full:https://registry.npmjs.org/dunder-proto set size:undefined disposed:false
1965 silly fetch manifest set-function-name@^2.0.2
1966 silly packumentCache full:https://registry.npmjs.org/set-function-name cache-miss
1967 http fetch GET 200 https://registry.npmjs.org/is-typed-array 21ms (cache hit)
1968 silly packumentCache full:https://registry.npmjs.org/is-typed-array set size:79965 disposed:false
1969 silly fetch manifest isarray@^2.0.5
1970 silly packumentCache full:https://registry.npmjs.org/isarray cache-miss
1971 http fetch GET 200 https://registry.npmjs.org/which-typed-array 18ms (cache hit)
1972 silly packumentCache full:https://registry.npmjs.org/which-typed-array set size:93605 disposed:false
1973 silly fetch manifest isarray@^2.0.5
1974 silly packumentCache full:https://registry.npmjs.org/isarray cache-miss
1975 http fetch GET 200 https://registry.npmjs.org/possible-typed-array-names 119ms (cache miss)
1976 silly packumentCache full:https://registry.npmjs.org/possible-typed-array-names set size:undefined disposed:false
1977 silly fetch manifest for-each@^0.3.3
1978 silly packumentCache full:https://registry.npmjs.org/for-each cache-miss
1979 http fetch GET 200 https://registry.npmjs.org/functions-have-names 117ms (cache miss)
1980 silly packumentCache full:https://registry.npmjs.org/functions-have-names set size:undefined disposed:false
1981 silly fetch manifest for-each@^0.3.3
1982 silly packumentCache full:https://registry.npmjs.org/for-each cache-miss
1983 http fetch GET 200 https://registry.npmjs.org/isarray 75ms (cache miss)
1984 silly packumentCache full:https://registry.npmjs.org/isarray set size:undefined disposed:false
1985 silly fetch manifest reflect.getprototypeof@^1.0.9
1986 silly packumentCache full:https://registry.npmjs.org/reflect.getprototypeof cache-miss
1987 http fetch GET 200 https://registry.npmjs.org/for-each 78ms (cache miss)
1988 silly packumentCache full:https://registry.npmjs.org/for-each set size:undefined disposed:false
1989 silly fetch manifest reflect.getprototypeof@^1.0.6
1990 silly packumentCache full:https://registry.npmjs.org/reflect.getprototypeof cache-miss
1991 http fetch GET 200 https://registry.npmjs.org/set-function-name 109ms (cache miss)
1992 silly packumentCache full:https://registry.npmjs.org/set-function-name set size:undefined disposed:false
1993 silly fetch manifest has-bigints@^1.0.2
1994 silly packumentCache full:https://registry.npmjs.org/has-bigints cache-miss
1995 http fetch GET 200 https://registry.npmjs.org/isarray 100ms (cache miss)
1996 silly packumentCache full:https://registry.npmjs.org/isarray set size:undefined disposed:false
1997 silly fetch manifest which-boxed-primitive@^1.1.1
1998 silly packumentCache full:https://registry.npmjs.org/which-boxed-primitive cache-miss
1999 http fetch GET 200 https://registry.npmjs.org/for-each 96ms (cache miss)
2000 silly packumentCache full:https://registry.npmjs.org/for-each set size:undefined disposed:false
2001 silly fetch manifest for-each@^0.3.5
2002 silly packumentCache full:https://registry.npmjs.org/for-each cache-miss
2003 http fetch GET 200 https://registry.npmjs.org/for-each 3ms (cache hit)
2004 silly packumentCache full:https://registry.npmjs.org/for-each set size:14327 disposed:false
2005 http fetch GET 200 https://registry.npmjs.org/dunder-proto 226ms (cache miss)
2006 silly packumentCache full:https://registry.npmjs.org/dunder-proto set size:undefined disposed:false
2007 http fetch GET 200 https://registry.npmjs.org/side-channel 225ms (cache miss)
2008 silly packumentCache full:https://registry.npmjs.org/side-channel set size:undefined disposed:false
2009 http fetch GET 200 https://registry.npmjs.org/reflect.getprototypeof 71ms (cache miss)
2010 silly packumentCache full:https://registry.npmjs.org/reflect.getprototypeof set size:undefined disposed:false
2011 http fetch GET 200 https://registry.npmjs.org/which-boxed-primitive 69ms (cache miss)
2012 silly packumentCache full:https://registry.npmjs.org/which-boxed-primitive set size:undefined disposed:false
2013 http fetch GET 200 https://registry.npmjs.org/reflect.getprototypeof 86ms (cache miss)
2014 silly packumentCache full:https://registry.npmjs.org/reflect.getprototypeof set size:undefined disposed:false
2015 http fetch GET 200 https://registry.npmjs.org/has-bigints 102ms (cache miss)
2016 silly packumentCache full:https://registry.npmjs.org/has-bigints set size:undefined disposed:false
2017 silly placeDep ROOT possible-typed-array-names@1.1.0 OK for: available-typed-arrays@1.0.7 want: ^1.0.0
2018 silly placeDep ROOT has-tostringtag@1.0.2 OK for: es-set-tostringtag@2.1.0 want: ^1.0.2
2019 silly placeDep ROOT is-date-object@1.1.0 OK for: es-to-primitive@1.3.0 want: ^1.0.5
2020 silly placeDep ROOT is-symbol@1.1.1 OK for: es-to-primitive@1.3.0 want: ^1.0.4
2021 silly placeDep node_modules/eslint-module-utils debug@3.2.7 OK for: eslint-module-utils@2.12.1 want: ^3.2.7
2022 silly placeDep ROOT aria-query@5.3.2 OK for: eslint-plugin-jsx-a11y@6.10.2 want: ^5.3.2
2023 silly placeDep ROOT ast-types-flow@0.0.8 OK for: eslint-plugin-jsx-a11y@6.10.2 want: ^0.0.8
2024 silly placeDep ROOT axe-core@4.11.1 OK for: eslint-plugin-jsx-a11y@6.10.2 want: ^4.10.0
2025 silly placeDep ROOT axobject-query@4.1.0 OK for: eslint-plugin-jsx-a11y@6.10.2 want: ^4.1.0
2026 silly placeDep ROOT damerau-levenshtein@1.0.8 OK for: eslint-plugin-jsx-a11y@6.10.2 want: ^1.0.8
2027 silly placeDep ROOT emoji-regex@9.2.2 OK for: eslint-plugin-jsx-a11y@6.10.2 want: ^9.2.2
2028 silly placeDep ROOT jsx-ast-utils@3.3.5 OK for: eslint-plugin-jsx-a11y@6.10.2 want: ^3.3.5
2029 silly placeDep ROOT language-tags@1.0.9 OK for: eslint-plugin-jsx-a11y@6.10.2 want: ^1.0.9
2030 silly placeDep ROOT string.prototype.includes@2.0.1 OK for: eslint-plugin-jsx-a11y@6.10.2 want: ^2.0.1
2031 silly fetch manifest language-subtag-registry@^0.3.20
2032 silly packumentCache full:https://registry.npmjs.org/language-subtag-registry cache-miss
2033 http fetch GET 200 https://registry.npmjs.org/language-subtag-registry 419ms (cache miss)
2034 silly packumentCache full:https://registry.npmjs.org/language-subtag-registry set size:undefined disposed:false
2035 silly placeDep ROOT array.prototype.findlast@1.2.5 OK for: eslint-plugin-react@7.37.5 want: ^1.2.5
2036 silly placeDep ROOT array.prototype.tosorted@1.1.4 OK for: eslint-plugin-react@7.37.5 want: ^1.1.4
2037 silly placeDep node_modules/eslint-plugin-react doctrine@2.1.0 OK for: eslint-plugin-react@7.37.5 want: ^2.1.0
2038 silly placeDep ROOT es-iterator-helpers@1.2.2 OK for: eslint-plugin-react@7.37.5 want: ^1.2.1
2039 silly placeDep ROOT estraverse@5.3.0 OK for: eslint-plugin-react@7.37.5 want: ^5.3.0
2040 silly placeDep ROOT object.entries@1.1.9 OK for: eslint-plugin-react@7.37.5 want: ^1.1.9
2041 silly placeDep ROOT prop-types@15.8.1 OK for: eslint-plugin-react@7.37.5 want: ^15.8.1
2042 silly placeDep node_modules/eslint-plugin-react resolve@2.0.0-next.5 OK for: eslint-plugin-react@7.37.5 want: ^2.0.0-next.5
2043 silly placeDep node_modules/eslint-plugin-react semver@6.3.1 OK for: eslint-plugin-react@7.37.5 want: ^6.3.1
2044 silly placeDep ROOT string.prototype.matchall@4.0.12 OK for: eslint-plugin-react@7.37.5 want: ^4.0.12
2045 silly placeDep ROOT string.prototype.repeat@1.0.0 OK for: eslint-plugin-react@7.37.5 want: ^1.0.0
2046 silly fetch manifest iterator.prototype@^1.1.5
2047 silly packumentCache full:https://registry.npmjs.org/iterator.prototype cache-miss
2048 silly fetch manifest loose-envify@^1.4.0
2049 silly packumentCache full:https://registry.npmjs.org/loose-envify cache-miss
2050 silly fetch manifest object-assign@^4.1.1
2051 silly packumentCache full:https://registry.npmjs.org/object-assign cache-miss
2052 silly fetch manifest react-is@^16.13.1
2053 silly packumentCache full:https://registry.npmjs.org/react-is cache-miss
2054 http fetch GET 200 https://registry.npmjs.org/loose-envify 12ms (cache hit)
2055 silly packumentCache full:https://registry.npmjs.org/loose-envify set size:12559 disposed:false
2056 http fetch GET 200 https://registry.npmjs.org/react-is 319ms (cache miss)
2057 silly packumentCache full:https://registry.npmjs.org/react-is set size:undefined disposed:false
2058 http fetch GET 200 https://registry.npmjs.org/iterator.prototype 395ms (cache miss)
2059 silly packumentCache full:https://registry.npmjs.org/iterator.prototype set size:undefined disposed:false
2060 http fetch GET 200 https://registry.npmjs.org/object-assign 393ms (cache miss)
2061 silly packumentCache full:https://registry.npmjs.org/object-assign set size:undefined disposed:false
2062 silly placeDep ROOT iterator.prototype@1.1.5 OK for: es-iterator-helpers@1.2.2 want: ^1.1.5
2063 silly placeDep ROOT esrecurse@4.3.0 OK for: eslint-scope@7.2.2 want: ^4.3.0
2064 silly placeDep ROOT acorn@8.15.0 OK for: espree@9.6.1 want: ^8.9.0
2065 silly placeDep ROOT acorn-jsx@5.3.2 OK for: espree@9.6.1 want: ^5.3.2
2066 silly placeDep ROOT reusify@1.1.0 OK for: fastq@1.20.1 want: ^1.0.4
2067 silly placeDep ROOT flat-cache@3.2.0 OK for: file-entry-cache@6.0.1 want: ^3.0.4
2068 silly fetch manifest keyv@^4.5.3
2069 silly packumentCache full:https://registry.npmjs.org/keyv cache-miss
2070 silly fetch manifest rimraf@^3.0.2
2071 silly packumentCache full:https://registry.npmjs.org/rimraf cache-miss
2072 silly fetch manifest flatted@^3.2.9
2073 silly packumentCache full:https://registry.npmjs.org/flatted cache-miss
2074 http fetch GET 200 https://registry.npmjs.org/flatted 94ms (cache miss)
2075 silly packumentCache full:https://registry.npmjs.org/flatted set size:undefined disposed:false
2076 http fetch GET 200 https://registry.npmjs.org/rimraf 105ms (cache miss)
2077 silly packumentCache full:https://registry.npmjs.org/rimraf set size:undefined disposed:false
2078 http fetch GET 200 https://registry.npmjs.org/keyv 113ms (cache miss)
2079 silly packumentCache full:https://registry.npmjs.org/keyv set size:undefined disposed:false
2080 silly placeDep ROOT locate-path@6.0.0 OK for: find-up@5.0.0 want: ^6.0.0
2081 silly placeDep ROOT path-exists@4.0.0 OK for: find-up@5.0.0 want: ^4.0.0
2082 silly fetch manifest p-locate@^5.0.0
2083 silly packumentCache full:https://registry.npmjs.org/p-locate cache-miss
2084 http fetch GET 200 https://registry.npmjs.org/p-locate 128ms (cache miss)
2085 silly packumentCache full:https://registry.npmjs.org/p-locate set size:undefined disposed:false
2086 silly placeDep ROOT flatted@3.3.3 OK for: flat-cache@3.2.0 want: ^3.2.9
2087 silly placeDep ROOT keyv@4.5.4 OK for: flat-cache@3.2.0 want: ^4.5.3
2088 silly placeDep ROOT rimraf@3.0.2 OK for: flat-cache@3.2.0 want: ^3.0.2
2089 silly fetch manifest json-buffer@3.0.1
2090 silly packumentCache full:https://registry.npmjs.org/json-buffer cache-miss
2091 http fetch GET 200 https://registry.npmjs.org/json-buffer 66ms (cache miss)
2092 silly packumentCache full:https://registry.npmjs.org/json-buffer set size:undefined disposed:false
2093 silly placeDep ROOT @emotion/is-prop-valid@0.8.8 OK for: framer-motion@10.18.0 want: ^0.8.2
2094 silly placeDep ROOT tslib@2.8.1 OK for: framer-motion@10.18.0 want: ^2.4.0
2095 silly fetch manifest @emotion/memoize@0.7.4
2096 silly packumentCache full:https://registry.npmjs.org/@emotion%2fmemoize cache-miss
2097 http fetch GET 200 https://registry.npmjs.org/@emotion%2fmemoize 284ms (cache miss)
2098 silly packumentCache full:https://registry.npmjs.org/@emotion%2fmemoize set size:undefined disposed:false
2099 silly placeDep ROOT @emotion/memoize@0.7.4 OK for: @emotion/is-prop-valid@0.8.8 want: 0.7.4
2100 silly placeDep ROOT functions-have-names@1.2.3 OK for: function.prototype.name@1.1.8 want: ^1.2.3
2101 silly placeDep ROOT dunder-proto@1.0.1 OK for: get-proto@1.0.1 want: ^1.0.1
2102 silly placeDep ROOT resolve-pkg-maps@1.0.0 OK for: get-tsconfig@4.13.6 want: ^1.0.0
2103 silly placeDep ROOT fs.realpath@1.0.0 OK for: glob@7.1.7 want: ^1.0.0
2104 silly placeDep ROOT inflight@1.0.6 OK for: glob@7.1.7 want: ^1.0.4
2105 silly placeDep ROOT inherits@2.0.4 OK for: glob@7.1.7 want: 2
2106 silly placeDep ROOT once@1.4.0 OK for: glob@7.1.7 want: ^1.3.0
2107 silly placeDep ROOT path-is-absolute@1.0.1 OK for: glob@7.1.7 want: ^1.0.0
2108 silly fetch manifest wrappy@1
2109 silly packumentCache full:https://registry.npmjs.org/wrappy cache-miss
2110 silly fetch manifest wrappy@1
2111 silly packumentCache full:https://registry.npmjs.org/wrappy cache-miss
2112 http fetch GET 200 https://registry.npmjs.org/wrappy 73ms (cache miss)
2113 silly packumentCache full:https://registry.npmjs.org/wrappy set size:undefined disposed:false
2114 http fetch GET 200 https://registry.npmjs.org/wrappy 324ms (cache miss)
2115 silly packumentCache full:https://registry.npmjs.org/wrappy set size:undefined disposed:false
2116 silly placeDep ROOT type-fest@0.20.2 OK for: globals@13.24.0 want: ^0.20.2
2117 silly placeDep ROOT array-union@2.1.0 OK for: globby@11.1.0 want: ^2.1.0
2118 silly placeDep ROOT dir-glob@3.0.1 OK for: globby@11.1.0 want: ^3.0.1
2119 silly placeDep ROOT fast-glob@3.3.3 OK for: globby@11.1.0 want: ^3.2.9
2120 silly placeDep ROOT merge2@1.4.1 OK for: globby@11.1.0 want: ^1.4.1
2121 silly placeDep ROOT slash@3.0.0 OK for: globby@11.1.0 want: ^3.0.0
2122 silly fetch manifest path-type@^4.0.0
2123 silly packumentCache full:https://registry.npmjs.org/path-type cache-miss
2124 silly fetch manifest glob-parent@^5.1.2
2125 silly packumentCache full:https://registry.npmjs.org/glob-parent cache-miss
2126 silly fetch manifest merge2@^1.3.0
2127 silly packumentCache full:https://registry.npmjs.org/merge2 cache-miss
2128 http fetch GET 200 https://registry.npmjs.org/glob-parent 8ms (cache hit)
2129 silly packumentCache full:https://registry.npmjs.org/glob-parent set size:42445 disposed:false
2130 http fetch GET 200 https://registry.npmjs.org/merge2 9ms (cache hit)
2131 silly packumentCache full:https://registry.npmjs.org/merge2 set size:46159 disposed:false
2132 http fetch GET 200 https://registry.npmjs.org/path-type 102ms (cache miss)
2133 silly packumentCache full:https://registry.npmjs.org/path-type set size:undefined disposed:false
2134 silly placeDep ROOT path-type@4.0.0 OK for: dir-glob@3.0.1 want: ^4.0.0
2135 silly placeDep node_modules/fast-glob glob-parent@5.1.2 OK for: fast-glob@3.3.3 want: ^5.1.2
2136 silly placeDep ROOT micromatch@4.0.8 OK for: fast-glob@3.3.3 want: ^4.0.8
2137 silly fetch manifest braces@^3.0.3
2138 silly packumentCache full:https://registry.npmjs.org/braces cache-miss
2139 silly fetch manifest picomatch@^2.3.1
2140 silly packumentCache full:https://registry.npmjs.org/picomatch cache-miss
2141 http fetch GET 200 https://registry.npmjs.org/picomatch 8ms (cache hit)
2142 silly packumentCache full:https://registry.npmjs.org/picomatch set size:118818 disposed:false
2143 http fetch GET 200 https://registry.npmjs.org/braces 151ms (cache miss)
2144 silly packumentCache full:https://registry.npmjs.org/braces set size:undefined disposed:false
2145 silly placeDep ROOT parent-module@1.0.1 OK for: import-fresh@3.3.1 want: ^1.0.0
2146 silly placeDep ROOT resolve-from@4.0.0 OK for: import-fresh@3.3.1 want: ^4.0.0
2147 silly fetch manifest callsites@^3.0.0
2148 silly packumentCache full:https://registry.npmjs.org/callsites cache-miss
2149 http fetch GET 200 https://registry.npmjs.org/callsites 95ms (cache miss)
2150 silly packumentCache full:https://registry.npmjs.org/callsites set size:undefined disposed:false
2151 silly placeDep ROOT wrappy@1.0.2 OK for: inflight@1.0.6 want: 1
2152 silly placeDep ROOT side-channel@1.1.0 OK for: internal-slot@1.1.0 want: ^1.1.0
2153 silly fetch manifest side-channel-list@^1.0.0
2154 silly packumentCache full:https://registry.npmjs.org/side-channel-list cache-miss
2155 silly fetch manifest side-channel-map@^1.0.1
2156 silly packumentCache full:https://registry.npmjs.org/side-channel-map cache-miss
2157 silly fetch manifest side-channel-weakmap@^1.0.2
2158 silly packumentCache full:https://registry.npmjs.org/side-channel-weakmap cache-miss
2159 http fetch GET 200 https://registry.npmjs.org/side-channel-weakmap 69ms (cache miss)
2160 silly packumentCache full:https://registry.npmjs.org/side-channel-weakmap set size:undefined disposed:false
2161 http fetch GET 200 https://registry.npmjs.org/side-channel-list 107ms (cache miss)
2162 silly packumentCache full:https://registry.npmjs.org/side-channel-list set size:undefined disposed:false
2163 http fetch GET 200 https://registry.npmjs.org/side-channel-map 458ms (cache miss)
2164 silly packumentCache full:https://registry.npmjs.org/side-channel-map set size:undefined disposed:false
2165 silly placeDep ROOT is-extglob@2.1.1 OK for: is-glob@4.0.3 want: ^2.1.1
2166 silly placeDep ROOT set-function-name@2.0.2 OK for: iterator.prototype@1.1.5 want: ^2.0.2
2167 silly placeDep node_modules/its-fine @types/react-reconciler@0.28.9 OK for: its-fine@1.2.5 want: ^0.28.0
2168 silly placeDep ROOT argparse@2.0.1 OK for: js-yaml@4.1.1 want: ^2.0.1
2169 silly placeDep ROOT json-buffer@3.0.1 OK for: keyv@4.5.4 want: 3.0.1
2170 silly placeDep ROOT language-subtag-registry@0.3.23 OK for: language-tags@1.0.9 want: ^0.3.20
2171 silly placeDep ROOT prelude-ls@1.2.1 OK for: levn@0.4.1 want: ^1.2.1
2172 silly placeDep ROOT type-check@0.4.0 OK for: levn@0.4.1 want: ~0.4.0
2173 silly placeDep ROOT p-locate@5.0.0 OK for: locate-path@6.0.0 want: ^5.0.0
2174 silly fetch manifest p-limit@^3.0.2
2175 silly packumentCache full:https://registry.npmjs.org/p-limit cache-miss
2176 http fetch GET 200 https://registry.npmjs.org/p-limit 323ms (cache miss)
2177 silly packumentCache full:https://registry.npmjs.org/p-limit set size:undefined disposed:false
2178 silly placeDep ROOT braces@3.0.3 OK for: micromatch@4.0.8 want: ^3.0.3
2179 silly placeDep ROOT picomatch@2.3.1 OK for: micromatch@4.0.8 want: ^2.3.1
2180 silly fetch manifest fill-range@^7.1.1
2181 silly packumentCache full:https://registry.npmjs.org/fill-range cache-miss
2182 http fetch GET 200 https://registry.npmjs.org/fill-range 135ms (cache miss)
2183 silly packumentCache full:https://registry.npmjs.org/fill-range set size:undefined disposed:false
2184 silly placeDep ROOT fill-range@7.1.1 OK for: braces@3.0.3 want: ^7.1.1
2185 silly fetch manifest to-regex-range@^5.0.1
2186 silly packumentCache full:https://registry.npmjs.org/to-regex-range cache-miss
2187 http fetch GET 200 https://registry.npmjs.org/to-regex-range 87ms (cache miss)
2188 silly packumentCache full:https://registry.npmjs.org/to-regex-range set size:undefined disposed:false
2189 silly placeDep ROOT to-regex-range@5.0.1 OK for: fill-range@7.1.1 want: ^5.0.1
2190 silly fetch manifest is-number@^7.0.0
2191 silly packumentCache full:https://registry.npmjs.org/is-number cache-miss
2192 http fetch GET 200 https://registry.npmjs.org/is-number 81ms (cache miss)
2193 silly packumentCache full:https://registry.npmjs.org/is-number set size:undefined disposed:false
2194 silly placeDep ROOT brace-expansion@1.1.12 OK for: minimatch@3.1.2 want: ^1.1.7
2195 silly fetch manifest balanced-match@^1.0.0
2196 silly packumentCache full:https://registry.npmjs.org/balanced-match cache-miss
2197 silly fetch manifest concat-map@0.0.1
2198 silly packumentCache full:https://registry.npmjs.org/concat-map cache-miss
2199 http fetch GET 200 https://registry.npmjs.org/balanced-match 114ms (cache miss)
2200 silly packumentCache full:https://registry.npmjs.org/balanced-match set size:undefined disposed:false
2201 http fetch GET 200 https://registry.npmjs.org/concat-map 126ms (cache miss)
2202 silly packumentCache full:https://registry.npmjs.org/concat-map set size:undefined disposed:false
2203 silly placeDep ROOT balanced-match@1.0.2 OK for: brace-expansion@1.1.12 want: ^1.0.0
2204 silly placeDep ROOT concat-map@0.0.1 OK for: brace-expansion@1.1.12 want: 0.0.1
2205 silly placeDep ROOT @next/env@14.0.4 OK for: next@14.0.4 want: 14.0.4
2206 silly placeDep ROOT @next/swc-darwin-arm64@14.0.4 OK for: next@14.0.4 want: 14.0.4
2207 silly placeDep ROOT @next/swc-darwin-x64@14.0.4 OK for: next@14.0.4 want: 14.0.4
2208 silly placeDep ROOT @next/swc-linux-arm64-gnu@14.0.4 OK for: next@14.0.4 want: 14.0.4
2209 silly placeDep ROOT @next/swc-linux-arm64-musl@14.0.4 OK for: next@14.0.4 want: 14.0.4
2210 silly placeDep ROOT @next/swc-linux-x64-gnu@14.0.4 OK for: next@14.0.4 want: 14.0.4
2211 silly placeDep ROOT @next/swc-linux-x64-musl@14.0.4 OK for: next@14.0.4 want: 14.0.4
2212 silly placeDep ROOT @next/swc-win32-arm64-msvc@14.0.4 OK for: next@14.0.4 want: 14.0.4
2213 silly placeDep ROOT @next/swc-win32-ia32-msvc@14.0.4 OK for: next@14.0.4 want: 14.0.4
2214 silly placeDep ROOT @next/swc-win32-x64-msvc@14.0.4 OK for: next@14.0.4 want: 14.0.4
2215 silly placeDep ROOT @swc/helpers@0.5.2 OK for: next@14.0.4 want: 0.5.2
2216 silly placeDep ROOT busboy@1.6.0 OK for: next@14.0.4 want: 1.6.0
2217 silly placeDep ROOT graceful-fs@4.2.11 OK for: next@14.0.4 want: ^4.2.11
2218 silly placeDep node_modules/next postcss@8.4.31 OK for: next@14.0.4 want: 8.4.31
2219 silly placeDep ROOT styled-jsx@5.1.1 OK for: next@14.0.4 want: 5.1.1
2220 silly placeDep ROOT watchpack@2.4.0 OK for: next@14.0.4 want: 2.4.0
2221 silly fetch manifest streamsearch@^1.1.0
2222 silly packumentCache full:https://registry.npmjs.org/streamsearch cache-miss
2223 silly fetch manifest nanoid@^3.3.6
2224 silly packumentCache full:https://registry.npmjs.org/nanoid cache-miss
2225 silly fetch manifest source-map-js@^1.0.2
2226 silly packumentCache full:https://registry.npmjs.org/source-map-js cache-miss
2227 silly fetch manifest client-only@0.0.1
2228 silly packumentCache full:https://registry.npmjs.org/client-only cache-miss
2229 silly fetch manifest glob-to-regexp@^0.4.1
2230 silly packumentCache full:https://registry.npmjs.org/glob-to-regexp cache-miss
2231 http fetch GET 200 https://registry.npmjs.org/source-map-js 16ms (cache hit)
2232 silly packumentCache full:https://registry.npmjs.org/source-map-js set size:62640 disposed:false
2233 http fetch GET 200 https://registry.npmjs.org/nanoid 19ms (cache hit)
2234 silly packumentCache full:https://registry.npmjs.org/nanoid set size:298419 disposed:false
2235 http fetch GET 200 https://registry.npmjs.org/glob-to-regexp 90ms (cache miss)
2236 silly packumentCache full:https://registry.npmjs.org/glob-to-regexp set size:undefined disposed:false
2237 http fetch GET 200 https://registry.npmjs.org/streamsearch 233ms (cache miss)
2238 silly packumentCache full:https://registry.npmjs.org/streamsearch set size:undefined disposed:false
2239 http fetch GET 200 https://registry.npmjs.org/client-only 237ms (cache miss)
2240 silly packumentCache full:https://registry.npmjs.org/client-only set size:undefined disposed:false
2241 silly placeDep ROOT streamsearch@1.1.0 OK for: busboy@1.6.0 want: ^1.1.0
2242 silly placeDep ROOT deep-is@0.1.4 OK for: optionator@0.9.4 want: ^0.1.3
2243 silly placeDep ROOT fast-levenshtein@2.0.6 OK for: optionator@0.9.4 want: ^2.0.6
2244 silly placeDep ROOT word-wrap@1.2.5 OK for: optionator@0.9.4 want: ^1.2.5
2245 silly placeDep ROOT p-limit@3.1.0 OK for: p-locate@5.0.0 want: ^3.0.2
2246 silly fetch manifest yocto-queue@^0.1.0
2247 silly packumentCache full:https://registry.npmjs.org/yocto-queue cache-miss
2248 http fetch GET 200 https://registry.npmjs.org/yocto-queue 92ms (cache miss)
2249 silly packumentCache full:https://registry.npmjs.org/yocto-queue set size:undefined disposed:false
2250 silly placeDep ROOT yocto-queue@0.1.0 OK for: p-limit@3.1.0 want: ^0.1.0
2251 silly placeDep ROOT callsites@3.1.0 OK for: parent-module@1.0.1 want: ^3.0.0
2252 silly placeDep ROOT nanoid@3.3.11 OK for: postcss@8.5.6 want: ^3.3.11
2253 silly placeDep ROOT source-map-js@1.2.1 OK for: postcss@8.5.6 want: ^1.2.1
2254 silly placeDep ROOT is-promise@2.2.2 OK for: promise-worker-transferable@1.0.4 want: ^2.1.0
2255 silly placeDep ROOT lie@3.3.0 OK for: promise-worker-transferable@1.0.4 want: ^3.0.2
2256 silly fetch manifest immediate@~3.0.5
2257 silly packumentCache full:https://registry.npmjs.org/immediate cache-miss
2258 http fetch GET 200 https://registry.npmjs.org/immediate 122ms (cache miss)
2259 silly packumentCache full:https://registry.npmjs.org/immediate set size:undefined disposed:false
2260 silly placeDep ROOT immediate@3.0.6 OK for: lie@3.3.0 want: ~3.0.5
2261 silly placeDep ROOT loose-envify@1.4.0 OK for: prop-types@15.8.1 want: ^1.4.0
2262 silly placeDep ROOT object-assign@4.1.1 OK for: prop-types@15.8.1 want: ^4.1.1
2263 silly placeDep ROOT react-is@16.13.1 OK for: prop-types@15.8.1 want: ^16.13.1
2264 silly fetch manifest js-tokens@^3.0.0 || ^4.0.0
2265 silly packumentCache full:https://registry.npmjs.org/js-tokens cache-miss
2266 http fetch GET 200 https://registry.npmjs.org/js-tokens 118ms (cache miss)
2267 silly packumentCache full:https://registry.npmjs.org/js-tokens set size:undefined disposed:false
2268 silly placeDep ROOT js-tokens@4.0.0 OK for: loose-envify@1.4.0 want: ^3.0.0 || ^4.0.0
2269 silly placeDep node_modules/react-dom scheduler@0.23.2 OK for: react-dom@18.3.1 want: ^0.23.2
2270 silly placeDep ROOT tsparticles-engine@2.12.0 OK for: react-particles@2.12.2 want: ^2.12.0
2271 silly placeDep ROOT path-parse@1.0.7 OK for: resolve@1.22.11 want: ^1.0.7
2272 silly placeDep ROOT supports-preserve-symlinks-flag@1.0.0 OK for: resolve@1.22.11 want: ^1.0.0
2273 silly placeDep ROOT queue-microtask@1.2.3 OK for: run-parallel@1.2.0 want: ^1.2.2
2274 silly placeDep ROOT isarray@2.0.5 OK for: safe-array-concat@1.1.3 want: ^2.0.5
2275 silly placeDep ROOT shebang-regex@3.0.0 OK for: shebang-command@2.0.0 want: ^3.0.0
2276 silly placeDep ROOT side-channel-list@1.0.0 OK for: side-channel@1.1.0 want: ^1.0.0
2277 silly placeDep ROOT side-channel-map@1.0.1 OK for: side-channel@1.1.0 want: ^1.0.1
2278 silly placeDep ROOT side-channel-weakmap@1.0.2 OK for: side-channel@1.1.0 want: ^1.0.2
2279 silly placeDep node_modules/stats-gl three@0.170.0 OK for: stats-gl@2.4.2 want: ^0.170.0
2280 silly placeDep ROOT ansi-regex@5.0.1 OK for: strip-ansi@6.0.1 want: ^5.0.1
2281 silly placeDep ROOT client-only@0.0.1 OK for: styled-jsx@5.1.1 want: 0.0.1
2282 silly placeDep ROOT has-flag@4.0.0 OK for: supports-color@7.2.0 want: ^4.0.0
2283 silly placeDep ROOT @alloc/quick-lru@5.2.0 OK for: tailwindcss@3.4.19 want: ^5.2.0
2284 silly placeDep ROOT arg@5.0.2 OK for: tailwindcss@3.4.19 want: ^5.0.2
2285 silly placeDep ROOT chokidar@3.6.0 OK for: tailwindcss@3.4.19 want: ^3.6.0
2286 silly placeDep ROOT didyoumean@1.2.2 OK for: tailwindcss@3.4.19 want: ^1.2.2
2287 silly placeDep ROOT dlv@1.1.3 OK for: tailwindcss@3.4.19 want: ^1.1.3
2288 silly placeDep ROOT jiti@1.21.7 OK for: tailwindcss@3.4.19 want: ^1.21.7
2289 silly placeDep ROOT lilconfig@3.1.3 OK for: tailwindcss@3.4.19 want: ^3.1.3
2290 silly placeDep ROOT normalize-path@3.0.0 OK for: tailwindcss@3.4.19 want: ^3.0.0
2291 silly placeDep ROOT object-hash@3.0.0 OK for: tailwindcss@3.4.19 want: ^3.0.0
2292 silly placeDep ROOT postcss-import@15.1.0 OK for: tailwindcss@3.4.19 want: ^15.1.0
2293 silly placeDep ROOT postcss-js@4.1.0 OK for: tailwindcss@3.4.19 want: ^4.0.1
2294 silly placeDep ROOT postcss-load-config@6.0.1 OK for: tailwindcss@3.4.19 want: ^4.0.2 || ^5.0 || ^6.0
2295 silly placeDep ROOT postcss-nested@6.2.0 OK for: tailwindcss@3.4.19 want: ^6.2.0
2296 silly placeDep ROOT postcss-selector-parser@6.1.2 OK for: tailwindcss@3.4.19 want: ^6.1.2
2297 silly placeDep ROOT sucrase@3.35.1 OK for: tailwindcss@3.4.19 want: ^3.35.0
2298 silly fetch manifest anymatch@~3.1.2
2299 silly packumentCache full:https://registry.npmjs.org/anymatch cache-miss
2300 silly fetch manifest readdirp@~3.6.0
2301 silly packumentCache full:https://registry.npmjs.org/readdirp cache-miss
2302 silly fetch manifest glob-parent@~5.1.2
2303 silly packumentCache full:https://registry.npmjs.org/glob-parent cache-hit
2304 silly fetch manifest is-binary-path@~2.1.0
2305 silly packumentCache full:https://registry.npmjs.org/is-binary-path cache-miss
2306 silly fetch manifest normalize-path@~3.0.0
2307 silly packumentCache full:https://registry.npmjs.org/normalize-path cache-miss
2308 silly fetch manifest fsevents@~2.3.2
2309 silly packumentCache full:https://registry.npmjs.org/fsevents cache-miss
2310 silly fetch manifest read-cache@^1.0.0
2311 silly packumentCache full:https://registry.npmjs.org/read-cache cache-miss
2312 silly fetch manifest camelcase-css@^2.0.1
2313 silly packumentCache full:https://registry.npmjs.org/camelcase-css cache-miss
2314 http fetch GET 200 https://registry.npmjs.org/normalize-path 18ms (cache hit)
2315 silly packumentCache full:https://registry.npmjs.org/normalize-path set size:28713 disposed:false
2316 silly fetch manifest postcss-selector-parser@^6.1.1
2317 silly packumentCache full:https://registry.npmjs.org/postcss-selector-parser cache-miss
2318 http fetch GET 200 https://registry.npmjs.org/postcss-selector-parser 4ms (cache hit)
2319 silly packumentCache full:https://registry.npmjs.org/postcss-selector-parser set size:177140 disposed:false
2320 silly fetch manifest cssesc@^3.0.0
2321 silly packumentCache full:https://registry.npmjs.org/cssesc cache-miss
2322 http fetch GET 200 https://registry.npmjs.org/readdirp 98ms (cache miss)
2323 silly packumentCache full:https://registry.npmjs.org/readdirp set size:undefined disposed:false
2324 silly fetch manifest util-deprecate@^1.0.2
2325 silly packumentCache full:https://registry.npmjs.org/util-deprecate cache-miss
2326 http fetch GET 200 https://registry.npmjs.org/anymatch 151ms (cache miss)
2327 silly packumentCache full:https://registry.npmjs.org/anymatch set size:undefined disposed:false
2328 silly fetch manifest @jridgewell/gen-mapping@^0.3.2
2329 silly packumentCache full:https://registry.npmjs.org/@jridgewell%2fgen-mapping cache-miss
2330 http fetch GET 200 https://registry.npmjs.org/cssesc 133ms (cache miss)
2331 silly packumentCache full:https://registry.npmjs.org/cssesc set size:undefined disposed:false
2332 silly fetch manifest commander@^4.0.0
2333 silly packumentCache full:https://registry.npmjs.org/commander cache-miss
2334 http fetch GET 200 https://registry.npmjs.org/util-deprecate 128ms (cache miss)
2335 silly packumentCache full:https://registry.npmjs.org/util-deprecate set size:undefined disposed:false
2336 silly fetch manifest lines-and-columns@^1.1.6
2337 silly packumentCache full:https://registry.npmjs.org/lines-and-columns cache-miss
2338 http fetch GET 200 https://registry.npmjs.org/is-binary-path 252ms (cache miss)
2339 silly packumentCache full:https://registry.npmjs.org/is-binary-path set size:undefined disposed:false
2340 silly fetch manifest mz@^2.7.0
2341 silly packumentCache full:https://registry.npmjs.org/mz cache-miss
2342 http fetch GET 200 https://registry.npmjs.org/@jridgewell%2fgen-mapping 120ms (cache miss)
2343 silly packumentCache full:https://registry.npmjs.org/@jridgewell%2fgen-mapping set size:undefined disposed:false
2344 silly fetch manifest pirates@^4.0.1
2345 silly packumentCache full:https://registry.npmjs.org/pirates cache-miss
2346 http fetch GET 200 https://registry.npmjs.org/fsevents 280ms (cache miss)
2347 silly packumentCache full:https://registry.npmjs.org/fsevents set size:undefined disposed:false
2348 silly fetch manifest ts-interface-checker@^0.1.9
2349 silly packumentCache full:https://registry.npmjs.org/ts-interface-checker cache-miss
2350 http fetch GET 200 https://registry.npmjs.org/commander 128ms (cache miss)
2351 silly packumentCache full:https://registry.npmjs.org/commander set size:undefined disposed:false
2352 http fetch GET 200 https://registry.npmjs.org/ts-interface-checker 94ms (cache miss)
2353 silly packumentCache full:https://registry.npmjs.org/ts-interface-checker set size:undefined disposed:false
2354 http fetch GET 200 https://registry.npmjs.org/lines-and-columns 145ms (cache miss)
2355 silly packumentCache full:https://registry.npmjs.org/lines-and-columns set size:undefined disposed:false
2356 http fetch GET 200 https://registry.npmjs.org/mz 225ms (cache miss)
2357 silly packumentCache full:https://registry.npmjs.org/mz set size:undefined disposed:false
2358 http fetch GET 200 https://registry.npmjs.org/pirates 298ms (cache miss)
2359 silly packumentCache full:https://registry.npmjs.org/pirates set size:undefined disposed:false
2360 http fetch GET 200 https://registry.npmjs.org/read-cache 857ms (cache miss)
2361 silly packumentCache full:https://registry.npmjs.org/read-cache set size:undefined disposed:false
2362 http fetch GET 200 https://registry.npmjs.org/camelcase-css 1176ms (cache miss)
2363 silly packumentCache full:https://registry.npmjs.org/camelcase-css set size:undefined disposed:false
2364 silly placeDep ROOT anymatch@3.1.3 OK for: chokidar@3.6.0 want: ~3.1.2
2365 silly placeDep ROOT fsevents@2.3.3 OK for: chokidar@3.6.0 want: ~2.3.2
2366 silly placeDep node_modules/chokidar glob-parent@5.1.2 OK for: chokidar@3.6.0 want: ~5.1.2
2367 silly placeDep ROOT is-binary-path@2.1.0 OK for: chokidar@3.6.0 want: ~2.1.0
2368 silly placeDep ROOT readdirp@3.6.0 OK for: chokidar@3.6.0 want: ~3.6.0
2369 silly fetch manifest binary-extensions@^2.0.0
2370 silly packumentCache full:https://registry.npmjs.org/binary-extensions cache-miss
2371 http fetch GET 200 https://registry.npmjs.org/binary-extensions 450ms (cache miss)
2372 silly packumentCache full:https://registry.npmjs.org/binary-extensions set size:undefined disposed:false
2373 silly placeDep ROOT binary-extensions@2.3.0 OK for: is-binary-path@2.1.0 want: ^2.0.0
2374 silly placeDep ROOT read-cache@1.0.0 OK for: postcss-import@15.1.0 want: ^1.0.0
2375 silly fetch manifest pify@^2.3.0
2376 silly packumentCache full:https://registry.npmjs.org/pify cache-miss
2377 http fetch GET 200 https://registry.npmjs.org/pify 117ms (cache miss)
2378 silly packumentCache full:https://registry.npmjs.org/pify set size:undefined disposed:false
2379 silly placeDep ROOT camelcase-css@2.0.1 OK for: postcss-js@4.1.0 want: ^2.0.1
2380 silly placeDep ROOT cssesc@3.0.0 OK for: postcss-selector-parser@6.1.2 want: ^3.0.0
2381 silly placeDep ROOT util-deprecate@1.0.2 OK for: postcss-selector-parser@6.1.2 want: ^1.0.2
2382 silly placeDep ROOT pify@2.3.0 OK for: read-cache@1.0.0 want: ^2.3.0
2383 silly placeDep ROOT @jridgewell/gen-mapping@0.3.13 OK for: sucrase@3.35.1 want: ^0.3.2
2384 silly placeDep ROOT commander@4.1.1 OK for: sucrase@3.35.1 want: ^4.0.0
2385 silly placeDep ROOT lines-and-columns@1.2.4 OK for: sucrase@3.35.1 want: ^1.1.6
2386 silly placeDep ROOT mz@2.7.0 OK for: sucrase@3.35.1 want: ^2.7.0
2387 silly placeDep ROOT pirates@4.0.7 OK for: sucrase@3.35.1 want: ^4.0.1
2388 silly placeDep ROOT ts-interface-checker@0.1.13 OK for: sucrase@3.35.1 want: ^0.1.9
2389 silly fetch manifest @jridgewell/sourcemap-codec@^1.5.0
2390 silly packumentCache full:https://registry.npmjs.org/@jridgewell%2fsourcemap-codec cache-miss
2391 silly fetch manifest @jridgewell/trace-mapping@^0.3.24
2392 silly packumentCache full:https://registry.npmjs.org/@jridgewell%2ftrace-mapping cache-miss
2393 silly fetch manifest any-promise@^1.0.0
2394 silly packumentCache full:https://registry.npmjs.org/any-promise cache-miss
2395 silly fetch manifest thenify-all@^1.0.0
2396 silly packumentCache full:https://registry.npmjs.org/thenify-all cache-miss
2397 http fetch GET 200 https://registry.npmjs.org/thenify-all 129ms (cache miss)
2398 silly packumentCache full:https://registry.npmjs.org/thenify-all set size:undefined disposed:false
2399 http fetch GET 200 https://registry.npmjs.org/any-promise 224ms (cache miss)
2400 silly packumentCache full:https://registry.npmjs.org/any-promise set size:undefined disposed:false
2401 http fetch GET 200 https://registry.npmjs.org/@jridgewell%2ftrace-mapping 328ms (cache miss)
2402 silly packumentCache full:https://registry.npmjs.org/@jridgewell%2ftrace-mapping set size:undefined disposed:false
2403 http fetch GET 200 https://registry.npmjs.org/@jridgewell%2fsourcemap-codec 465ms (cache miss)
2404 silly packumentCache full:https://registry.npmjs.org/@jridgewell%2fsourcemap-codec set size:undefined disposed:false
2405 silly placeDep ROOT @jridgewell/sourcemap-codec@1.5.5 OK for: @jridgewell/gen-mapping@0.3.13 want: ^1.5.0
2406 silly placeDep ROOT @jridgewell/trace-mapping@0.3.31 OK for: @jridgewell/gen-mapping@0.3.13 want: ^0.3.24
2407 silly fetch manifest @jridgewell/resolve-uri@^3.1.0
2408 silly packumentCache full:https://registry.npmjs.org/@jridgewell%2fresolve-uri cache-miss
2409 http fetch GET 200 https://registry.npmjs.org/@jridgewell%2fresolve-uri 95ms (cache miss)
2410 silly packumentCache full:https://registry.npmjs.org/@jridgewell%2fresolve-uri set size:undefined disposed:false
2411 silly placeDep ROOT @jridgewell/resolve-uri@3.1.2 OK for: @jridgewell/trace-mapping@0.3.31 want: ^3.1.0
2412 silly placeDep ROOT any-promise@1.3.0 OK for: mz@2.7.0 want: ^1.0.0
2413 silly placeDep ROOT thenify-all@1.6.0 OK for: mz@2.7.0 want: ^1.0.0
2414 silly fetch manifest thenify@>= 3.1.0 < 4
2415 silly packumentCache full:https://registry.npmjs.org/thenify cache-miss
2416 http fetch GET 200 https://registry.npmjs.org/thenify 98ms (cache miss)
2417 silly packumentCache full:https://registry.npmjs.org/thenify set size:undefined disposed:false
2418 silly placeDep ROOT thenify@3.3.1 OK for: thenify-all@1.6.0 want: >= 3.1.0 < 4
2419 silly placeDep ROOT @types/draco3d@1.4.10 OK for: three-stdlib@2.36.1 want: ^1.4.0
2420 silly placeDep ROOT @types/offscreencanvas@2019.7.3 OK for: three-stdlib@2.36.1 want: ^2019.6.4
2421 silly placeDep ROOT draco3d@1.5.7 OK for: three-stdlib@2.36.1 want: ^1.4.1
2422 silly placeDep ROOT potpack@1.0.2 OK for: three-stdlib@2.36.1 want: ^1.0.1
2423 silly placeDep ROOT fdir@6.5.0 OK for: tinyglobby@0.2.15 want: ^6.5.0
2424 silly placeDep node_modules/tinyglobby picomatch@4.0.3 OK for: tinyglobby@0.2.15 want: ^4.0.3
2425 silly placeDep ROOT is-number@7.0.0 OK for: to-regex-range@5.0.1 want: ^7.0.0
2426 silly placeDep ROOT bidi-js@1.0.3 OK for: troika-three-text@0.52.4 want: ^1.0.2
2427 silly placeDep ROOT troika-three-utils@0.52.4 OK for: troika-three-text@0.52.4 want: ^0.52.4
2428 silly placeDep ROOT troika-worker-utils@0.52.0 OK for: troika-three-text@0.52.4 want: ^0.52.0
2429 silly placeDep ROOT webgl-sdf-generator@1.1.1 OK for: troika-three-text@0.52.4 want: 1.1.1
2430 silly fetch manifest require-from-string@^2.0.2
2431 silly packumentCache full:https://registry.npmjs.org/require-from-string cache-miss
2432 http fetch GET 200 https://registry.npmjs.org/require-from-string 80ms (cache miss)
2433 silly packumentCache full:https://registry.npmjs.org/require-from-string set size:undefined disposed:false
2434 silly placeDep ROOT require-from-string@2.0.2 OK for: bidi-js@1.0.3 want: ^2.0.2
2435 silly placeDep ROOT @types/json5@0.0.29 OK for: tsconfig-paths@3.15.0 want: ^0.0.29
2436 silly placeDep ROOT json5@1.0.2 OK for: tsconfig-paths@3.15.0 want: ^1.0.2
2437 silly placeDep ROOT minimist@1.2.8 OK for: tsconfig-paths@3.15.0 want: ^1.2.6
2438 silly placeDep ROOT strip-bom@3.0.0 OK for: tsconfig-paths@3.15.0 want: ^3.0.0
2439 silly fetch manifest minimist@^1.2.0
2440 silly packumentCache full:https://registry.npmjs.org/minimist cache-miss
2441 http fetch GET 200 https://registry.npmjs.org/minimist 5ms (cache hit)
2442 silly packumentCache full:https://registry.npmjs.org/minimist set size:77082 disposed:false
2443 silly placeDep ROOT tsparticles-interaction-external-trail@2.12.0 OK for: tsparticles@2.12.0 want: ^2.12.0
2444 silly placeDep ROOT tsparticles-plugin-absorbers@2.12.0 OK for: tsparticles@2.12.0 want: ^2.12.0
2445 silly placeDep ROOT tsparticles-plugin-emitters@2.12.0 OK for: tsparticles@2.12.0 want: ^2.12.0
2446 silly placeDep ROOT tsparticles-slim@2.12.0 OK for: tsparticles@2.12.0 want: ^2.12.0
2447 silly placeDep ROOT tsparticles-updater-destroy@2.12.0 OK for: tsparticles@2.12.0 want: ^2.12.0
2448 silly placeDep ROOT tsparticles-updater-roll@2.12.0 OK for: tsparticles@2.12.0 want: ^2.12.0
2449 silly placeDep ROOT tsparticles-updater-tilt@2.12.0 OK for: tsparticles@2.12.0 want: ^2.12.0
2450 silly placeDep ROOT tsparticles-updater-twinkle@2.12.0 OK for: tsparticles@2.12.0 want: ^2.12.0
2451 silly placeDep ROOT tsparticles-updater-wobble@2.12.0 OK for: tsparticles@2.12.0 want: ^2.12.0
2452 silly fetch manifest tsparticles-basic@^2.12.0
2453 silly packumentCache full:https://registry.npmjs.org/tsparticles-basic cache-miss
2454 silly fetch manifest tsparticles-interaction-external-attract@^2.12.0
2455 silly packumentCache full:https://registry.npmjs.org/tsparticles-interaction-external-attract cache-miss
2456 silly fetch manifest tsparticles-interaction-external-bounce@^2.12.0
2457 silly packumentCache full:https://registry.npmjs.org/tsparticles-interaction-external-bounce cache-miss
2458 silly fetch manifest tsparticles-interaction-external-bubble@^2.12.0
2459 silly packumentCache full:https://registry.npmjs.org/tsparticles-interaction-external-bubble cache-miss
2460 silly fetch manifest tsparticles-interaction-external-connect@^2.12.0
2461 silly packumentCache full:https://registry.npmjs.org/tsparticles-interaction-external-connect cache-miss
2462 silly fetch manifest tsparticles-interaction-external-grab@^2.12.0
2463 silly packumentCache full:https://registry.npmjs.org/tsparticles-interaction-external-grab cache-miss
2464 silly fetch manifest tsparticles-interaction-external-pause@^2.12.0
2465 silly packumentCache full:https://registry.npmjs.org/tsparticles-interaction-external-pause cache-miss
2466 http fetch GET 200 https://registry.npmjs.org/tsparticles-interaction-external-attract 292ms (cache miss)
2467 silly packumentCache full:https://registry.npmjs.org/tsparticles-interaction-external-attract set size:undefined disposed:false
2468 silly fetch manifest tsparticles-interaction-external-push@^2.12.0
2469 silly packumentCache full:https://registry.npmjs.org/tsparticles-interaction-external-push cache-miss
2470 http fetch GET 200 https://registry.npmjs.org/tsparticles-interaction-external-bounce 303ms (cache miss)
2471 silly packumentCache full:https://registry.npmjs.org/tsparticles-interaction-external-bounce set size:undefined disposed:false
2472 silly fetch manifest tsparticles-interaction-external-remove@^2.12.0
2473 silly packumentCache full:https://registry.npmjs.org/tsparticles-interaction-external-remove cache-miss
2474 http fetch GET 200 https://registry.npmjs.org/tsparticles-basic 444ms (cache miss)
2475 silly packumentCache full:https://registry.npmjs.org/tsparticles-basic set size:undefined disposed:false
2476 silly fetch manifest tsparticles-interaction-external-repulse@^2.12.0
2477 silly packumentCache full:https://registry.npmjs.org/tsparticles-interaction-external-repulse cache-miss
2478 http fetch GET 200 https://registry.npmjs.org/tsparticles-interaction-external-bubble 565ms (cache miss)
2479 silly packumentCache full:https://registry.npmjs.org/tsparticles-interaction-external-bubble set size:undefined disposed:false
2480 silly fetch manifest tsparticles-interaction-external-slow@^2.12.0
2481 silly packumentCache full:https://registry.npmjs.org/tsparticles-interaction-external-slow cache-miss
2482 http fetch GET 200 https://registry.npmjs.org/tsparticles-interaction-external-pause 566ms (cache miss)
2483 silly packumentCache full:https://registry.npmjs.org/tsparticles-interaction-external-pause set size:undefined disposed:false
2484 silly fetch manifest tsparticles-interaction-particles-attract@^2.12.0
2485 silly packumentCache full:https://registry.npmjs.org/tsparticles-interaction-particles-attract cache-miss
2486 http fetch GET 200 https://registry.npmjs.org/tsparticles-interaction-external-connect 577ms (cache miss)
2487 silly packumentCache full:https://registry.npmjs.org/tsparticles-interaction-external-connect set size:undefined disposed:false
2488 silly fetch manifest tsparticles-interaction-particles-collisions@^2.12.0
2489 silly packumentCache full:https://registry.npmjs.org/tsparticles-interaction-particles-collisions cache-miss
2490 http fetch GET 200 https://registry.npmjs.org/tsparticles-interaction-external-push 291ms (cache miss)
2491 silly packumentCache full:https://registry.npmjs.org/tsparticles-interaction-external-push set size:undefined disposed:false
2492 silly fetch manifest tsparticles-interaction-particles-links@^2.12.0
2493 silly packumentCache full:https://registry.npmjs.org/tsparticles-interaction-particles-links cache-miss
2494 http fetch GET 200 https://registry.npmjs.org/tsparticles-interaction-external-remove 298ms (cache miss)
2495 silly packumentCache full:https://registry.npmjs.org/tsparticles-interaction-external-remove set size:undefined disposed:false
2496 silly fetch manifest tsparticles-move-base@^2.12.0
2497 silly packumentCache full:https://registry.npmjs.org/tsparticles-move-base cache-miss
2498 http fetch GET 200 https://registry.npmjs.org/tsparticles-interaction-particles-collisions 483ms (cache miss)
2499 silly packumentCache full:https://registry.npmjs.org/tsparticles-interaction-particles-collisions set size:undefined disposed:false
2500 silly fetch manifest tsparticles-move-parallax@^2.12.0
2501 silly packumentCache full:https://registry.npmjs.org/tsparticles-move-parallax cache-miss
2502 http fetch GET 200 https://registry.npmjs.org/tsparticles-interaction-particles-links 539ms (cache miss)
2503 silly packumentCache full:https://registry.npmjs.org/tsparticles-interaction-particles-links set size:undefined disposed:false
2504 silly fetch manifest tsparticles-particles.js@^2.12.0
2505 silly packumentCache full:https://registry.npmjs.org/tsparticles-particles.js cache-miss
2506 http fetch GET 200 https://registry.npmjs.org/tsparticles-move-base 530ms (cache miss)
2507 silly packumentCache full:https://registry.npmjs.org/tsparticles-move-base set size:undefined disposed:false
2508 silly fetch manifest tsparticles-plugin-easing-quad@^2.12.0
2509 silly packumentCache full:https://registry.npmjs.org/tsparticles-plugin-easing-quad cache-miss
2510 http fetch GET 200 https://registry.npmjs.org/tsparticles-interaction-external-repulse 698ms (cache miss)
2511 silly packumentCache full:https://registry.npmjs.org/tsparticles-interaction-external-repulse set size:undefined disposed:false
2512 silly fetch manifest tsparticles-shape-circle@^2.12.0
2513 silly packumentCache full:https://registry.npmjs.org/tsparticles-shape-circle cache-miss
2514 http fetch GET 200 https://registry.npmjs.org/tsparticles-interaction-external-grab 1235ms (cache miss)
2515 silly packumentCache full:https://registry.npmjs.org/tsparticles-interaction-external-grab set size:undefined disposed:false
2516 silly fetch manifest tsparticles-shape-image@^2.12.0
2517 silly packumentCache full:https://registry.npmjs.org/tsparticles-shape-image cache-miss
2518 http fetch GET 200 https://registry.npmjs.org/tsparticles-interaction-particles-attract 669ms (cache miss)
2519 silly packumentCache full:https://registry.npmjs.org/tsparticles-interaction-particles-attract set size:undefined disposed:false
2520 silly fetch manifest tsparticles-shape-line@^2.12.0
2521 silly packumentCache full:https://registry.npmjs.org/tsparticles-shape-line cache-miss
2522 http fetch GET 200 https://registry.npmjs.org/tsparticles-interaction-external-slow 1134ms (cache miss)
2523 silly packumentCache full:https://registry.npmjs.org/tsparticles-interaction-external-slow set size:undefined disposed:false
2524 silly fetch manifest tsparticles-shape-polygon@^2.12.0
2525 silly packumentCache full:https://registry.npmjs.org/tsparticles-shape-polygon cache-miss
2526 http fetch GET 200 https://registry.npmjs.org/tsparticles-particles.js 587ms (cache miss)
2527 silly packumentCache full:https://registry.npmjs.org/tsparticles-particles.js set size:undefined disposed:false
2528 silly fetch manifest tsparticles-shape-square@^2.12.0
2529 silly packumentCache full:https://registry.npmjs.org/tsparticles-shape-square cache-miss
2530 http fetch GET 200 https://registry.npmjs.org/tsparticles-shape-image 488ms (cache miss)
2531 silly packumentCache full:https://registry.npmjs.org/tsparticles-shape-image set size:undefined disposed:false
2532 silly fetch manifest tsparticles-shape-star@^2.12.0
2533 silly packumentCache full:https://registry.npmjs.org/tsparticles-shape-star cache-miss
2534 http fetch GET 200 https://registry.npmjs.org/tsparticles-plugin-easing-quad 594ms (cache miss)
2535 silly packumentCache full:https://registry.npmjs.org/tsparticles-plugin-easing-quad set size:undefined disposed:false
2536 silly fetch manifest tsparticles-shape-text@^2.12.0
2537 silly packumentCache full:https://registry.npmjs.org/tsparticles-shape-text cache-miss
2538 http fetch GET 200 https://registry.npmjs.org/tsparticles-move-parallax 768ms (cache miss)
2539 silly packumentCache full:https://registry.npmjs.org/tsparticles-move-parallax set size:undefined disposed:false
2540 silly fetch manifest tsparticles-updater-color@^2.12.0
2541 silly packumentCache full:https://registry.npmjs.org/tsparticles-updater-color cache-miss
2542 http fetch GET 200 https://registry.npmjs.org/tsparticles-shape-line 880ms (cache miss)
2543 silly packumentCache full:https://registry.npmjs.org/tsparticles-shape-line set size:undefined disposed:false
2544 silly fetch manifest tsparticles-updater-life@^2.12.0
2545 silly packumentCache full:https://registry.npmjs.org/tsparticles-updater-life cache-miss
2546 http fetch GET 200 https://registry.npmjs.org/tsparticles-shape-polygon 485ms (cache miss)
2547 silly packumentCache full:https://registry.npmjs.org/tsparticles-shape-polygon set size:undefined disposed:false
2548 silly fetch manifest tsparticles-updater-opacity@^2.12.0
2549 silly packumentCache full:https://registry.npmjs.org/tsparticles-updater-opacity cache-miss
2550 http fetch GET 200 https://registry.npmjs.org/tsparticles-shape-square 501ms (cache miss)
2551 silly packumentCache full:https://registry.npmjs.org/tsparticles-shape-square set size:undefined disposed:false
2552 silly fetch manifest tsparticles-updater-out-modes@^2.12.0
2553 silly packumentCache full:https://registry.npmjs.org/tsparticles-updater-out-modes cache-miss
2554 http fetch GET 200 https://registry.npmjs.org/tsparticles-shape-star 596ms (cache miss)
2555 silly packumentCache full:https://registry.npmjs.org/tsparticles-shape-star set size:undefined disposed:false
2556 silly fetch manifest tsparticles-updater-rotate@^2.12.0
2557 silly packumentCache full:https://registry.npmjs.org/tsparticles-updater-rotate cache-miss
2558 http fetch GET 200 https://registry.npmjs.org/tsparticles-updater-color 492ms (cache miss)
2559 silly packumentCache full:https://registry.npmjs.org/tsparticles-updater-color set size:undefined disposed:false
2560 silly fetch manifest tsparticles-updater-size@^2.12.0
2561 silly packumentCache full:https://registry.npmjs.org/tsparticles-updater-size cache-miss
2562 http fetch GET 200 https://registry.npmjs.org/tsparticles-shape-circle 1240ms (cache miss)
2563 silly packumentCache full:https://registry.npmjs.org/tsparticles-shape-circle set size:undefined disposed:false
2564 silly fetch manifest tsparticles-updater-stroke-color@^2.12.0
2565 silly packumentCache full:https://registry.npmjs.org/tsparticles-updater-stroke-color cache-miss
2566 http fetch GET 200 https://registry.npmjs.org/tsparticles-updater-life 622ms (cache miss)
2567 silly packumentCache full:https://registry.npmjs.org/tsparticles-updater-life set size:undefined disposed:false
2568 http fetch GET 200 https://registry.npmjs.org/tsparticles-shape-text 1063ms (cache miss)
2569 silly packumentCache full:https://registry.npmjs.org/tsparticles-shape-text set size:undefined disposed:false
2570 http fetch GET 200 https://registry.npmjs.org/tsparticles-updater-stroke-color 534ms (cache miss)
2571 silly packumentCache full:https://registry.npmjs.org/tsparticles-updater-stroke-color set size:undefined disposed:false
2572 http fetch GET 200 https://registry.npmjs.org/tsparticles-updater-rotate 608ms (cache miss)
2573 silly packumentCache full:https://registry.npmjs.org/tsparticles-updater-rotate set size:undefined disposed:false
2574 http fetch GET 200 https://registry.npmjs.org/tsparticles-updater-size 601ms (cache miss)
2575 silly packumentCache full:https://registry.npmjs.org/tsparticles-updater-size set size:undefined disposed:false
2576 http fetch GET 200 https://registry.npmjs.org/tsparticles-updater-opacity 855ms (cache miss)
2577 silly packumentCache full:https://registry.npmjs.org/tsparticles-updater-opacity set size:undefined disposed:false
2578 http fetch GET 200 https://registry.npmjs.org/tsparticles-updater-out-modes 909ms (cache miss)
2579 silly packumentCache full:https://registry.npmjs.org/tsparticles-updater-out-modes set size:undefined disposed:false
2580 silly placeDep ROOT tsparticles-basic@2.12.0 OK for: tsparticles-slim@2.12.0 want: ^2.12.0
2581 silly placeDep ROOT tsparticles-interaction-external-attract@2.12.0 OK for: tsparticles-slim@2.12.0 want: ^2.12.0
2582 silly placeDep ROOT tsparticles-interaction-external-bounce@2.12.0 OK for: tsparticles-slim@2.12.0 want: ^2.12.0
2583 silly placeDep ROOT tsparticles-interaction-external-bubble@2.12.0 OK for: tsparticles-slim@2.12.0 want: ^2.12.0
2584 silly placeDep ROOT tsparticles-interaction-external-connect@2.12.0 OK for: tsparticles-slim@2.12.0 want: ^2.12.0
2585 silly placeDep ROOT tsparticles-interaction-external-grab@2.12.0 OK for: tsparticles-slim@2.12.0 want: ^2.12.0
2586 silly placeDep ROOT tsparticles-interaction-external-pause@2.12.0 OK for: tsparticles-slim@2.12.0 want: ^2.12.0
2587 silly placeDep ROOT tsparticles-interaction-external-push@2.12.0 OK for: tsparticles-slim@2.12.0 want: ^2.12.0
2588 silly placeDep ROOT tsparticles-interaction-external-remove@2.12.0 OK for: tsparticles-slim@2.12.0 want: ^2.12.0
2589 silly placeDep ROOT tsparticles-interaction-external-repulse@2.12.0 OK for: tsparticles-slim@2.12.0 want: ^2.12.0
2590 silly placeDep ROOT tsparticles-interaction-external-slow@2.12.0 OK for: tsparticles-slim@2.12.0 want: ^2.12.0
2591 silly placeDep ROOT tsparticles-interaction-particles-attract@2.12.0 OK for: tsparticles-slim@2.12.0 want: ^2.12.0
2592 silly placeDep ROOT tsparticles-interaction-particles-collisions@2.12.0 OK for: tsparticles-slim@2.12.0 want: ^2.12.0
2593 silly placeDep ROOT tsparticles-interaction-particles-links@2.12.0 OK for: tsparticles-slim@2.12.0 want: ^2.12.0
2594 silly placeDep ROOT tsparticles-move-base@2.12.0 OK for: tsparticles-slim@2.12.0 want: ^2.12.0
2595 silly placeDep ROOT tsparticles-move-parallax@2.12.0 OK for: tsparticles-slim@2.12.0 want: ^2.12.0
2596 silly placeDep ROOT tsparticles-particles.js@2.12.0 OK for: tsparticles-slim@2.12.0 want: ^2.12.0
2597 silly placeDep ROOT tsparticles-plugin-easing-quad@2.12.0 OK for: tsparticles-slim@2.12.0 want: ^2.12.0
2598 silly placeDep ROOT tsparticles-shape-circle@2.12.0 OK for: tsparticles-slim@2.12.0 want: ^2.12.0
2599 silly placeDep ROOT tsparticles-shape-image@2.12.0 OK for: tsparticles-slim@2.12.0 want: ^2.12.0
2600 silly placeDep ROOT tsparticles-shape-line@2.12.0 OK for: tsparticles-slim@2.12.0 want: ^2.12.0
2601 silly placeDep ROOT tsparticles-shape-polygon@2.12.0 OK for: tsparticles-slim@2.12.0 want: ^2.12.0
2602 silly placeDep ROOT tsparticles-shape-square@2.12.0 OK for: tsparticles-slim@2.12.0 want: ^2.12.0
2603 silly placeDep ROOT tsparticles-shape-star@2.12.0 OK for: tsparticles-slim@2.12.0 want: ^2.12.0
2604 silly placeDep ROOT tsparticles-shape-text@2.12.0 OK for: tsparticles-slim@2.12.0 want: ^2.12.0
2605 silly placeDep ROOT tsparticles-updater-color@2.12.0 OK for: tsparticles-slim@2.12.0 want: ^2.12.0
2606 silly placeDep ROOT tsparticles-updater-life@2.12.0 OK for: tsparticles-slim@2.12.0 want: ^2.12.0
2607 silly placeDep ROOT tsparticles-updater-opacity@2.12.0 OK for: tsparticles-slim@2.12.0 want: ^2.12.0
2608 silly placeDep ROOT tsparticles-updater-out-modes@2.12.0 OK for: tsparticles-slim@2.12.0 want: ^2.12.0
2609 silly placeDep ROOT tsparticles-updater-rotate@2.12.0 OK for: tsparticles-slim@2.12.0 want: ^2.12.0
2610 silly placeDep ROOT tsparticles-updater-size@2.12.0 OK for: tsparticles-slim@2.12.0 want: ^2.12.0
2611 silly placeDep ROOT tsparticles-updater-stroke-color@2.12.0 OK for: tsparticles-slim@2.12.0 want: ^2.12.0
2612 silly placeDep node_modules/tunnel-rat zustand@4.5.7 OK for: tunnel-rat@0.1.2 want: ^4.3.2
2613 silly fetch manifest use-sync-external-store@^1.2.2
2614 silly packumentCache full:https://registry.npmjs.org/use-sync-external-store cache-miss
2615 http fetch GET 200 https://registry.npmjs.org/use-sync-external-store 319ms (cache miss)
2616 silly packumentCache full:https://registry.npmjs.org/use-sync-external-store set size:undefined disposed:false
2617 silly placeDep ROOT for-each@0.3.5 OK for: typed-array-byte-length@1.0.3 want: ^0.3.3
2618 silly placeDep ROOT reflect.getprototypeof@1.0.10 OK for: typed-array-byte-offset@1.0.4 want: ^1.0.9
2619 silly fetch manifest which-builtin-type@^1.2.1
2620 silly packumentCache full:https://registry.npmjs.org/which-builtin-type cache-miss
2621 http fetch GET 200 https://registry.npmjs.org/which-builtin-type 308ms (cache miss)
2622 silly packumentCache full:https://registry.npmjs.org/which-builtin-type set size:undefined disposed:false
2623 silly placeDep ROOT which-builtin-type@1.2.1 OK for: reflect.getprototypeof@1.0.10 want: ^1.2.1
2624 silly fetch manifest is-async-function@^2.0.0
2625 silly packumentCache full:https://registry.npmjs.org/is-async-function cache-miss
2626 silly fetch manifest is-finalizationregistry@^1.1.0
2627 silly packumentCache full:https://registry.npmjs.org/is-finalizationregistry cache-miss
2628 silly fetch manifest is-generator-function@^1.0.10
2629 silly packumentCache full:https://registry.npmjs.org/is-generator-function cache-miss
2630 silly fetch manifest which-boxed-primitive@^1.1.0
2631 silly packumentCache full:https://registry.npmjs.org/which-boxed-primitive cache-miss
2632 silly fetch manifest which-collection@^1.0.2
2633 silly packumentCache full:https://registry.npmjs.org/which-collection cache-miss
2634 http fetch GET 200 https://registry.npmjs.org/which-boxed-primitive 9ms (cache hit)
2635 silly packumentCache full:https://registry.npmjs.org/which-boxed-primitive set size:19407 disposed:false
2636 http fetch GET 200 https://registry.npmjs.org/which-collection 83ms (cache miss)
2637 silly packumentCache full:https://registry.npmjs.org/which-collection set size:undefined disposed:false
2638 http fetch GET 200 https://registry.npmjs.org/is-async-function 91ms (cache miss)
2639 silly packumentCache full:https://registry.npmjs.org/is-async-function set size:undefined disposed:false
2640 http fetch GET 200 https://registry.npmjs.org/is-generator-function 456ms (cache miss)
2641 silly packumentCache full:https://registry.npmjs.org/is-generator-function set size:undefined disposed:false
2642 http fetch GET 200 https://registry.npmjs.org/is-finalizationregistry 460ms (cache miss)
2643 silly packumentCache full:https://registry.npmjs.org/is-finalizationregistry set size:undefined disposed:false
2644 silly placeDep ROOT has-bigints@1.1.0 OK for: unbox-primitive@1.1.0 want: ^1.0.2
2645 silly placeDep ROOT which-boxed-primitive@1.1.1 OK for: unbox-primitive@1.1.0 want: ^1.1.1
2646 silly fetch manifest is-bigint@^1.1.0
2647 silly packumentCache full:https://registry.npmjs.org/is-bigint cache-miss
2648 silly fetch manifest is-boolean-object@^1.2.1
2649 silly packumentCache full:https://registry.npmjs.org/is-boolean-object cache-miss
2650 silly fetch manifest is-number-object@^1.1.1
2651 silly packumentCache full:https://registry.npmjs.org/is-number-object cache-miss
2652 http fetch GET 200 https://registry.npmjs.org/is-boolean-object 67ms (cache miss)
2653 silly packumentCache full:https://registry.npmjs.org/is-boolean-object set size:undefined disposed:false
2654 http fetch GET 200 https://registry.npmjs.org/is-number-object 253ms (cache miss)
2655 silly packumentCache full:https://registry.npmjs.org/is-number-object set size:undefined disposed:false
2656 http fetch GET 200 https://registry.npmjs.org/is-bigint 257ms (cache miss)
2657 silly packumentCache full:https://registry.npmjs.org/is-bigint set size:undefined disposed:false
2658 silly placeDep ROOT @unrs/resolver-binding-android-arm-eabi@1.11.1 OK for: unrs-resolver@1.11.1 want: 1.11.1
2659 silly placeDep ROOT @unrs/resolver-binding-android-arm64@1.11.1 OK for: unrs-resolver@1.11.1 want: 1.11.1
2660 silly placeDep ROOT @unrs/resolver-binding-darwin-arm64@1.11.1 OK for: unrs-resolver@1.11.1 want: 1.11.1
2661 silly placeDep ROOT @unrs/resolver-binding-darwin-x64@1.11.1 OK for: unrs-resolver@1.11.1 want: 1.11.1
2662 silly placeDep ROOT @unrs/resolver-binding-freebsd-x64@1.11.1 OK for: unrs-resolver@1.11.1 want: 1.11.1
2663 silly placeDep ROOT @unrs/resolver-binding-linux-arm-gnueabihf@1.11.1 OK for: unrs-resolver@1.11.1 want: 1.11.1
2664 silly placeDep ROOT @unrs/resolver-binding-linux-arm-musleabihf@1.11.1 OK for: unrs-resolver@1.11.1 want: 1.11.1
2665 silly placeDep ROOT @unrs/resolver-binding-linux-arm64-gnu@1.11.1 OK for: unrs-resolver@1.11.1 want: 1.11.1
2666 silly placeDep ROOT @unrs/resolver-binding-linux-arm64-musl@1.11.1 OK for: unrs-resolver@1.11.1 want: 1.11.1
2667 silly placeDep ROOT @unrs/resolver-binding-linux-ppc64-gnu@1.11.1 OK for: unrs-resolver@1.11.1 want: 1.11.1
2668 silly placeDep ROOT @unrs/resolver-binding-linux-riscv64-gnu@1.11.1 OK for: unrs-resolver@1.11.1 want: 1.11.1
2669 silly placeDep ROOT @unrs/resolver-binding-linux-riscv64-musl@1.11.1 OK for: unrs-resolver@1.11.1 want: 1.11.1
2670 silly placeDep ROOT @unrs/resolver-binding-linux-s390x-gnu@1.11.1 OK for: unrs-resolver@1.11.1 want: 1.11.1
2671 silly placeDep ROOT @unrs/resolver-binding-linux-x64-gnu@1.11.1 OK for: unrs-resolver@1.11.1 want: 1.11.1
2672 silly placeDep ROOT @unrs/resolver-binding-linux-x64-musl@1.11.1 OK for: unrs-resolver@1.11.1 want: 1.11.1
2673 silly placeDep ROOT @unrs/resolver-binding-wasm32-wasi@1.11.1 OK for: unrs-resolver@1.11.1 want: 1.11.1
2674 silly placeDep ROOT @unrs/resolver-binding-win32-arm64-msvc@1.11.1 OK for: unrs-resolver@1.11.1 want: 1.11.1
2675 silly placeDep ROOT @unrs/resolver-binding-win32-ia32-msvc@1.11.1 OK for: unrs-resolver@1.11.1 want: 1.11.1
2676 silly placeDep ROOT @unrs/resolver-binding-win32-x64-msvc@1.11.1 OK for: unrs-resolver@1.11.1 want: 1.11.1
2677 silly placeDep ROOT napi-postinstall@0.3.4 OK for: unrs-resolver@1.11.1 want: ^0.3.0
2678 silly fetch manifest @napi-rs/wasm-runtime@^0.2.11
2679 silly packumentCache full:https://registry.npmjs.org/@napi-rs%2fwasm-runtime cache-miss
2680 http fetch GET 200 https://registry.npmjs.org/@napi-rs%2fwasm-runtime 472ms (cache miss)
2681 silly packumentCache full:https://registry.npmjs.org/@napi-rs%2fwasm-runtime set size:undefined disposed:false
2682 silly placeDep ROOT @napi-rs/wasm-runtime@0.2.12 OK for: @unrs/resolver-binding-wasm32-wasi@1.11.1 want: ^0.2.11
2683 silly fetch manifest @emnapi/core@^1.4.3
2684 silly packumentCache full:https://registry.npmjs.org/@emnapi%2fcore cache-miss
2685 silly fetch manifest @emnapi/runtime@^1.4.3
2686 silly packumentCache full:https://registry.npmjs.org/@emnapi%2fruntime cache-miss
2687 silly fetch manifest @tybys/wasm-util@^0.10.0
2688 silly packumentCache full:https://registry.npmjs.org/@tybys%2fwasm-util cache-miss
2689 http fetch GET 200 https://registry.npmjs.org/@emnapi%2fruntime 1200ms (cache miss)
2690 silly packumentCache full:https://registry.npmjs.org/@emnapi%2fruntime set size:undefined disposed:false
2691 http fetch GET 200 https://registry.npmjs.org/@tybys%2fwasm-util 1540ms (cache miss)
2692 silly packumentCache full:https://registry.npmjs.org/@tybys%2fwasm-util set size:undefined disposed:false
2693 http fetch GET 200 https://registry.npmjs.org/@emnapi%2fcore 1676ms (cache miss)
2694 silly packumentCache full:https://registry.npmjs.org/@emnapi%2fcore set size:undefined disposed:false
2695 silly placeDep ROOT @emnapi/core@1.8.1 OK for: @napi-rs/wasm-runtime@0.2.12 want: ^1.4.3
2696 silly placeDep ROOT @emnapi/runtime@1.8.1 OK for: @napi-rs/wasm-runtime@0.2.12 want: ^1.4.3
2697 silly placeDep ROOT @tybys/wasm-util@0.10.1 OK for: @napi-rs/wasm-runtime@0.2.12 want: ^0.10.0
2698 silly fetch manifest @emnapi/wasi-threads@1.1.0
2699 silly packumentCache full:https://registry.npmjs.org/@emnapi%2fwasi-threads cache-miss
2700 http fetch GET 200 https://registry.npmjs.org/@emnapi%2fwasi-threads 840ms (cache miss)
2701 silly packumentCache full:https://registry.npmjs.org/@emnapi%2fwasi-threads set size:undefined disposed:false
2702 silly placeDep ROOT @emnapi/wasi-threads@1.1.0 OK for: @emnapi/core@1.8.1 want: 1.1.0
2703 silly placeDep ROOT escalade@3.2.0 OK for: update-browserslist-db@1.2.3 want: ^3.2.0
2704 silly placeDep ROOT punycode@2.3.1 OK for: uri-js@4.4.1 want: ^2.1.0
2705 silly placeDep ROOT glob-to-regexp@0.4.1 OK for: watchpack@2.4.0 want: ^0.4.1
2706 silly placeDep ROOT isexe@2.0.0 OK for: which@2.0.2 want: ^2.0.0
2707 silly placeDep ROOT is-bigint@1.1.0 OK for: which-boxed-primitive@1.1.1 want: ^1.1.0
2708 silly placeDep ROOT is-boolean-object@1.2.2 OK for: which-boxed-primitive@1.1.1 want: ^1.2.1
2709 silly placeDep ROOT is-number-object@1.1.1 OK for: which-boxed-primitive@1.1.1 want: ^1.1.1
2710 silly placeDep ROOT is-async-function@2.1.1 OK for: which-builtin-type@1.2.1 want: ^2.0.0
2711 silly placeDep ROOT is-finalizationregistry@1.1.1 OK for: which-builtin-type@1.2.1 want: ^1.1.0
2712 silly placeDep ROOT is-generator-function@1.1.2 OK for: which-builtin-type@1.2.1 want: ^1.0.10
2713 silly placeDep ROOT which-collection@1.0.2 OK for: which-builtin-type@1.2.1 want: ^1.0.2
2714 silly fetch manifest async-function@^1.0.0
2715 silly packumentCache full:https://registry.npmjs.org/async-function cache-miss
2716 silly fetch manifest generator-function@^2.0.0
2717 silly packumentCache full:https://registry.npmjs.org/generator-function cache-miss
2718 silly fetch manifest is-map@^2.0.3
2719 silly packumentCache full:https://registry.npmjs.org/is-map cache-miss
2720 silly fetch manifest is-weakmap@^2.0.2
2721 silly packumentCache full:https://registry.npmjs.org/is-weakmap cache-miss
2722 silly fetch manifest is-weakset@^2.0.3
2723 silly packumentCache full:https://registry.npmjs.org/is-weakset cache-miss
2724 http fetch GET 200 https://registry.npmjs.org/is-map 69ms (cache miss)
2725 silly packumentCache full:https://registry.npmjs.org/is-map set size:undefined disposed:false
2726 http fetch GET 200 https://registry.npmjs.org/is-weakset 82ms (cache miss)
2727 silly packumentCache full:https://registry.npmjs.org/is-weakset set size:undefined disposed:false
2728 http fetch GET 200 https://registry.npmjs.org/is-weakmap 227ms (cache miss)
2729 silly packumentCache full:https://registry.npmjs.org/is-weakmap set size:undefined disposed:false
2730 http fetch GET 200 https://registry.npmjs.org/generator-function 232ms (cache miss)
2731 silly packumentCache full:https://registry.npmjs.org/generator-function set size:undefined disposed:false
2732 http fetch GET 200 https://registry.npmjs.org/async-function 245ms (cache miss)
2733 silly packumentCache full:https://registry.npmjs.org/async-function set size:undefined disposed:false
2734 silly placeDep ROOT async-function@1.0.0 OK for: is-async-function@2.1.1 want: ^1.0.0
2735 silly placeDep ROOT generator-function@2.0.1 OK for: is-generator-function@1.1.2 want: ^2.0.0
2736 silly placeDep ROOT is-map@2.0.3 OK for: which-collection@1.0.2 want: ^2.0.3
2737 silly placeDep ROOT is-weakmap@2.0.2 OK for: which-collection@1.0.2 want: ^2.0.2
2738 silly placeDep ROOT is-weakset@2.0.4 OK for: which-collection@1.0.2 want: ^2.0.3
2739 silly placeDep node_modules/@typescript-eslint/typescript-estree brace-expansion@2.0.2 OK for: minimatch@9.0.3 want: ^2.0.1
2740 silly placeDep ROOT use-sync-external-store@1.6.0 OK for: zustand@4.5.7 want: ^1.2.2
2741 silly reify moves {}
2742 silly audit bulk request {
2742 silly audit   '@react-three/drei': [ '9.122.0' ],
2742 silly audit   '@react-three/fiber': [ '8.18.0' ],
2742 silly audit   '@types/node': [ '20.19.33' ],
2742 silly audit   '@types/react': [ '18.3.28' ],
2742 silly audit   '@types/react-dom': [ '18.3.7' ],
2742 silly audit   '@types/three': [ '0.159.0' ],
2742 silly audit   autoprefixer: [ '10.4.24' ],
2742 silly audit   clsx: [ '2.1.1' ],
2742 silly audit   eslint: [ '8.57.1' ],
2742 silly audit   'eslint-config-next': [ '14.0.4' ],
2742 silly audit   'framer-motion': [ '10.18.0' ],
2742 silly audit   'lucide-react': [ '0.294.0' ],
2742 silly audit   next: [ '14.0.4' ],
2742 silly audit   postcss: [ '8.5.6', '8.4.31' ],
2742 silly audit   react: [ '18.3.1' ],
2742 silly audit   'react-dom': [ '18.3.1' ],
2742 silly audit   'react-fast-marquee': [ '1.6.5' ],
2742 silly audit   'react-particles': [ '2.12.2' ],
2742 silly audit   'tailwind-merge': [ '2.6.1' ],
2742 silly audit   tailwindcss: [ '3.4.19' ],
2742 silly audit   three: [ '0.159.0', '0.170.0' ],
2742 silly audit   tsparticles: [ '2.12.0' ],
2742 silly audit   typescript: [ '5.9.3' ],
2742 silly audit   '@babel/runtime': [ '7.28.6' ],
2742 silly audit   '@mediapipe/tasks-vision': [ '0.10.17' ],
2742 silly audit   '@monogrid/gainmap-js': [ '3.4.0' ],
2742 silly audit   '@react-spring/three': [ '9.7.5' ],
2742 silly audit   '@use-gesture/react': [ '10.3.1' ],
2742 silly audit   'camera-controls': [ '2.10.1' ],
2742 silly audit   'cross-env': [ '7.0.3' ],
2742 silly audit   'detect-gpu': [ '5.0.70' ],
2742 silly audit   'glsl-noise': [ '0.0.0' ],
2742 silly audit   'hls.js': [ '1.6.15' ],
2742 silly audit   maath: [ '0.10.8' ],
2742 silly audit   meshline: [ '3.3.1' ],
2742 silly audit   'react-composer': [ '5.0.3' ],
2742 silly audit   'stats-gl': [ '2.4.2' ],
2742 silly audit   'stats.js': [ '0.17.0' ],
2742 silly audit   'suspend-react': [ '0.1.3' ],
2742 silly audit   'three-mesh-bvh': [ '0.7.8' ],
2742 silly audit   'three-stdlib': [ '2.36.1' ],
2742 silly audit   'troika-three-text': [ '0.52.4' ],
2742 silly audit   'tunnel-rat': [ '0.1.2' ],
2742 silly audit   'utility-types': [ '3.11.0' ],
2742 silly audit   zustand: [ '5.0.11', '3.7.2', '4.5.7' ],
2742 silly audit   'promise-worker-transferable': [ '1.0.4' ],
2742 silly audit   '@react-spring/animated': [ '9.7.5' ],
2742 silly audit   '@react-spring/core': [ '9.7.5' ],
2742 silly audit   '@react-spring/shared': [ '9.7.5' ],
2742 silly audit   '@react-spring/types': [ '9.7.5' ],
2742 silly audit   '@react-spring/rafz': [ '9.7.5' ],
2742 silly audit   '@types/react-reconciler': [ '0.26.7', '0.28.9' ],
2742 silly audit   '@types/webxr': [ '0.5.24' ],
2742 silly audit   'base64-js': [ '1.5.1' ],
2742 silly audit   buffer: [ '6.0.3' ],
2742 silly audit   'its-fine': [ '1.2.5' ],
2742 silly audit   'react-reconciler': [ '0.27.0' ],
2742 silly audit   'react-use-measure': [ '2.1.7' ],
2742 silly audit   scheduler: [ '0.21.0', '0.23.2' ],
2742 silly audit   'undici-types': [ '6.21.0' ],
2742 silly audit   '@types/prop-types': [ '15.7.15' ],
2742 silly audit   csstype: [ '3.2.3' ],
2742 silly audit   '@types/stats.js': [ '0.17.4' ],
2742 silly audit   fflate: [ '0.6.10' ],
2742 silly audit   meshoptimizer: [ '0.18.1' ],
2742 silly audit   '@use-gesture/core': [ '10.3.1' ],
2742 silly audit   browserslist: [ '4.28.1' ],
2742 silly audit   'caniuse-lite': [ '1.0.30001769' ],
2742 silly audit   'fraction.js': [ '5.3.4' ],
2742 silly audit   picocolors: [ '1.1.1' ],
2742 silly audit   'postcss-value-parser': [ '4.2.0' ],
2742 silly audit   'baseline-browser-mapping': [ '2.9.19' ],
2742 silly audit   'electron-to-chromium': [ '1.5.286' ],
2742 silly audit   'node-releases': [ '2.0.27' ],
2742 silly audit   'update-browserslist-db': [ '1.2.3' ],
2742 silly audit   ieee754: [ '1.2.1' ],
2742 silly audit   'cross-spawn': [ '7.0.6' ],
2742 silly audit   'path-key': [ '3.1.1' ],
2742 silly audit   'shebang-command': [ '2.0.0' ],
2742 silly audit   which: [ '2.0.2' ],
2742 silly audit   'webgl-constants': [ '1.1.1' ],
2742 silly audit   '@eslint-community/eslint-utils': [ '4.9.1' ],
2742 silly audit   '@eslint-community/regexpp': [ '4.12.2' ],
2742 silly audit   '@eslint/eslintrc': [ '2.1.4' ],
2742 silly audit   '@eslint/js': [ '8.57.1' ],
2742 silly audit   '@humanwhocodes/config-array': [ '0.13.0' ],
2742 silly audit   '@humanwhocodes/module-importer': [ '1.0.1' ],
2742 silly audit   '@nodelib/fs.walk': [ '1.2.8' ],
2742 silly audit   '@ungap/structured-clone': [ '1.3.0' ],
2742 silly audit   ajv: [ '6.12.6' ],
2742 silly audit   chalk: [ '4.1.2' ],
2742 silly audit   debug: [ '4.4.3', '3.2.7' ],
2742 silly audit   doctrine: [ '3.0.0', '2.1.0' ],
2742 silly audit   'escape-string-regexp': [ '4.0.0' ],
2742 silly audit   'eslint-scope': [ '7.2.2' ],
2742 silly audit   'eslint-visitor-keys': [ '3.4.3' ],
2742 silly audit   espree: [ '9.6.1' ],
2742 silly audit   esquery: [ '1.7.0' ],
2742 silly audit   esutils: [ '2.0.3' ],
2742 silly audit   'fast-deep-equal': [ '3.1.3' ],
2742 silly audit   'file-entry-cache': [ '6.0.1' ],
2742 silly audit   'find-up': [ '5.0.0' ],
2742 silly audit   'glob-parent': [ '6.0.2', '5.1.2' ],
2742 silly audit   globals: [ '13.24.0' ],
2742 silly audit   graphemer: [ '1.4.0' ],
2742 silly audit   ignore: [ '5.3.2' ],
2742 silly audit   imurmurhash: [ '0.1.4' ],
2742 silly audit   'is-glob': [ '4.0.3' ],
2742 silly audit   'is-path-inside': [ '3.0.3' ],
2742 silly audit   'js-yaml': [ '4.1.1' ],
2742 silly audit   'json-stable-stringify-without-jsonify': [ '1.0.1' ],
2742 silly audit   levn: [ '0.4.1' ],
2742 silly audit   'lodash.merge': [ '4.6.2' ],
2742 silly audit   minimatch: [ '3.1.2', '9.0.3' ],
2742 silly audit   'natural-compare': [ '1.4.0' ],
2742 silly audit   optionator: [ '0.9.4' ],
2742 silly audit   'strip-ansi': [ '6.0.1' ],
2742 silly audit   'text-table': [ '0.2.0' ],
2742 silly audit   'import-fresh': [ '3.3.1' ],
2742 silly audit   'strip-json-comments': [ '3.1.1' ],
2742 silly audit   '@humanwhocodes/object-schema': [ '2.0.3' ],
2742 silly audit   '@nodelib/fs.scandir': [ '2.1.5' ],
2742 silly audit   fastq: [ '1.20.1' ],
2742 silly audit   '@nodelib/fs.stat': [ '2.0.5' ],
2742 silly audit   'run-parallel': [ '1.2.0' ],
2742 silly audit   'fast-json-stable-stringify': [ '2.1.0' ],
2742 silly audit   'json-schema-traverse': [ '0.4.1' ],
2742 silly audit   'uri-js': [ '4.4.1' ],
2742 silly audit   'ansi-styles': [ '4.3.0' ],
2742 silly audit   'supports-color': [ '7.2.0' ],
2742 silly audit   'color-convert': [ '2.0.1' ],
2742 silly audit   'color-name': [ '1.1.4' ],
2742 silly audit   ms: [ '2.1.3' ],
2742 silly audit   '@next/eslint-plugin-next': [ '14.0.4' ],
2742 silly audit   '@rushstack/eslint-patch': [ '1.15.0' ],
2742 silly audit   '@typescript-eslint/parser': [ '6.21.0' ],
2742 silly audit   'eslint-import-resolver-node': [ '0.3.9' ],
2742 silly audit   'eslint-import-resolver-typescript': [ '3.10.1' ],
2742 silly audit   'eslint-plugin-import': [ '2.32.0' ],
2742 silly audit   'eslint-plugin-jsx-a11y': [ '6.10.2' ],
2742 silly audit   'eslint-plugin-react': [ '7.37.5' ],
2742 silly audit   'eslint-plugin-react-hooks': [ '5.0.0-canary-7118f5dd7-20230705' ],
2742 silly audit   glob: [ '7.1.7' ],
2742 silly audit   '@typescript-eslint/scope-manager': [ '6.21.0' ],
2742 silly audit   '@typescript-eslint/types': [ '6.21.0' ],
2742 silly audit   '@typescript-eslint/typescript-estree': [ '6.21.0' ],
2742 silly audit   '@typescript-eslint/visitor-keys': [ '6.21.0' ],
2742 silly audit   globby: [ '11.1.0' ],
2742 silly audit   semver: [ '7.7.4', '6.3.1' ],
2742 silly audit   'ts-api-utils': [ '1.4.3' ],
2742 silly audit   'is-core-module': [ '2.16.1' ],
2742 silly audit   resolve: [ '1.22.11', '2.0.0-next.5' ],
2742 silly audit   '@nolyfill/is-core-module': [ '1.0.39' ],
2742 silly audit   'get-tsconfig': [ '4.13.6' ],
2742 silly audit   'is-bun-module': [ '2.0.0' ],
2742 silly audit   'stable-hash': [ '0.0.5' ],
2742 silly audit   tinyglobby: [ '0.2.15' ],
2742 silly audit   'unrs-resolver': [ '1.11.1' ],
2742 silly audit   '@rtsao/scc': [ '1.1.0' ],
2742 silly audit   'array-includes': [ '3.1.9' ],
2742 silly audit   'array.prototype.findlastindex': [ '1.2.6' ],
2742 silly audit   'array.prototype.flat': [ '1.3.3' ],
2742 silly audit   'array.prototype.flatmap': [ '1.3.3' ],
2742 silly audit   'eslint-module-utils': [ '2.12.1' ],
2742 silly audit   hasown: [ '2.0.2' ],
2742 silly audit   'object.fromentries': [ '2.0.8' ],
2742 silly audit   'object.groupby': [ '1.0.3' ],
2742 silly audit   'object.values': [ '1.2.1' ],
2742 silly audit   'string.prototype.trimend': [ '1.0.9' ],
2742 silly audit   'tsconfig-paths': [ '3.15.0' ],
2742 silly audit   'call-bind': [ '1.0.8' ],
2742 silly audit   'call-bound': [ '1.0.4' ],
2742 silly audit   'define-properties': [ '1.2.1' ],
2742 silly audit   'es-abstract': [ '1.24.1' ],
2742 silly audit   'es-object-atoms': [ '1.1.1' ],
2742 silly audit   'get-intrinsic': [ '1.3.0' ],
2742 silly audit   'is-string': [ '1.1.1' ],
2742 silly audit   'math-intrinsics': [ '1.1.0' ],
2742 silly audit   'es-errors': [ '1.3.0' ],
2742 silly audit   'es-shim-unscopables': [ '1.1.0' ],
2742 silly audit   'call-bind-apply-helpers': [ '1.0.2' ],
2742 silly audit   'es-define-property': [ '1.0.1' ],
2742 silly audit   'set-function-length': [ '1.2.2' ],
2742 silly audit   'function-bind': [ '1.1.2' ],
2742 silly audit   'define-data-property': [ '1.1.4' ],
2742 silly audit   'has-property-descriptors': [ '1.0.2' ],
2742 silly audit   'object-keys': [ '1.1.1' ],
2742 silly audit   gopd: [ '1.2.0' ],
2742 silly audit   'array-buffer-byte-length': [ '1.0.2' ],
2742 silly audit   'arraybuffer.prototype.slice': [ '1.0.4' ],
2742 silly audit   'available-typed-arrays': [ '1.0.7' ],
2742 silly audit   'data-view-buffer': [ '1.0.2' ],
2742 silly audit   'data-view-byte-length': [ '1.0.2' ],
2742 silly audit   'data-view-byte-offset': [ '1.0.1' ],
2742 silly audit   'es-set-tostringtag': [ '2.1.0' ],
2742 silly audit   'es-to-primitive': [ '1.3.0' ],
2742 silly audit   'function.prototype.name': [ '1.1.8' ],
2742 silly audit   'get-proto': [ '1.0.1' ],
2742 silly audit   'get-symbol-description': [ '1.1.0' ],
2742 silly audit   globalthis: [ '1.0.4' ],
2742 silly audit   'has-proto': [ '1.2.0' ],
2742 silly audit   'has-symbols': [ '1.1.0' ],
2742 silly audit   'internal-slot': [ '1.1.0' ],
2742 silly audit   'is-array-buffer': [ '3.0.5' ],
2742 silly audit   'is-callable': [ '1.2.7' ],
2742 silly audit   'is-data-view': [ '1.0.2' ],
2742 silly audit   'is-negative-zero': [ '2.0.3' ],
2742 silly audit   'is-regex': [ '1.2.1' ],
2742 silly audit   'is-set': [ '2.0.3' ],
2742 silly audit   'is-shared-array-buffer': [ '1.0.4' ],
2742 silly audit   'is-typed-array': [ '1.1.15' ],
2742 silly audit   'is-weakref': [ '1.1.1' ],
2742 silly audit   'object-inspect': [ '1.13.4' ],
2742 silly audit   'object.assign': [ '4.1.7' ],
2742 silly audit   'own-keys': [ '1.0.1' ],
2742 silly audit   'regexp.prototype.flags': [ '1.5.4' ],
2742 silly audit   'safe-array-concat': [ '1.1.3' ],
2742 silly audit   'safe-push-apply': [ '1.0.0' ],
2742 silly audit   'safe-regex-test': [ '1.1.0' ],
2742 silly audit   'set-proto': [ '1.0.0' ],
2742 silly audit   'stop-iteration-iterator': [ '1.1.0' ],
2742 silly audit   'string.prototype.trim': [ '1.2.10' ],
2742 silly audit   'string.prototype.trimstart': [ '1.0.8' ],
2742 silly audit   'typed-array-buffer': [ '1.0.3' ],
2742 silly audit   'typed-array-byte-length': [ '1.0.3' ],
2742 silly audit   'typed-array-byte-offset': [ '1.0.4' ],
2742 silly audit   'typed-array-length': [ '1.0.7' ],
2742 silly audit   'unbox-primitive': [ '1.1.0' ],
2742 silly audit   'which-typed-array': [ '1.1.20' ],
2742 silly audit   'possible-typed-array-names': [ '1.1.0' ],
2742 silly audit   'has-tostringtag': [ '1.0.2' ],
2742 silly audit   'is-date-object': [ '1.1.0' ],
2742 silly audit   'is-symbol': [ '1.1.1' ],
2742 silly audit   'aria-query': [ '5.3.2' ],
2742 silly audit   'ast-types-flow': [ '0.0.8' ],
2742 silly audit   'axe-core': [ '4.11.1' ],
2742 silly audit   'axobject-query': [ '4.1.0' ],
2742 silly audit   'damerau-levenshtein': [ '1.0.8' ],
2742 silly audit   'emoji-regex': [ '9.2.2' ],
2742 silly audit   'jsx-ast-utils': [ '3.3.5' ],
2742 silly audit   'language-tags': [ '1.0.9' ],
2742 silly audit   'string.prototype.includes': [ '2.0.1' ],
2742 silly audit   'array.prototype.findlast': [ '1.2.5' ],
2742 silly audit   'array.prototype.tosorted': [ '1.1.4' ],
2742 silly audit   'es-iterator-helpers': [ '1.2.2' ],
2742 silly audit   estraverse: [ '5.3.0' ],
2742 silly audit   'object.entries': [ '1.1.9' ],
2742 silly audit   'prop-types': [ '15.8.1' ],
2742 silly audit   'string.prototype.matchall': [ '4.0.12' ],
2742 silly audit   'string.prototype.repeat': [ '1.0.0' ],
2742 silly audit   'iterator.prototype': [ '1.1.5' ],
2742 silly audit   esrecurse: [ '4.3.0' ],
2742 silly audit   acorn: [ '8.15.0' ],
2742 silly audit   'acorn-jsx': [ '5.3.2' ],
2742 silly audit   reusify: [ '1.1.0' ],
2742 silly audit   'flat-cache': [ '3.2.0' ],
2742 silly audit   'locate-path': [ '6.0.0' ],
2742 silly audit   'path-exists': [ '4.0.0' ],
2742 silly audit   flatted: [ '3.3.3' ],
2742 silly audit   keyv: [ '4.5.4' ],
2742 silly audit   rimraf: [ '3.0.2' ],
2742 silly audit   '@emotion/is-prop-valid': [ '0.8.8' ],
2742 silly audit   tslib: [ '2.8.1' ],
2742 silly audit   '@emotion/memoize': [ '0.7.4' ],
2742 silly audit   'functions-have-names': [ '1.2.3' ],
2742 silly audit   'dunder-proto': [ '1.0.1' ],
2742 silly audit   'resolve-pkg-maps': [ '1.0.0' ],
2742 silly audit   'fs.realpath': [ '1.0.0' ],
2742 silly audit   inflight: [ '1.0.6' ],
2742 silly audit   inherits: [ '2.0.4' ],
2742 silly audit   once: [ '1.4.0' ],
2742 silly audit   'path-is-absolute': [ '1.0.1' ],
2742 silly audit   'type-fest': [ '0.20.2' ],
2742 silly audit   'array-union': [ '2.1.0' ],
2742 silly audit   'dir-glob': [ '3.0.1' ],
2742 silly audit   'fast-glob': [ '3.3.3' ],
2742 silly audit   merge2: [ '1.4.1' ],
2742 silly audit   slash: [ '3.0.0' ],
2742 silly audit   'path-type': [ '4.0.0' ],
2742 silly audit   micromatch: [ '4.0.8' ],
2742 silly audit   'parent-module': [ '1.0.1' ],
2742 silly audit   'resolve-from': [ '4.0.0' ],
2742 silly audit   wrappy: [ '1.0.2' ],
2742 silly audit   'side-channel': [ '1.1.0' ],
2742 silly audit   'is-extglob': [ '2.1.1' ],
2742 silly audit   'set-function-name': [ '2.0.2' ],
2742 silly audit   argparse: [ '2.0.1' ],
2742 silly audit   'json-buffer': [ '3.0.1' ],
2742 silly audit   'language-subtag-registry': [ '0.3.23' ],
2742 silly audit   'prelude-ls': [ '1.2.1' ],
2742 silly audit   'type-check': [ '0.4.0' ],
2742 silly audit   'p-locate': [ '5.0.0' ],
2742 silly audit   braces: [ '3.0.3' ],
2742 silly audit   picomatch: [ '2.3.1', '4.0.3' ],
2742 silly audit   'fill-range': [ '7.1.1' ],
2742 silly audit   'to-regex-range': [ '5.0.1' ],
2742 silly audit   'brace-expansion': [ '1.1.12', '2.0.2' ],
2742 silly audit   'balanced-match': [ '1.0.2' ],
2742 silly audit   'concat-map': [ '0.0.1' ],
2742 silly audit   '@next/env': [ '14.0.4' ],
2742 silly audit   '@next/swc-darwin-arm64': [ '14.0.4' ],
2742 silly audit   '@next/swc-darwin-x64': [ '14.0.4' ],
2742 silly audit   '@next/swc-linux-arm64-gnu': [ '14.0.4' ],
2742 silly audit   '@next/swc-linux-arm64-musl': [ '14.0.4' ],
2742 silly audit   '@next/swc-linux-x64-gnu': [ '14.0.4' ],
2742 silly audit   '@next/swc-linux-x64-musl': [ '14.0.4' ],
2742 silly audit   '@next/swc-win32-arm64-msvc': [ '14.0.4' ],
2742 silly audit   '@next/swc-win32-ia32-msvc': [ '14.0.4' ],
2742 silly audit   '@next/swc-win32-x64-msvc': [ '14.0.4' ],
2742 silly audit   '@swc/helpers': [ '0.5.2' ],
2742 silly audit   busboy: [ '1.6.0' ],
2742 silly audit   'graceful-fs': [ '4.2.11' ],
2742 silly audit   'styled-jsx': [ '5.1.1' ],
2742 silly audit   watchpack: [ '2.4.0' ],
2742 silly audit   streamsearch: [ '1.1.0' ],
2742 silly audit   'deep-is': [ '0.1.4' ],
2742 silly audit   'fast-levenshtein': [ '2.0.6' ],
2742 silly audit   'word-wrap': [ '1.2.5' ],
2742 silly audit   'p-limit': [ '3.1.0' ],
2742 silly audit   'yocto-queue': [ '0.1.0' ],
2742 silly audit   callsites: [ '3.1.0' ],
2742 silly audit   nanoid: [ '3.3.11' ],
2742 silly audit   'source-map-js': [ '1.2.1' ],
2742 silly audit   'is-promise': [ '2.2.2' ],
2742 silly audit   lie: [ '3.3.0' ],
2742 silly audit   immediate: [ '3.0.6' ],
2742 silly audit   'loose-envify': [ '1.4.0' ],
2742 silly audit   'object-assign': [ '4.1.1' ],
2742 silly audit   'react-is': [ '16.13.1' ],
2742 silly audit   'js-tokens': [ '4.0.0' ],
2742 silly audit   'tsparticles-engine': [ '2.12.0' ],
2742 silly audit   'path-parse': [ '1.0.7' ],
2742 silly audit   'supports-preserve-symlinks-flag': [ '1.0.0' ],
2742 silly audit   'queue-microtask': [ '1.2.3' ],
2742 silly audit   isarray: [ '2.0.5' ],
2742 silly audit   'shebang-regex': [ '3.0.0' ],
2742 silly audit   'side-channel-list': [ '1.0.0' ],
2742 silly audit   'side-channel-map': [ '1.0.1' ],
2742 silly audit   'side-channel-weakmap': [ '1.0.2' ],
2742 silly audit   'ansi-regex': [ '5.0.1' ],
2742 silly audit   'client-only': [ '0.0.1' ],
2742 silly audit   'has-flag': [ '4.0.0' ],
2742 silly audit   '@alloc/quick-lru': [ '5.2.0' ],
2742 silly audit   arg: [ '5.0.2' ],
2742 silly audit   chokidar: [ '3.6.0' ],
2742 silly audit   didyoumean: [ '1.2.2' ],
2742 silly audit   dlv: [ '1.1.3' ],
2742 silly audit   jiti: [ '1.21.7' ],
2742 silly audit   lilconfig: [ '3.1.3' ],
2742 silly audit   'normalize-path': [ '3.0.0' ],
2742 silly audit   'object-hash': [ '3.0.0' ],
2742 silly audit   'postcss-import': [ '15.1.0' ],
2742 silly audit   'postcss-js': [ '4.1.0' ],
2742 silly audit   'postcss-load-config': [ '6.0.1' ],
2742 silly audit   'postcss-nested': [ '6.2.0' ],
2742 silly audit   'postcss-selector-parser': [ '6.1.2' ],
2742 silly audit   sucrase: [ '3.35.1' ],
2742 silly audit   anymatch: [ '3.1.3' ],
2742 silly audit   fsevents: [ '2.3.3' ],
2742 silly audit   'is-binary-path': [ '2.1.0' ],
2742 silly audit   readdirp: [ '3.6.0' ],
2742 silly audit   'binary-extensions': [ '2.3.0' ],
2742 silly audit   'read-cache': [ '1.0.0' ],
2742 silly audit   'camelcase-css': [ '2.0.1' ],
2742 silly audit   cssesc: [ '3.0.0' ],
2742 silly audit   'util-deprecate': [ '1.0.2' ],
2742 silly audit   pify: [ '2.3.0' ],
2742 silly audit   '@jridgewell/gen-mapping': [ '0.3.13' ],
2742 silly audit   commander: [ '4.1.1' ],
2742 silly audit   'lines-and-columns': [ '1.2.4' ],
2742 silly audit   mz: [ '2.7.0' ],
2742 silly audit   pirates: [ '4.0.7' ],
2742 silly audit   'ts-interface-checker': [ '0.1.13' ],
2742 silly audit   '@jridgewell/sourcemap-codec': [ '1.5.5' ],
2742 silly audit   '@jridgewell/trace-mapping': [ '0.3.31' ],
2742 silly audit   '@jridgewell/resolve-uri': [ '3.1.2' ],
2742 silly audit   'any-promise': [ '1.3.0' ],
2742 silly audit   'thenify-all': [ '1.6.0' ],
2742 silly audit   thenify: [ '3.3.1' ],
2742 silly audit   '@types/draco3d': [ '1.4.10' ],
2742 silly audit   '@types/offscreencanvas': [ '2019.7.3' ],
2742 silly audit   draco3d: [ '1.5.7' ],
2742 silly audit   potpack: [ '1.0.2' ],
2742 silly audit   fdir: [ '6.5.0' ],
2742 silly audit   'is-number': [ '7.0.0' ],
2742 silly audit   'bidi-js': [ '1.0.3' ],
2742 silly audit   'troika-three-utils': [ '0.52.4' ],
2742 silly audit   'troika-worker-utils': [ '0.52.0' ],
2742 silly audit   'webgl-sdf-generator': [ '1.1.1' ],
2742 silly audit   'require-from-string': [ '2.0.2' ],
2742 silly audit   '@types/json5': [ '0.0.29' ],
2742 silly audit   json5: [ '1.0.2' ],
2742 silly audit   minimist: [ '1.2.8' ],
2742 silly audit   'strip-bom': [ '3.0.0' ],
2742 silly audit   'tsparticles-interaction-external-trail': [ '2.12.0' ],
2742 silly audit   'tsparticles-plugin-absorbers': [ '2.12.0' ],
2742 silly audit   'tsparticles-plugin-emitters': [ '2.12.0' ],
2742 silly audit   'tsparticles-slim': [ '2.12.0' ],
2742 silly audit   'tsparticles-updater-destroy': [ '2.12.0' ],
2742 silly audit   'tsparticles-updater-roll': [ '2.12.0' ],
2742 silly audit   'tsparticles-updater-tilt': [ '2.12.0' ],
2742 silly audit   'tsparticles-updater-twinkle': [ '2.12.0' ],
2742 silly audit   'tsparticles-updater-wobble': [ '2.12.0' ],
2742 silly audit   'tsparticles-basic': [ '2.12.0' ],
2742 silly audit   'tsparticles-interaction-external-attract': [ '2.12.0' ],
2742 silly audit   'tsparticles-interaction-external-bounce': [ '2.12.0' ],
2742 silly audit   'tsparticles-interaction-external-bubble': [ '2.12.0' ],
2742 silly audit   'tsparticles-interaction-external-connect': [ '2.12.0' ],
2742 silly audit   'tsparticles-interaction-external-grab': [ '2.12.0' ],
2742 silly audit   'tsparticles-interaction-external-pause': [ '2.12.0' ],
2742 silly audit   'tsparticles-interaction-external-push': [ '2.12.0' ],
2742 silly audit   'tsparticles-interaction-external-remove': [ '2.12.0' ],
2742 silly audit   'tsparticles-interaction-external-repulse': [ '2.12.0' ],
2742 silly audit   'tsparticles-interaction-external-slow': [ '2.12.0' ],
2742 silly audit   'tsparticles-interaction-particles-attract': [ '2.12.0' ],
2742 silly audit   'tsparticles-interaction-particles-collisions': [ '2.12.0' ],
2742 silly audit   'tsparticles-interaction-particles-links': [ '2.12.0' ],
2742 silly audit   'tsparticles-move-base': [ '2.12.0' ],
2742 silly audit   'tsparticles-move-parallax': [ '2.12.0' ],
2742 silly audit   'tsparticles-particles.js': [ '2.12.0' ],
2742 silly audit   'tsparticles-plugin-easing-quad': [ '2.12.0' ],
2742 silly audit   'tsparticles-shape-circle': [ '2.12.0' ],
2742 silly audit   'tsparticles-shape-image': [ '2.12.0' ],
2742 silly audit   'tsparticles-shape-line': [ '2.12.0' ],
2742 silly audit   'tsparticles-shape-polygon': [ '2.12.0' ],
2742 silly audit   'tsparticles-shape-square': [ '2.12.0' ],
2742 silly audit   'tsparticles-shape-star': [ '2.12.0' ],
2742 silly audit   'tsparticles-shape-text': [ '2.12.0' ],
2742 silly audit   'tsparticles-updater-color': [ '2.12.0' ],
2742 silly audit   'tsparticles-updater-life': [ '2.12.0' ],
2742 silly audit   'tsparticles-updater-opacity': [ '2.12.0' ],
2742 silly audit   'tsparticles-updater-out-modes': [ '2.12.0' ],
2742 silly audit   'tsparticles-updater-rotate': [ '2.12.0' ],
2742 silly audit   'tsparticles-updater-size': [ '2.12.0' ],
2742 silly audit   'tsparticles-updater-stroke-color': [ '2.12.0' ],
2742 silly audit   'for-each': [ '0.3.5' ],
2742 silly audit   'reflect.getprototypeof': [ '1.0.10' ],
2742 silly audit   'which-builtin-type': [ '1.2.1' ],
2742 silly audit   'has-bigints': [ '1.1.0' ],
2742 silly audit   'which-boxed-primitive': [ '1.1.1' ],
2742 silly audit   '@unrs/resolver-binding-android-arm-eabi': [ '1.11.1' ],
2742 silly audit   '@unrs/resolver-binding-android-arm64': [ '1.11.1' ],
2742 silly audit   '@unrs/resolver-binding-darwin-arm64': [ '1.11.1' ],
2742 silly audit   '@unrs/resolver-binding-darwin-x64': [ '1.11.1' ],
2742 silly audit   '@unrs/resolver-binding-freebsd-x64': [ '1.11.1' ],
2742 silly audit   '@unrs/resolver-binding-linux-arm-gnueabihf': [ '1.11.1' ],
2742 silly audit   '@unrs/resolver-binding-linux-arm-musleabihf': [ '1.11.1' ],
2742 silly audit   '@unrs/resolver-binding-linux-arm64-gnu': [ '1.11.1' ],
2742 silly audit   '@unrs/resolver-binding-linux-arm64-musl': [ '1.11.1' ],
2742 silly audit   '@unrs/resolver-binding-linux-ppc64-gnu': [ '1.11.1' ],
2742 silly audit   '@unrs/resolver-binding-linux-riscv64-gnu': [ '1.11.1' ],
2742 silly audit   '@unrs/resolver-binding-linux-riscv64-musl': [ '1.11.1' ],
2742 silly audit   '@unrs/resolver-binding-linux-s390x-gnu': [ '1.11.1' ],
2742 silly audit   '@unrs/resolver-binding-linux-x64-gnu': [ '1.11.1' ],
2742 silly audit   '@unrs/resolver-binding-linux-x64-musl': [ '1.11.1' ],
2742 silly audit   '@unrs/resolver-binding-wasm32-wasi': [ '1.11.1' ],
2742 silly audit   '@unrs/resolver-binding-win32-arm64-msvc': [ '1.11.1' ],
2742 silly audit   '@unrs/resolver-binding-win32-ia32-msvc': [ '1.11.1' ],
2742 silly audit   '@unrs/resolver-binding-win32-x64-msvc': [ '1.11.1' ],
2742 silly audit   'napi-postinstall': [ '0.3.4' ],
2742 silly audit   '@napi-rs/wasm-runtime': [ '0.2.12' ],
2742 silly audit   '@emnapi/core': [ '1.8.1' ],
2742 silly audit   '@emnapi/runtime': [ '1.8.1' ],
2742 silly audit   '@tybys/wasm-util': [ '0.10.1' ],
2742 silly audit   '@emnapi/wasi-threads': [ '1.1.0' ],
2742 silly audit   escalade: [ '3.2.0' ],
2742 silly audit   punycode: [ '2.3.1' ],
2742 silly audit   'glob-to-regexp': [ '0.4.1' ],
2742 silly audit   isexe: [ '2.0.0' ],
2742 silly audit   'is-bigint': [ '1.1.0' ],
2742 silly audit   'is-boolean-object': [ '1.2.2' ],
2742 silly audit   'is-number-object': [ '1.1.1' ],
2742 silly audit   'is-async-function': [ '2.1.1' ],
2742 silly audit   'is-finalizationregistry': [ '1.1.1' ],
2742 silly audit   'is-generator-function': [ '1.1.2' ],
2742 silly audit   'which-collection': [ '1.0.2' ],
2742 silly audit   'async-function': [ '1.0.0' ],
2742 silly audit   'generator-function': [ '2.0.1' ],
2742 silly audit   'is-map': [ '2.0.3' ],
2742 silly audit   'is-weakmap': [ '2.0.2' ],
2742 silly audit   'is-weakset': [ '2.0.4' ],
2742 silly audit   'use-sync-external-store': [ '1.6.0' ]
2742 silly audit }
2743 verbose reify failed optional dependency /home/candi/CEE_Coreeliteexperts/node_modules/@unrs/resolver-binding-win32-x64-msvc
2744 silly reify mark deleted [
2744 silly reify   '/home/candi/CEE_Coreeliteexperts/node_modules/@unrs/resolver-binding-win32-x64-msvc'
2744 silly reify ]
2745 verbose reify failed optional dependency /home/candi/CEE_Coreeliteexperts/node_modules/@unrs/resolver-binding-win32-ia32-msvc
2746 silly reify mark deleted [
2746 silly reify   '/home/candi/CEE_Coreeliteexperts/node_modules/@unrs/resolver-binding-win32-ia32-msvc'
2746 silly reify ]
2747 verbose reify failed optional dependency /home/candi/CEE_Coreeliteexperts/node_modules/@unrs/resolver-binding-win32-arm64-msvc
2748 silly reify mark deleted [
2748 silly reify   '/home/candi/CEE_Coreeliteexperts/node_modules/@unrs/resolver-binding-win32-arm64-msvc'
2748 silly reify ]
2749 verbose reify failed optional dependency /home/candi/CEE_Coreeliteexperts/node_modules/@unrs/resolver-binding-wasm32-wasi
2750 silly reify mark deleted [
2750 silly reify   '/home/candi/CEE_Coreeliteexperts/node_modules/@unrs/resolver-binding-wasm32-wasi'
2750 silly reify ]
2751 verbose reify failed optional dependency /home/candi/CEE_Coreeliteexperts/node_modules/@napi-rs/wasm-runtime
2752 silly reify mark deleted [
2752 silly reify   '/home/candi/CEE_Coreeliteexperts/node_modules/@napi-rs/wasm-runtime'
2752 silly reify ]
2753 verbose reify failed optional dependency /home/candi/CEE_Coreeliteexperts/node_modules/@emnapi/core
2754 silly reify mark deleted [ '/home/candi/CEE_Coreeliteexperts/node_modules/@emnapi/core' ]
2755 verbose reify failed optional dependency /home/candi/CEE_Coreeliteexperts/node_modules/@emnapi/runtime
2756 silly reify mark deleted [ '/home/candi/CEE_Coreeliteexperts/node_modules/@emnapi/runtime' ]
2757 verbose reify failed optional dependency /home/candi/CEE_Coreeliteexperts/node_modules/@tybys/wasm-util
2758 silly reify mark deleted [ '/home/candi/CEE_Coreeliteexperts/node_modules/@tybys/wasm-util' ]
2759 verbose reify failed optional dependency /home/candi/CEE_Coreeliteexperts/node_modules/@emnapi/wasi-threads
2760 silly reify mark deleted [
2760 silly reify   '/home/candi/CEE_Coreeliteexperts/node_modules/@emnapi/wasi-threads'
2760 silly reify ]
2761 verbose reify failed optional dependency /home/candi/CEE_Coreeliteexperts/node_modules/@unrs/resolver-binding-linux-x64-musl
2762 silly reify mark deleted [
2762 silly reify   '/home/candi/CEE_Coreeliteexperts/node_modules/@unrs/resolver-binding-linux-x64-musl'
2762 silly reify ]
2763 verbose reify failed optional dependency /home/candi/CEE_Coreeliteexperts/node_modules/@unrs/resolver-binding-linux-s390x-gnu
2764 silly reify mark deleted [
2764 silly reify   '/home/candi/CEE_Coreeliteexperts/node_modules/@unrs/resolver-binding-linux-s390x-gnu'
2764 silly reify ]
2765 verbose reify failed optional dependency /home/candi/CEE_Coreeliteexperts/node_modules/@unrs/resolver-binding-linux-riscv64-musl
2766 silly reify mark deleted [
2766 silly reify   '/home/candi/CEE_Coreeliteexperts/node_modules/@unrs/resolver-binding-linux-riscv64-musl'
2766 silly reify ]
2767 verbose reify failed optional dependency /home/candi/CEE_Coreeliteexperts/node_modules/@unrs/resolver-binding-linux-riscv64-gnu
2768 silly reify mark deleted [
2768 silly reify   '/home/candi/CEE_Coreeliteexperts/node_modules/@unrs/resolver-binding-linux-riscv64-gnu'
2768 silly reify ]
2769 verbose reify failed optional dependency /home/candi/CEE_Coreeliteexperts/node_modules/@unrs/resolver-binding-linux-ppc64-gnu
2770 silly reify mark deleted [
2770 silly reify   '/home/candi/CEE_Coreeliteexperts/node_modules/@unrs/resolver-binding-linux-ppc64-gnu'
2770 silly reify ]
2771 verbose reify failed optional dependency /home/candi/CEE_Coreeliteexperts/node_modules/@unrs/resolver-binding-linux-arm64-musl
2772 silly reify mark deleted [
2772 silly reify   '/home/candi/CEE_Coreeliteexperts/node_modules/@unrs/resolver-binding-linux-arm64-musl'
2772 silly reify ]
2773 verbose reify failed optional dependency /home/candi/CEE_Coreeliteexperts/node_modules/@unrs/resolver-binding-linux-arm64-gnu
2774 silly reify mark deleted [
2774 silly reify   '/home/candi/CEE_Coreeliteexperts/node_modules/@unrs/resolver-binding-linux-arm64-gnu'
2774 silly reify ]
2775 verbose reify failed optional dependency /home/candi/CEE_Coreeliteexperts/node_modules/@unrs/resolver-binding-linux-arm-musleabihf
2776 silly reify mark deleted [
2776 silly reify   '/home/candi/CEE_Coreeliteexperts/node_modules/@unrs/resolver-binding-linux-arm-musleabihf'
2776 silly reify ]
2777 verbose reify failed optional dependency /home/candi/CEE_Coreeliteexperts/node_modules/@unrs/resolver-binding-linux-arm-gnueabihf
2778 silly reify mark deleted [
2778 silly reify   '/home/candi/CEE_Coreeliteexperts/node_modules/@unrs/resolver-binding-linux-arm-gnueabihf'
2778 silly reify ]
2779 verbose reify failed optional dependency /home/candi/CEE_Coreeliteexperts/node_modules/@unrs/resolver-binding-freebsd-x64
2780 silly reify mark deleted [
2780 silly reify   '/home/candi/CEE_Coreeliteexperts/node_modules/@unrs/resolver-binding-freebsd-x64'
2780 silly reify ]
2781 verbose reify failed optional dependency /home/candi/CEE_Coreeliteexperts/node_modules/@unrs/resolver-binding-darwin-x64
2782 silly reify mark deleted [
2782 silly reify   '/home/candi/CEE_Coreeliteexperts/node_modules/@unrs/resolver-binding-darwin-x64'
2782 silly reify ]
2783 verbose reify failed optional dependency /home/candi/CEE_Coreeliteexperts/node_modules/@unrs/resolver-binding-darwin-arm64
2784 silly reify mark deleted [
2784 silly reify   '/home/candi/CEE_Coreeliteexperts/node_modules/@unrs/resolver-binding-darwin-arm64'
2784 silly reify ]
2785 verbose reify failed optional dependency /home/candi/CEE_Coreeliteexperts/node_modules/@unrs/resolver-binding-android-arm64
2786 silly reify mark deleted [
2786 silly reify   '/home/candi/CEE_Coreeliteexperts/node_modules/@unrs/resolver-binding-android-arm64'
2786 silly reify ]
2787 verbose reify failed optional dependency /home/candi/CEE_Coreeliteexperts/node_modules/@unrs/resolver-binding-android-arm-eabi
2788 silly reify mark deleted [
2788 silly reify   '/home/candi/CEE_Coreeliteexperts/node_modules/@unrs/resolver-binding-android-arm-eabi'
2788 silly reify ]
2789 verbose reify failed optional dependency /home/candi/CEE_Coreeliteexperts/node_modules/fsevents
2790 silly reify mark deleted [ '/home/candi/CEE_Coreeliteexperts/node_modules/fsevents' ]
2791 verbose reify failed optional dependency /home/candi/CEE_Coreeliteexperts/node_modules/@next/swc-win32-x64-msvc
2792 silly reify mark deleted [
2792 silly reify   '/home/candi/CEE_Coreeliteexperts/node_modules/@next/swc-win32-x64-msvc'
2792 silly reify ]
2793 verbose reify failed optional dependency /home/candi/CEE_Coreeliteexperts/node_modules/@next/swc-win32-ia32-msvc
2794 silly reify mark deleted [
2794 silly reify   '/home/candi/CEE_Coreeliteexperts/node_modules/@next/swc-win32-ia32-msvc'
2794 silly reify ]
2795 verbose reify failed optional dependency /home/candi/CEE_Coreeliteexperts/node_modules/@next/swc-win32-arm64-msvc
2796 silly reify mark deleted [
2796 silly reify   '/home/candi/CEE_Coreeliteexperts/node_modules/@next/swc-win32-arm64-msvc'
2796 silly reify ]
2797 verbose reify failed optional dependency /home/candi/CEE_Coreeliteexperts/node_modules/@next/swc-linux-x64-musl
2798 silly reify mark deleted [
2798 silly reify   '/home/candi/CEE_Coreeliteexperts/node_modules/@next/swc-linux-x64-musl'
2798 silly reify ]
2799 verbose reify failed optional dependency /home/candi/CEE_Coreeliteexperts/node_modules/@next/swc-linux-arm64-musl
2800 silly reify mark deleted [
2800 silly reify   '/home/candi/CEE_Coreeliteexperts/node_modules/@next/swc-linux-arm64-musl'
2800 silly reify ]
2801 verbose reify failed optional dependency /home/candi/CEE_Coreeliteexperts/node_modules/@next/swc-linux-arm64-gnu
2802 silly reify mark deleted [
2802 silly reify   '/home/candi/CEE_Coreeliteexperts/node_modules/@next/swc-linux-arm64-gnu'
2802 silly reify ]
2803 verbose reify failed optional dependency /home/candi/CEE_Coreeliteexperts/node_modules/@next/swc-darwin-x64
2804 silly reify mark deleted [
2804 silly reify   '/home/candi/CEE_Coreeliteexperts/node_modules/@next/swc-darwin-x64'
2804 silly reify ]
2805 verbose reify failed optional dependency /home/candi/CEE_Coreeliteexperts/node_modules/@next/swc-darwin-arm64
2806 silly reify mark deleted [
2806 silly reify   '/home/candi/CEE_Coreeliteexperts/node_modules/@next/swc-darwin-arm64'
2806 silly reify ]
2807 silly tarball no local data for use-sync-external-store@https://registry.npmjs.org/use-sync-external-store/-/use-sync-external-store-1.6.0.tgz. Extracting by manifest.
2808 silly tarball no local data for is-weakset@https://registry.npmjs.org/is-weakset/-/is-weakset-2.0.4.tgz. Extracting by manifest.
2809 silly tarball no local data for generator-function@https://registry.npmjs.org/generator-function/-/generator-function-2.0.1.tgz. Extracting by manifest.
2810 silly tarball no local data for is-map@https://registry.npmjs.org/is-map/-/is-map-2.0.3.tgz. Extracting by manifest.
2811 silly tarball no local data for which-collection@https://registry.npmjs.org/which-collection/-/which-collection-1.0.2.tgz. Extracting by manifest.
2812 silly tarball no local data for is-weakmap@https://registry.npmjs.org/is-weakmap/-/is-weakmap-2.0.2.tgz. Extracting by manifest.
2813 silly tarball no local data for is-generator-function@https://registry.npmjs.org/is-generator-function/-/is-generator-function-1.1.2.tgz. Extracting by manifest.
2814 silly tarball no local data for async-function@https://registry.npmjs.org/async-function/-/async-function-1.0.0.tgz. Extracting by manifest.
2815 silly tarball no local data for is-async-function@https://registry.npmjs.org/is-async-function/-/is-async-function-2.1.1.tgz. Extracting by manifest.
2816 silly tarball no local data for is-number-object@https://registry.npmjs.org/is-number-object/-/is-number-object-1.1.1.tgz. Extracting by manifest.
2817 silly tarball no local data for is-finalizationregistry@https://registry.npmjs.org/is-finalizationregistry/-/is-finalizationregistry-1.1.1.tgz. Extracting by manifest.
2818 silly tarball no local data for is-boolean-object@https://registry.npmjs.org/is-boolean-object/-/is-boolean-object-1.2.2.tgz. Extracting by manifest.
2819 silly tarball no local data for is-bigint@https://registry.npmjs.org/is-bigint/-/is-bigint-1.1.0.tgz. Extracting by manifest.
2820 silly tarball no local data for glob-to-regexp@https://registry.npmjs.org/glob-to-regexp/-/glob-to-regexp-0.4.1.tgz. Extracting by manifest.
2821 silly tarball no local data for isexe@https://registry.npmjs.org/isexe/-/isexe-2.0.0.tgz. Extracting by manifest.
2822 silly tarball no local data for punycode@https://registry.npmjs.org/punycode/-/punycode-2.3.1.tgz. Extracting by manifest.
2823 silly tarball no local data for @emnapi/wasi-threads@https://registry.npmjs.org/@emnapi/wasi-threads/-/wasi-threads-1.1.0.tgz. Extracting by manifest.
2824 silly tarball no local data for escalade@https://registry.npmjs.org/escalade/-/escalade-3.2.0.tgz. Extracting by manifest.
2825 silly tarball no local data for @tybys/wasm-util@https://registry.npmjs.org/@tybys/wasm-util/-/wasm-util-0.10.1.tgz. Extracting by manifest.
2826 silly tarball no local data for @emnapi/runtime@https://registry.npmjs.org/@emnapi/runtime/-/runtime-1.8.1.tgz. Extracting by manifest.
2827 silly tarball no local data for @emnapi/core@https://registry.npmjs.org/@emnapi/core/-/core-1.8.1.tgz. Extracting by manifest.
2828 silly tarball no local data for @napi-rs/wasm-runtime@https://registry.npmjs.org/@napi-rs/wasm-runtime/-/wasm-runtime-0.2.12.tgz. Extracting by manifest.
2829 silly tarball no local data for napi-postinstall@https://registry.npmjs.org/napi-postinstall/-/napi-postinstall-0.3.4.tgz. Extracting by manifest.
2830 silly tarball no local data for @unrs/resolver-binding-linux-x64-gnu@https://registry.npmjs.org/@unrs/resolver-binding-linux-x64-gnu/-/resolver-binding-linux-x64-gnu-1.11.1.tgz. Extracting by manifest.
2831 silly tarball no local data for has-bigints@https://registry.npmjs.org/has-bigints/-/has-bigints-1.1.0.tgz. Extracting by manifest.
2832 silly tarball no local data for which-builtin-type@https://registry.npmjs.org/which-builtin-type/-/which-builtin-type-1.2.1.tgz. Extracting by manifest.
2833 silly tarball no local data for reflect.getprototypeof@https://registry.npmjs.org/reflect.getprototypeof/-/reflect.getprototypeof-1.0.10.tgz. Extracting by manifest.
2834 silly tarball no local data for which-boxed-primitive@https://registry.npmjs.org/which-boxed-primitive/-/which-boxed-primitive-1.1.1.tgz. Extracting by manifest.
2835 silly tarball no local data for for-each@https://registry.npmjs.org/for-each/-/for-each-0.3.5.tgz. Extracting by manifest.
2836 silly tarball no local data for tsparticles-updater-size@https://registry.npmjs.org/tsparticles-updater-size/-/tsparticles-updater-size-2.12.0.tgz. Extracting by manifest.
2837 silly tarball no local data for tsparticles-updater-stroke-color@https://registry.npmjs.org/tsparticles-updater-stroke-color/-/tsparticles-updater-stroke-color-2.12.0.tgz. Extracting by manifest.
2838 silly tarball no local data for tsparticles-updater-out-modes@https://registry.npmjs.org/tsparticles-updater-out-modes/-/tsparticles-updater-out-modes-2.12.0.tgz. Extracting by manifest.
2839 silly tarball no local data for tsparticles-updater-rotate@https://registry.npmjs.org/tsparticles-updater-rotate/-/tsparticles-updater-rotate-2.12.0.tgz. Extracting by manifest.
2840 silly tarball no local data for tsparticles-updater-opacity@https://registry.npmjs.org/tsparticles-updater-opacity/-/tsparticles-updater-opacity-2.12.0.tgz. Extracting by manifest.
2841 silly tarball no local data for tsparticles-updater-life@https://registry.npmjs.org/tsparticles-updater-life/-/tsparticles-updater-life-2.12.0.tgz. Extracting by manifest.
2842 silly tarball no local data for tsparticles-updater-color@https://registry.npmjs.org/tsparticles-updater-color/-/tsparticles-updater-color-2.12.0.tgz. Extracting by manifest.
2843 silly tarball no local data for tsparticles-shape-text@https://registry.npmjs.org/tsparticles-shape-text/-/tsparticles-shape-text-2.12.0.tgz. Extracting by manifest.
2844 silly tarball no local data for tsparticles-shape-star@https://registry.npmjs.org/tsparticles-shape-star/-/tsparticles-shape-star-2.12.0.tgz. Extracting by manifest.
2845 silly tarball no local data for tsparticles-shape-square@https://registry.npmjs.org/tsparticles-shape-square/-/tsparticles-shape-square-2.12.0.tgz. Extracting by manifest.
2846 silly tarball no local data for tsparticles-shape-polygon@https://registry.npmjs.org/tsparticles-shape-polygon/-/tsparticles-shape-polygon-2.12.0.tgz. Extracting by manifest.
2847 silly tarball no local data for tsparticles-shape-line@https://registry.npmjs.org/tsparticles-shape-line/-/tsparticles-shape-line-2.12.0.tgz. Extracting by manifest.
2848 silly tarball no local data for tsparticles-shape-image@https://registry.npmjs.org/tsparticles-shape-image/-/tsparticles-shape-image-2.12.0.tgz. Extracting by manifest.
2849 silly tarball no local data for tsparticles-plugin-easing-quad@https://registry.npmjs.org/tsparticles-plugin-easing-quad/-/tsparticles-plugin-easing-quad-2.12.0.tgz. Extracting by manifest.
2850 silly tarball no local data for tsparticles-shape-circle@https://registry.npmjs.org/tsparticles-shape-circle/-/tsparticles-shape-circle-2.12.0.tgz. Extracting by manifest.
2851 silly tarball no local data for tsparticles-particles.js@https://registry.npmjs.org/tsparticles-particles.js/-/tsparticles-particles.js-2.12.0.tgz. Extracting by manifest.
2852 silly tarball no local data for tsparticles-move-parallax@https://registry.npmjs.org/tsparticles-move-parallax/-/tsparticles-move-parallax-2.12.0.tgz. Extracting by manifest.
2853 silly tarball no local data for tsparticles-move-base@https://registry.npmjs.org/tsparticles-move-base/-/tsparticles-move-base-2.12.0.tgz. Extracting by manifest.
2854 silly tarball no local data for tsparticles-interaction-particles-attract@https://registry.npmjs.org/tsparticles-interaction-particles-attract/-/tsparticles-interaction-particles-attract-2.12.0.tgz. Extracting by manifest.
2855 silly tarball no local data for tsparticles-interaction-particles-links@https://registry.npmjs.org/tsparticles-interaction-particles-links/-/tsparticles-interaction-particles-links-2.12.0.tgz. Extracting by manifest.
2856 silly tarball no local data for tsparticles-interaction-particles-collisions@https://registry.npmjs.org/tsparticles-interaction-particles-collisions/-/tsparticles-interaction-particles-collisions-2.12.0.tgz. Extracting by manifest.
2857 silly tarball no local data for tsparticles-interaction-external-slow@https://registry.npmjs.org/tsparticles-interaction-external-slow/-/tsparticles-interaction-external-slow-2.12.0.tgz. Extracting by manifest.
2858 silly tarball no local data for tsparticles-interaction-external-repulse@https://registry.npmjs.org/tsparticles-interaction-external-repulse/-/tsparticles-interaction-external-repulse-2.12.0.tgz. Extracting by manifest.
2859 silly tarball no local data for tsparticles-interaction-external-remove@https://registry.npmjs.org/tsparticles-interaction-external-remove/-/tsparticles-interaction-external-remove-2.12.0.tgz. Extracting by manifest.
2860 silly tarball no local data for tsparticles-interaction-external-pause@https://registry.npmjs.org/tsparticles-interaction-external-pause/-/tsparticles-interaction-external-pause-2.12.0.tgz. Extracting by manifest.
2861 silly tarball no local data for tsparticles-interaction-external-push@https://registry.npmjs.org/tsparticles-interaction-external-push/-/tsparticles-interaction-external-push-2.12.0.tgz. Extracting by manifest.
2862 silly tarball no local data for tsparticles-interaction-external-grab@https://registry.npmjs.org/tsparticles-interaction-external-grab/-/tsparticles-interaction-external-grab-2.12.0.tgz. Extracting by manifest.
2863 silly tarball no local data for tsparticles-interaction-external-bounce@https://registry.npmjs.org/tsparticles-interaction-external-bounce/-/tsparticles-interaction-external-bounce-2.12.0.tgz. Extracting by manifest.
2864 silly tarball no local data for tsparticles-interaction-external-bubble@https://registry.npmjs.org/tsparticles-interaction-external-bubble/-/tsparticles-interaction-external-bubble-2.12.0.tgz. Extracting by manifest.
2865 silly tarball no local data for tsparticles-interaction-external-connect@https://registry.npmjs.org/tsparticles-interaction-external-connect/-/tsparticles-interaction-external-connect-2.12.0.tgz. Extracting by manifest.
2866 silly tarball no local data for tsparticles-interaction-external-attract@https://registry.npmjs.org/tsparticles-interaction-external-attract/-/tsparticles-interaction-external-attract-2.12.0.tgz. Extracting by manifest.
2867 silly tarball no local data for tsparticles-basic@https://registry.npmjs.org/tsparticles-basic/-/tsparticles-basic-2.12.0.tgz. Extracting by manifest.
2868 silly tarball no local data for tsparticles-updater-wobble@https://registry.npmjs.org/tsparticles-updater-wobble/-/tsparticles-updater-wobble-2.12.0.tgz. Extracting by manifest.
2869 silly tarball no local data for tsparticles-updater-twinkle@https://registry.npmjs.org/tsparticles-updater-twinkle/-/tsparticles-updater-twinkle-2.12.0.tgz. Extracting by manifest.
2870 silly tarball no local data for tsparticles-updater-roll@https://registry.npmjs.org/tsparticles-updater-roll/-/tsparticles-updater-roll-2.12.0.tgz. Extracting by manifest.
2871 silly tarball no local data for tsparticles-updater-tilt@https://registry.npmjs.org/tsparticles-updater-tilt/-/tsparticles-updater-tilt-2.12.0.tgz. Extracting by manifest.
2872 silly tarball no local data for tsparticles-updater-destroy@https://registry.npmjs.org/tsparticles-updater-destroy/-/tsparticles-updater-destroy-2.12.0.tgz. Extracting by manifest.
2873 silly tarball no local data for tsparticles-slim@https://registry.npmjs.org/tsparticles-slim/-/tsparticles-slim-2.12.0.tgz. Extracting by manifest.
2874 silly tarball no local data for tsparticles-plugin-absorbers@https://registry.npmjs.org/tsparticles-plugin-absorbers/-/tsparticles-plugin-absorbers-2.12.0.tgz. Extracting by manifest.
2875 silly tarball no local data for tsparticles-plugin-emitters@https://registry.npmjs.org/tsparticles-plugin-emitters/-/tsparticles-plugin-emitters-2.12.0.tgz. Extracting by manifest.
2876 silly tarball no local data for tsparticles-interaction-external-trail@https://registry.npmjs.org/tsparticles-interaction-external-trail/-/tsparticles-interaction-external-trail-2.12.0.tgz. Extracting by manifest.
2877 silly tarball no local data for strip-bom@https://registry.npmjs.org/strip-bom/-/strip-bom-3.0.0.tgz. Extracting by manifest.
2878 silly tarball no local data for minimist@https://registry.npmjs.org/minimist/-/minimist-1.2.8.tgz. Extracting by manifest.
2879 silly tarball no local data for json5@https://registry.npmjs.org/json5/-/json5-1.0.2.tgz. Extracting by manifest.
2880 silly tarball no local data for @types/json5@https://registry.npmjs.org/@types/json5/-/json5-0.0.29.tgz. Extracting by manifest.
2881 silly tarball no local data for require-from-string@https://registry.npmjs.org/require-from-string/-/require-from-string-2.0.2.tgz. Extracting by manifest.
2882 silly tarball no local data for webgl-sdf-generator@https://registry.npmjs.org/webgl-sdf-generator/-/webgl-sdf-generator-1.1.1.tgz. Extracting by manifest.
2883 silly tarball no local data for troika-worker-utils@https://registry.npmjs.org/troika-worker-utils/-/troika-worker-utils-0.52.0.tgz. Extracting by manifest.
2884 silly tarball no local data for troika-three-utils@https://registry.npmjs.org/troika-three-utils/-/troika-three-utils-0.52.4.tgz. Extracting by manifest.
2885 silly tarball no local data for bidi-js@https://registry.npmjs.org/bidi-js/-/bidi-js-1.0.3.tgz. Extracting by manifest.
2886 silly tarball no local data for is-number@https://registry.npmjs.org/is-number/-/is-number-7.0.0.tgz. Extracting by manifest.
2887 silly tarball no local data for potpack@https://registry.npmjs.org/potpack/-/potpack-1.0.2.tgz. Extracting by manifest.
2888 silly tarball no local data for fdir@https://registry.npmjs.org/fdir/-/fdir-6.5.0.tgz. Extracting by manifest.
2889 silly tarball no local data for draco3d@https://registry.npmjs.org/draco3d/-/draco3d-1.5.7.tgz. Extracting by manifest.
2890 silly tarball no local data for @types/offscreencanvas@https://registry.npmjs.org/@types/offscreencanvas/-/offscreencanvas-2019.7.3.tgz. Extracting by manifest.
2891 silly tarball no local data for @types/draco3d@https://registry.npmjs.org/@types/draco3d/-/draco3d-1.4.10.tgz. Extracting by manifest.
2892 silly tarball no local data for thenify@https://registry.npmjs.org/thenify/-/thenify-3.3.1.tgz. Extracting by manifest.
2893 silly tarball no local data for any-promise@https://registry.npmjs.org/any-promise/-/any-promise-1.3.0.tgz. Extracting by manifest.
2894 silly tarball no local data for thenify-all@https://registry.npmjs.org/thenify-all/-/thenify-all-1.6.0.tgz. Extracting by manifest.
2895 silly tarball no local data for @jridgewell/trace-mapping@https://registry.npmjs.org/@jridgewell/trace-mapping/-/trace-mapping-0.3.31.tgz. Extracting by manifest.
2896 silly tarball no local data for @jridgewell/resolve-uri@https://registry.npmjs.org/@jridgewell/resolve-uri/-/resolve-uri-3.1.2.tgz. Extracting by manifest.
2897 silly tarball no local data for @jridgewell/sourcemap-codec@https://registry.npmjs.org/@jridgewell/sourcemap-codec/-/sourcemap-codec-1.5.5.tgz. Extracting by manifest.
2898 silly tarball no local data for ts-interface-checker@https://registry.npmjs.org/ts-interface-checker/-/ts-interface-checker-0.1.13.tgz. Extracting by manifest.
2899 silly tarball no local data for pirates@https://registry.npmjs.org/pirates/-/pirates-4.0.7.tgz. Extracting by manifest.
2900 silly tarball no local data for mz@https://registry.npmjs.org/mz/-/mz-2.7.0.tgz. Extracting by manifest.
2901 silly tarball no local data for commander@https://registry.npmjs.org/commander/-/commander-4.1.1.tgz. Extracting by manifest.
2902 silly tarball no local data for lines-and-columns@https://registry.npmjs.org/lines-and-columns/-/lines-and-columns-1.2.4.tgz. Extracting by manifest.
2903 silly tarball no local data for @jridgewell/gen-mapping@https://registry.npmjs.org/@jridgewell/gen-mapping/-/gen-mapping-0.3.13.tgz. Extracting by manifest.
2904 silly tarball no local data for pify@https://registry.npmjs.org/pify/-/pify-2.3.0.tgz. Extracting by manifest.
2905 silly tarball no local data for cssesc@https://registry.npmjs.org/cssesc/-/cssesc-3.0.0.tgz. Extracting by manifest.
2906 silly tarball no local data for util-deprecate@https://registry.npmjs.org/util-deprecate/-/util-deprecate-1.0.2.tgz. Extracting by manifest.
2907 silly tarball no local data for camelcase-css@https://registry.npmjs.org/camelcase-css/-/camelcase-css-2.0.1.tgz. Extracting by manifest.
2908 silly tarball no local data for read-cache@https://registry.npmjs.org/read-cache/-/read-cache-1.0.0.tgz. Extracting by manifest.
2909 silly tarball no local data for readdirp@https://registry.npmjs.org/readdirp/-/readdirp-3.6.0.tgz. Extracting by manifest.
2910 silly tarball no local data for binary-extensions@https://registry.npmjs.org/binary-extensions/-/binary-extensions-2.3.0.tgz. Extracting by manifest.
2911 silly tarball no local data for is-binary-path@https://registry.npmjs.org/is-binary-path/-/is-binary-path-2.1.0.tgz. Extracting by manifest.
2912 silly tarball no local data for anymatch@https://registry.npmjs.org/anymatch/-/anymatch-3.1.3.tgz. Extracting by manifest.
2913 silly tarball no local data for sucrase@https://registry.npmjs.org/sucrase/-/sucrase-3.35.1.tgz. Extracting by manifest.
2914 silly tarball no local data for postcss-selector-parser@https://registry.npmjs.org/postcss-selector-parser/-/postcss-selector-parser-6.1.2.tgz. Extracting by manifest.
2915 silly tarball no local data for postcss-nested@https://registry.npmjs.org/postcss-nested/-/postcss-nested-6.2.0.tgz. Extracting by manifest.
2916 silly tarball no local data for postcss-load-config@https://registry.npmjs.org/postcss-load-config/-/postcss-load-config-6.0.1.tgz. Extracting by manifest.
2917 silly tarball no local data for postcss-import@https://registry.npmjs.org/postcss-import/-/postcss-import-15.1.0.tgz. Extracting by manifest.
2918 silly tarball no local data for postcss-js@https://registry.npmjs.org/postcss-js/-/postcss-js-4.1.0.tgz. Extracting by manifest.
2919 silly tarball no local data for object-hash@https://registry.npmjs.org/object-hash/-/object-hash-3.0.0.tgz. Extracting by manifest.
2920 silly tarball no local data for normalize-path@https://registry.npmjs.org/normalize-path/-/normalize-path-3.0.0.tgz. Extracting by manifest.
2921 silly tarball no local data for jiti@https://registry.npmjs.org/jiti/-/jiti-1.21.7.tgz. Extracting by manifest.
2922 silly tarball no local data for lilconfig@https://registry.npmjs.org/lilconfig/-/lilconfig-3.1.3.tgz. Extracting by manifest.
2923 silly tarball no local data for dlv@https://registry.npmjs.org/dlv/-/dlv-1.1.3.tgz. Extracting by manifest.
2924 silly tarball no local data for didyoumean@https://registry.npmjs.org/didyoumean/-/didyoumean-1.2.2.tgz. Extracting by manifest.
2925 silly tarball no local data for chokidar@https://registry.npmjs.org/chokidar/-/chokidar-3.6.0.tgz. Extracting by manifest.
2926 silly tarball no local data for arg@https://registry.npmjs.org/arg/-/arg-5.0.2.tgz. Extracting by manifest.
2927 silly tarball no local data for @alloc/quick-lru@https://registry.npmjs.org/@alloc/quick-lru/-/quick-lru-5.2.0.tgz. Extracting by manifest.
2928 silly tarball no local data for has-flag@https://registry.npmjs.org/has-flag/-/has-flag-4.0.0.tgz. Extracting by manifest.
2929 silly tarball no local data for ansi-regex@https://registry.npmjs.org/ansi-regex/-/ansi-regex-5.0.1.tgz. Extracting by manifest.
2930 silly tarball no local data for client-only@https://registry.npmjs.org/client-only/-/client-only-0.0.1.tgz. Extracting by manifest.
2931 silly tarball no local data for side-channel-map@https://registry.npmjs.org/side-channel-map/-/side-channel-map-1.0.1.tgz. Extracting by manifest.
2932 silly tarball no local data for side-channel-weakmap@https://registry.npmjs.org/side-channel-weakmap/-/side-channel-weakmap-1.0.2.tgz. Extracting by manifest.
2933 silly tarball no local data for side-channel-list@https://registry.npmjs.org/side-channel-list/-/side-channel-list-1.0.0.tgz. Extracting by manifest.
2934 silly tarball no local data for shebang-regex@https://registry.npmjs.org/shebang-regex/-/shebang-regex-3.0.0.tgz. Extracting by manifest.
2935 silly tarball no local data for isarray@https://registry.npmjs.org/isarray/-/isarray-2.0.5.tgz. Extracting by manifest.
2936 silly tarball no local data for queue-microtask@https://registry.npmjs.org/queue-microtask/-/queue-microtask-1.2.3.tgz. Extracting by manifest.
2937 silly tarball no local data for supports-preserve-symlinks-flag@https://registry.npmjs.org/supports-preserve-symlinks-flag/-/supports-preserve-symlinks-flag-1.0.0.tgz. Extracting by manifest.
2938 silly tarball no local data for js-tokens@https://registry.npmjs.org/js-tokens/-/js-tokens-4.0.0.tgz. Extracting by manifest.
2939 silly tarball no local data for tsparticles-engine@https://registry.npmjs.org/tsparticles-engine/-/tsparticles-engine-2.12.0.tgz. Extracting by manifest.
2940 silly tarball no local data for path-parse@https://registry.npmjs.org/path-parse/-/path-parse-1.0.7.tgz. Extracting by manifest.
2941 silly tarball no local data for react-is@https://registry.npmjs.org/react-is/-/react-is-16.13.1.tgz. Extracting by manifest.
2942 silly tarball no local data for object-assign@https://registry.npmjs.org/object-assign/-/object-assign-4.1.1.tgz. Extracting by manifest.
2943 silly tarball no local data for loose-envify@https://registry.npmjs.org/loose-envify/-/loose-envify-1.4.0.tgz. Extracting by manifest.
2944 silly tarball no local data for immediate@https://registry.npmjs.org/immediate/-/immediate-3.0.6.tgz. Extracting by manifest.
2945 silly tarball no local data for is-promise@https://registry.npmjs.org/is-promise/-/is-promise-2.2.2.tgz. Extracting by manifest.
2946 silly tarball no local data for lie@https://registry.npmjs.org/lie/-/lie-3.3.0.tgz. Extracting by manifest.
2947 silly tarball no local data for nanoid@https://registry.npmjs.org/nanoid/-/nanoid-3.3.11.tgz. Extracting by manifest.
2948 silly tarball no local data for source-map-js@https://registry.npmjs.org/source-map-js/-/source-map-js-1.2.1.tgz. Extracting by manifest.
2949 silly tarball no local data for callsites@https://registry.npmjs.org/callsites/-/callsites-3.1.0.tgz. Extracting by manifest.
2950 silly tarball no local data for yocto-queue@https://registry.npmjs.org/yocto-queue/-/yocto-queue-0.1.0.tgz. Extracting by manifest.
2951 silly tarball no local data for word-wrap@https://registry.npmjs.org/word-wrap/-/word-wrap-1.2.5.tgz. Extracting by manifest.
2952 silly tarball no local data for p-limit@https://registry.npmjs.org/p-limit/-/p-limit-3.1.0.tgz. Extracting by manifest.
2953 silly tarball no local data for fast-levenshtein@https://registry.npmjs.org/fast-levenshtein/-/fast-levenshtein-2.0.6.tgz. Extracting by manifest.
2954 silly tarball no local data for deep-is@https://registry.npmjs.org/deep-is/-/deep-is-0.1.4.tgz. Extracting by manifest.
2955 silly tarball no local data for streamsearch@https://registry.npmjs.org/streamsearch/-/streamsearch-1.1.0.tgz. Extracting by manifest.
2956 silly tarball no local data for graceful-fs@https://registry.npmjs.org/graceful-fs/-/graceful-fs-4.2.11.tgz. Extracting by manifest.
2957 silly tarball no local data for watchpack@https://registry.npmjs.org/watchpack/-/watchpack-2.4.0.tgz. Extracting by manifest.
2958 silly tarball no local data for styled-jsx@https://registry.npmjs.org/styled-jsx/-/styled-jsx-5.1.1.tgz. Extracting by manifest.
2959 silly tarball no local data for busboy@https://registry.npmjs.org/busboy/-/busboy-1.6.0.tgz. Extracting by manifest.
2960 silly tarball no local data for @swc/helpers@https://registry.npmjs.org/@swc/helpers/-/helpers-0.5.2.tgz. Extracting by manifest.
2961 silly tarball no local data for @next/swc-linux-x64-gnu@https://registry.npmjs.org/@next/swc-linux-x64-gnu/-/swc-linux-x64-gnu-14.0.4.tgz. Extracting by manifest.
2962 silly tarball no local data for concat-map@https://registry.npmjs.org/concat-map/-/concat-map-0.0.1.tgz. Extracting by manifest.
2963 silly tarball no local data for @next/env@https://registry.npmjs.org/@next/env/-/env-14.0.4.tgz. Extracting by manifest.
2964 silly tarball no local data for balanced-match@https://registry.npmjs.org/balanced-match/-/balanced-match-1.0.2.tgz. Extracting by manifest.
2965 silly tarball no local data for brace-expansion@https://registry.npmjs.org/brace-expansion/-/brace-expansion-1.1.12.tgz. Extracting by manifest.
2966 silly tarball no local data for to-regex-range@https://registry.npmjs.org/to-regex-range/-/to-regex-range-5.0.1.tgz. Extracting by manifest.
2967 silly tarball no local data for fill-range@https://registry.npmjs.org/fill-range/-/fill-range-7.1.1.tgz. Extracting by manifest.
2968 silly tarball no local data for picomatch@https://registry.npmjs.org/picomatch/-/picomatch-2.3.1.tgz. Extracting by manifest.
2969 silly tarball no local data for braces@https://registry.npmjs.org/braces/-/braces-3.0.3.tgz. Extracting by manifest.
2970 silly tarball no local data for type-check@https://registry.npmjs.org/type-check/-/type-check-0.4.0.tgz. Extracting by manifest.
2971 silly tarball no local data for p-locate@https://registry.npmjs.org/p-locate/-/p-locate-5.0.0.tgz. Extracting by manifest.
2972 silly tarball no local data for prelude-ls@https://registry.npmjs.org/prelude-ls/-/prelude-ls-1.2.1.tgz. Extracting by manifest.
2973 silly tarball no local data for language-subtag-registry@https://registry.npmjs.org/language-subtag-registry/-/language-subtag-registry-0.3.23.tgz. Extracting by manifest.
2974 silly tarball no local data for json-buffer@https://registry.npmjs.org/json-buffer/-/json-buffer-3.0.1.tgz. Extracting by manifest.
2975 silly tarball no local data for is-extglob@https://registry.npmjs.org/is-extglob/-/is-extglob-2.1.1.tgz. Extracting by manifest.
2976 silly tarball no local data for set-function-name@https://registry.npmjs.org/set-function-name/-/set-function-name-2.0.2.tgz. Extracting by manifest.
2977 silly tarball no local data for argparse@https://registry.npmjs.org/argparse/-/argparse-2.0.1.tgz. Extracting by manifest.
2978 silly tarball no local data for side-channel@https://registry.npmjs.org/side-channel/-/side-channel-1.1.0.tgz. Extracting by manifest.
2979 silly tarball no local data for wrappy@https://registry.npmjs.org/wrappy/-/wrappy-1.0.2.tgz. Extracting by manifest.
2980 silly tarball no local data for resolve-from@https://registry.npmjs.org/resolve-from/-/resolve-from-4.0.0.tgz. Extracting by manifest.
2981 silly tarball no local data for parent-module@https://registry.npmjs.org/parent-module/-/parent-module-1.0.1.tgz. Extracting by manifest.
2982 silly tarball no local data for micromatch@https://registry.npmjs.org/micromatch/-/micromatch-4.0.8.tgz. Extracting by manifest.
2983 silly tarball no local data for path-type@https://registry.npmjs.org/path-type/-/path-type-4.0.0.tgz. Extracting by manifest.
2984 silly tarball no local data for slash@https://registry.npmjs.org/slash/-/slash-3.0.0.tgz. Extracting by manifest.
2985 silly tarball no local data for merge2@https://registry.npmjs.org/merge2/-/merge2-1.4.1.tgz. Extracting by manifest.
2986 silly tarball no local data for fast-glob@https://registry.npmjs.org/fast-glob/-/fast-glob-3.3.3.tgz. Extracting by manifest.
2987 silly tarball no local data for dir-glob@https://registry.npmjs.org/dir-glob/-/dir-glob-3.0.1.tgz. Extracting by manifest.
2988 silly tarball no local data for array-union@https://registry.npmjs.org/array-union/-/array-union-2.1.0.tgz. Extracting by manifest.
2989 silly tarball no local data for type-fest@https://registry.npmjs.org/type-fest/-/type-fest-0.20.2.tgz. Extracting by manifest.
2990 silly tarball no local data for path-is-absolute@https://registry.npmjs.org/path-is-absolute/-/path-is-absolute-1.0.1.tgz. Extracting by manifest.
2991 silly tarball no local data for once@https://registry.npmjs.org/once/-/once-1.4.0.tgz. Extracting by manifest.
2992 silly tarball no local data for inherits@https://registry.npmjs.org/inherits/-/inherits-2.0.4.tgz. Extracting by manifest.
2993 silly tarball no local data for inflight@https://registry.npmjs.org/inflight/-/inflight-1.0.6.tgz. Extracting by manifest.
2994 silly tarball no local data for fs.realpath@https://registry.npmjs.org/fs.realpath/-/fs.realpath-1.0.0.tgz. Extracting by manifest.
2995 silly tarball no local data for resolve-pkg-maps@https://registry.npmjs.org/resolve-pkg-maps/-/resolve-pkg-maps-1.0.0.tgz. Extracting by manifest.
2996 silly tarball no local data for functions-have-names@https://registry.npmjs.org/functions-have-names/-/functions-have-names-1.2.3.tgz. Extracting by manifest.
2997 silly tarball no local data for dunder-proto@https://registry.npmjs.org/dunder-proto/-/dunder-proto-1.0.1.tgz. Extracting by manifest.
2998 silly tarball no local data for @emotion/memoize@https://registry.npmjs.org/@emotion/memoize/-/memoize-0.7.4.tgz. Extracting by manifest.
2999 silly tarball no local data for tslib@https://registry.npmjs.org/tslib/-/tslib-2.8.1.tgz. Extracting by manifest.
3000 silly tarball no local data for rimraf@https://registry.npmjs.org/rimraf/-/rimraf-3.0.2.tgz. Extracting by manifest.
3001 silly tarball no local data for keyv@https://registry.npmjs.org/keyv/-/keyv-4.5.4.tgz. Extracting by manifest.
3002 silly tarball no local data for @emotion/is-prop-valid@https://registry.npmjs.org/@emotion/is-prop-valid/-/is-prop-valid-0.8.8.tgz. Extracting by manifest.
3003 silly tarball no local data for flatted@https://registry.npmjs.org/flatted/-/flatted-3.3.3.tgz. Extracting by manifest.
3004 silly tarball no local data for path-exists@https://registry.npmjs.org/path-exists/-/path-exists-4.0.0.tgz. Extracting by manifest.
3005 silly tarball no local data for locate-path@https://registry.npmjs.org/locate-path/-/locate-path-6.0.0.tgz. Extracting by manifest.
3006 silly tarball no local data for flat-cache@https://registry.npmjs.org/flat-cache/-/flat-cache-3.2.0.tgz. Extracting by manifest.
3007 silly tarball no local data for reusify@https://registry.npmjs.org/reusify/-/reusify-1.1.0.tgz. Extracting by manifest.
3008 silly tarball no local data for acorn-jsx@https://registry.npmjs.org/acorn-jsx/-/acorn-jsx-5.3.2.tgz. Extracting by manifest.
3009 silly tarball no local data for acorn@https://registry.npmjs.org/acorn/-/acorn-8.15.0.tgz. Extracting by manifest.
3010 silly tarball no local data for esrecurse@https://registry.npmjs.org/esrecurse/-/esrecurse-4.3.0.tgz. Extracting by manifest.
3011 silly tarball no local data for iterator.prototype@https://registry.npmjs.org/iterator.prototype/-/iterator.prototype-1.1.5.tgz. Extracting by manifest.
3012 silly tarball no local data for string.prototype.repeat@https://registry.npmjs.org/string.prototype.repeat/-/string.prototype.repeat-1.0.0.tgz. Extracting by manifest.
3013 silly tarball no local data for string.prototype.matchall@https://registry.npmjs.org/string.prototype.matchall/-/string.prototype.matchall-4.0.12.tgz. Extracting by manifest.
3014 silly tarball no local data for prop-types@https://registry.npmjs.org/prop-types/-/prop-types-15.8.1.tgz. Extracting by manifest.
3015 silly tarball no local data for object.entries@https://registry.npmjs.org/object.entries/-/object.entries-1.1.9.tgz. Extracting by manifest.
3016 silly tarball no local data for estraverse@https://registry.npmjs.org/estraverse/-/estraverse-5.3.0.tgz. Extracting by manifest.
3017 silly tarball no local data for es-iterator-helpers@https://registry.npmjs.org/es-iterator-helpers/-/es-iterator-helpers-1.2.2.tgz. Extracting by manifest.
3018 silly tarball no local data for array.prototype.findlast@https://registry.npmjs.org/array.prototype.findlast/-/array.prototype.findlast-1.2.5.tgz. Extracting by manifest.
3019 silly tarball no local data for array.prototype.tosorted@https://registry.npmjs.org/array.prototype.tosorted/-/array.prototype.tosorted-1.1.4.tgz. Extracting by manifest.
3020 silly tarball no local data for string.prototype.includes@https://registry.npmjs.org/string.prototype.includes/-/string.prototype.includes-2.0.1.tgz. Extracting by manifest.
3021 silly tarball no local data for language-tags@https://registry.npmjs.org/language-tags/-/language-tags-1.0.9.tgz. Extracting by manifest.
3022 silly tarball no local data for emoji-regex@https://registry.npmjs.org/emoji-regex/-/emoji-regex-9.2.2.tgz. Extracting by manifest.
3023 silly tarball no local data for jsx-ast-utils@https://registry.npmjs.org/jsx-ast-utils/-/jsx-ast-utils-3.3.5.tgz. Extracting by manifest.
3024 silly tarball no local data for damerau-levenshtein@https://registry.npmjs.org/damerau-levenshtein/-/damerau-levenshtein-1.0.8.tgz. Extracting by manifest.
3025 silly tarball no local data for axobject-query@https://registry.npmjs.org/axobject-query/-/axobject-query-4.1.0.tgz. Extracting by manifest.
3026 silly tarball no local data for axe-core@https://registry.npmjs.org/axe-core/-/axe-core-4.11.1.tgz. Extracting by manifest.
3027 silly tarball no local data for ast-types-flow@https://registry.npmjs.org/ast-types-flow/-/ast-types-flow-0.0.8.tgz. Extracting by manifest.
3028 silly tarball no local data for aria-query@https://registry.npmjs.org/aria-query/-/aria-query-5.3.2.tgz. Extracting by manifest.
3029 silly tarball no local data for is-symbol@https://registry.npmjs.org/is-symbol/-/is-symbol-1.1.1.tgz. Extracting by manifest.
3030 silly tarball no local data for is-date-object@https://registry.npmjs.org/is-date-object/-/is-date-object-1.1.0.tgz. Extracting by manifest.
3031 silly tarball no local data for has-tostringtag@https://registry.npmjs.org/has-tostringtag/-/has-tostringtag-1.0.2.tgz. Extracting by manifest.
3032 silly tarball no local data for possible-typed-array-names@https://registry.npmjs.org/possible-typed-array-names/-/possible-typed-array-names-1.1.0.tgz. Extracting by manifest.
3033 silly tarball no local data for which-typed-array@https://registry.npmjs.org/which-typed-array/-/which-typed-array-1.1.20.tgz. Extracting by manifest.
3034 silly tarball no local data for unbox-primitive@https://registry.npmjs.org/unbox-primitive/-/unbox-primitive-1.1.0.tgz. Extracting by manifest.
3035 silly tarball no local data for typed-array-length@https://registry.npmjs.org/typed-array-length/-/typed-array-length-1.0.7.tgz. Extracting by manifest.
3036 silly tarball no local data for typed-array-byte-offset@https://registry.npmjs.org/typed-array-byte-offset/-/typed-array-byte-offset-1.0.4.tgz. Extracting by manifest.
3037 silly tarball no local data for typed-array-byte-length@https://registry.npmjs.org/typed-array-byte-length/-/typed-array-byte-length-1.0.3.tgz. Extracting by manifest.
3038 silly tarball no local data for typed-array-buffer@https://registry.npmjs.org/typed-array-buffer/-/typed-array-buffer-1.0.3.tgz. Extracting by manifest.
3039 silly tarball no local data for string.prototype.trimstart@https://registry.npmjs.org/string.prototype.trimstart/-/string.prototype.trimstart-1.0.8.tgz. Extracting by manifest.
3040 silly tarball no local data for string.prototype.trim@https://registry.npmjs.org/string.prototype.trim/-/string.prototype.trim-1.2.10.tgz. Extracting by manifest.
3041 silly tarball no local data for set-proto@https://registry.npmjs.org/set-proto/-/set-proto-1.0.0.tgz. Extracting by manifest.
3042 silly tarball no local data for stop-iteration-iterator@https://registry.npmjs.org/stop-iteration-iterator/-/stop-iteration-iterator-1.1.0.tgz. Extracting by manifest.
3043 silly tarball no local data for safe-regex-test@https://registry.npmjs.org/safe-regex-test/-/safe-regex-test-1.1.0.tgz. Extracting by manifest.
3044 silly tarball no local data for safe-array-concat@https://registry.npmjs.org/safe-array-concat/-/safe-array-concat-1.1.3.tgz. Extracting by manifest.
3045 silly tarball no local data for safe-push-apply@https://registry.npmjs.org/safe-push-apply/-/safe-push-apply-1.0.0.tgz. Extracting by manifest.
3046 silly tarball no local data for regexp.prototype.flags@https://registry.npmjs.org/regexp.prototype.flags/-/regexp.prototype.flags-1.5.4.tgz. Extracting by manifest.
3047 silly tarball no local data for object.assign@https://registry.npmjs.org/object.assign/-/object.assign-4.1.7.tgz. Extracting by manifest.
3048 silly tarball no local data for own-keys@https://registry.npmjs.org/own-keys/-/own-keys-1.0.1.tgz. Extracting by manifest.
3049 silly tarball no local data for object-inspect@https://registry.npmjs.org/object-inspect/-/object-inspect-1.13.4.tgz. Extracting by manifest.
3050 silly tarball no local data for is-weakref@https://registry.npmjs.org/is-weakref/-/is-weakref-1.1.1.tgz. Extracting by manifest.
3051 silly tarball no local data for is-typed-array@https://registry.npmjs.org/is-typed-array/-/is-typed-array-1.1.15.tgz. Extracting by manifest.
3052 silly tarball no local data for is-shared-array-buffer@https://registry.npmjs.org/is-shared-array-buffer/-/is-shared-array-buffer-1.0.4.tgz. Extracting by manifest.
3053 silly tarball no local data for is-set@https://registry.npmjs.org/is-set/-/is-set-2.0.3.tgz. Extracting by manifest.
3054 silly tarball no local data for is-regex@https://registry.npmjs.org/is-regex/-/is-regex-1.2.1.tgz. Extracting by manifest.
3055 silly tarball no local data for is-data-view@https://registry.npmjs.org/is-data-view/-/is-data-view-1.0.2.tgz. Extracting by manifest.
3056 silly tarball no local data for is-negative-zero@https://registry.npmjs.org/is-negative-zero/-/is-negative-zero-2.0.3.tgz. Extracting by manifest.
3057 silly tarball no local data for is-callable@https://registry.npmjs.org/is-callable/-/is-callable-1.2.7.tgz. Extracting by manifest.
3058 silly tarball no local data for is-array-buffer@https://registry.npmjs.org/is-array-buffer/-/is-array-buffer-3.0.5.tgz. Extracting by manifest.
3059 silly tarball no local data for internal-slot@https://registry.npmjs.org/internal-slot/-/internal-slot-1.1.0.tgz. Extracting by manifest.
3060 silly tarball no local data for has-proto@https://registry.npmjs.org/has-proto/-/has-proto-1.2.0.tgz. Extracting by manifest.
3061 silly tarball no local data for get-symbol-description@https://registry.npmjs.org/get-symbol-description/-/get-symbol-description-1.1.0.tgz. Extracting by manifest.
3062 silly tarball no local data for has-symbols@https://registry.npmjs.org/has-symbols/-/has-symbols-1.1.0.tgz. Extracting by manifest.
3063 silly tarball no local data for globalthis@https://registry.npmjs.org/globalthis/-/globalthis-1.0.4.tgz. Extracting by manifest.
3064 silly tarball no local data for function.prototype.name@https://registry.npmjs.org/function.prototype.name/-/function.prototype.name-1.1.8.tgz. Extracting by manifest.
3065 silly tarball no local data for get-proto@https://registry.npmjs.org/get-proto/-/get-proto-1.0.1.tgz. Extracting by manifest.
3066 silly tarball no local data for es-set-tostringtag@https://registry.npmjs.org/es-set-tostringtag/-/es-set-tostringtag-2.1.0.tgz. Extracting by manifest.
3067 silly tarball no local data for data-view-byte-offset@https://registry.npmjs.org/data-view-byte-offset/-/data-view-byte-offset-1.0.1.tgz. Extracting by manifest.
3068 silly tarball no local data for es-to-primitive@https://registry.npmjs.org/es-to-primitive/-/es-to-primitive-1.3.0.tgz. Extracting by manifest.
3069 silly tarball no local data for data-view-byte-length@https://registry.npmjs.org/data-view-byte-length/-/data-view-byte-length-1.0.2.tgz. Extracting by manifest.
3070 silly tarball no local data for available-typed-arrays@https://registry.npmjs.org/available-typed-arrays/-/available-typed-arrays-1.0.7.tgz. Extracting by manifest.
3071 silly tarball no local data for arraybuffer.prototype.slice@https://registry.npmjs.org/arraybuffer.prototype.slice/-/arraybuffer.prototype.slice-1.0.4.tgz. Extracting by manifest.
3072 silly tarball no local data for data-view-buffer@https://registry.npmjs.org/data-view-buffer/-/data-view-buffer-1.0.2.tgz. Extracting by manifest.
3073 silly tarball no local data for array-buffer-byte-length@https://registry.npmjs.org/array-buffer-byte-length/-/array-buffer-byte-length-1.0.2.tgz. Extracting by manifest.
3074 silly tarball no local data for gopd@https://registry.npmjs.org/gopd/-/gopd-1.2.0.tgz. Extracting by manifest.
3075 silly tarball no local data for object-keys@https://registry.npmjs.org/object-keys/-/object-keys-1.1.1.tgz. Extracting by manifest.
3076 silly tarball no local data for has-property-descriptors@https://registry.npmjs.org/has-property-descriptors/-/has-property-descriptors-1.0.2.tgz. Extracting by manifest.
3077 silly tarball no local data for define-data-property@https://registry.npmjs.org/define-data-property/-/define-data-property-1.1.4.tgz. Extracting by manifest.
3078 silly tarball no local data for function-bind@https://registry.npmjs.org/function-bind/-/function-bind-1.1.2.tgz. Extracting by manifest.
3079 silly tarball no local data for set-function-length@https://registry.npmjs.org/set-function-length/-/set-function-length-1.2.2.tgz. Extracting by manifest.
3080 silly tarball no local data for es-define-property@https://registry.npmjs.org/es-define-property/-/es-define-property-1.0.1.tgz. Extracting by manifest.
3081 silly tarball no local data for call-bind-apply-helpers@https://registry.npmjs.org/call-bind-apply-helpers/-/call-bind-apply-helpers-1.0.2.tgz. Extracting by manifest.
3082 silly tarball no local data for es-shim-unscopables@https://registry.npmjs.org/es-shim-unscopables/-/es-shim-unscopables-1.1.0.tgz. Extracting by manifest.
3083 silly tarball no local data for es-errors@https://registry.npmjs.org/es-errors/-/es-errors-1.3.0.tgz. Extracting by manifest.
3084 silly tarball no local data for math-intrinsics@https://registry.npmjs.org/math-intrinsics/-/math-intrinsics-1.1.0.tgz. Extracting by manifest.
3085 silly tarball no local data for es-object-atoms@https://registry.npmjs.org/es-object-atoms/-/es-object-atoms-1.1.1.tgz. Extracting by manifest.
3086 silly tarball no local data for get-intrinsic@https://registry.npmjs.org/get-intrinsic/-/get-intrinsic-1.3.0.tgz. Extracting by manifest.
3087 silly tarball no local data for is-string@https://registry.npmjs.org/is-string/-/is-string-1.1.1.tgz. Extracting by manifest.
3088 silly tarball no local data for es-abstract@https://registry.npmjs.org/es-abstract/-/es-abstract-1.24.1.tgz. Extracting by manifest.
3089 silly tarball no local data for define-properties@https://registry.npmjs.org/define-properties/-/define-properties-1.2.1.tgz. Extracting by manifest.
3090 silly tarball no local data for call-bound@https://registry.npmjs.org/call-bound/-/call-bound-1.0.4.tgz. Extracting by manifest.
3091 silly tarball no local data for tsconfig-paths@https://registry.npmjs.org/tsconfig-paths/-/tsconfig-paths-3.15.0.tgz. Extracting by manifest.
3092 silly tarball no local data for call-bind@https://registry.npmjs.org/call-bind/-/call-bind-1.0.8.tgz. Extracting by manifest.
3093 silly tarball no local data for object.groupby@https://registry.npmjs.org/object.groupby/-/object.groupby-1.0.3.tgz. Extracting by manifest.
3094 silly tarball no local data for string.prototype.trimend@https://registry.npmjs.org/string.prototype.trimend/-/string.prototype.trimend-1.0.9.tgz. Extracting by manifest.
3095 silly tarball no local data for object.values@https://registry.npmjs.org/object.values/-/object.values-1.2.1.tgz. Extracting by manifest.
3096 silly tarball no local data for object.fromentries@https://registry.npmjs.org/object.fromentries/-/object.fromentries-2.0.8.tgz. Extracting by manifest.
3097 silly tarball no local data for hasown@https://registry.npmjs.org/hasown/-/hasown-2.0.2.tgz. Extracting by manifest.
3098 silly tarball no local data for eslint-module-utils@https://registry.npmjs.org/eslint-module-utils/-/eslint-module-utils-2.12.1.tgz. Extracting by manifest.
3099 silly tarball no local data for array.prototype.flat@https://registry.npmjs.org/array.prototype.flat/-/array.prototype.flat-1.3.3.tgz. Extracting by manifest.
3100 silly tarball no local data for array.prototype.flatmap@https://registry.npmjs.org/array.prototype.flatmap/-/array.prototype.flatmap-1.3.3.tgz. Extracting by manifest.
3101 silly tarball no local data for array.prototype.findlastindex@https://registry.npmjs.org/array.prototype.findlastindex/-/array.prototype.findlastindex-1.2.6.tgz. Extracting by manifest.
3102 silly tarball no local data for array-includes@https://registry.npmjs.org/array-includes/-/array-includes-3.1.9.tgz. Extracting by manifest.
3103 silly tarball no local data for tinyglobby@https://registry.npmjs.org/tinyglobby/-/tinyglobby-0.2.15.tgz. Extracting by manifest.
3104 silly tarball no local data for unrs-resolver@https://registry.npmjs.org/unrs-resolver/-/unrs-resolver-1.11.1.tgz. Extracting by manifest.
3105 silly tarball no local data for @rtsao/scc@https://registry.npmjs.org/@rtsao/scc/-/scc-1.1.0.tgz. Extracting by manifest.
3106 silly tarball no local data for stable-hash@https://registry.npmjs.org/stable-hash/-/stable-hash-0.0.5.tgz. Extracting by manifest.
3107 silly tarball no local data for is-bun-module@https://registry.npmjs.org/is-bun-module/-/is-bun-module-2.0.0.tgz. Extracting by manifest.
3108 silly tarball no local data for @nolyfill/is-core-module@https://registry.npmjs.org/@nolyfill/is-core-module/-/is-core-module-1.0.39.tgz. Extracting by manifest.
3109 silly tarball no local data for get-tsconfig@https://registry.npmjs.org/get-tsconfig/-/get-tsconfig-4.13.6.tgz. Extracting by manifest.
3110 silly tarball no local data for resolve@https://registry.npmjs.org/resolve/-/resolve-1.22.11.tgz. Extracting by manifest.
3111 silly tarball no local data for is-core-module@https://registry.npmjs.org/is-core-module/-/is-core-module-2.16.1.tgz. Extracting by manifest.
3112 silly tarball no local data for ts-api-utils@https://registry.npmjs.org/ts-api-utils/-/ts-api-utils-1.4.3.tgz. Extracting by manifest.
3113 silly tarball no local data for semver@https://registry.npmjs.org/semver/-/semver-7.7.4.tgz. Extracting by manifest.
3114 silly tarball no local data for globby@https://registry.npmjs.org/globby/-/globby-11.1.0.tgz. Extracting by manifest.
3115 silly tarball no local data for @typescript-eslint/visitor-keys@https://registry.npmjs.org/@typescript-eslint/visitor-keys/-/visitor-keys-6.21.0.tgz. Extracting by manifest.
3116 silly tarball no local data for @typescript-eslint/typescript-estree@https://registry.npmjs.org/@typescript-eslint/typescript-estree/-/typescript-estree-6.21.0.tgz. Extracting by manifest.
3117 silly tarball no local data for @typescript-eslint/types@https://registry.npmjs.org/@typescript-eslint/types/-/types-6.21.0.tgz. Extracting by manifest.
3118 silly tarball no local data for @typescript-eslint/scope-manager@https://registry.npmjs.org/@typescript-eslint/scope-manager/-/scope-manager-6.21.0.tgz. Extracting by manifest.
3119 silly tarball no local data for glob@https://registry.npmjs.org/glob/-/glob-7.1.7.tgz. Extracting by manifest.
3120 silly tarball no local data for eslint-plugin-react-hooks@https://registry.npmjs.org/eslint-plugin-react-hooks/-/eslint-plugin-react-hooks-5.0.0-canary-7118f5dd7-20230705.tgz. Extracting by manifest.
3121 silly tarball no local data for eslint-plugin-react@https://registry.npmjs.org/eslint-plugin-react/-/eslint-plugin-react-7.37.5.tgz. Extracting by manifest.
3122 silly tarball no local data for eslint-plugin-jsx-a11y@https://registry.npmjs.org/eslint-plugin-jsx-a11y/-/eslint-plugin-jsx-a11y-6.10.2.tgz. Extracting by manifest.
3123 silly tarball no local data for eslint-plugin-import@https://registry.npmjs.org/eslint-plugin-import/-/eslint-plugin-import-2.32.0.tgz. Extracting by manifest.
3124 silly tarball no local data for eslint-import-resolver-node@https://registry.npmjs.org/eslint-import-resolver-node/-/eslint-import-resolver-node-0.3.9.tgz. Extracting by manifest.
3125 silly tarball no local data for eslint-import-resolver-typescript@https://registry.npmjs.org/eslint-import-resolver-typescript/-/eslint-import-resolver-typescript-3.10.1.tgz. Extracting by manifest.
3126 silly tarball no local data for @typescript-eslint/parser@https://registry.npmjs.org/@typescript-eslint/parser/-/parser-6.21.0.tgz. Extracting by manifest.
3127 silly tarball no local data for @rushstack/eslint-patch@https://registry.npmjs.org/@rushstack/eslint-patch/-/eslint-patch-1.15.0.tgz. Extracting by manifest.
3128 silly tarball no local data for ms@https://registry.npmjs.org/ms/-/ms-2.1.3.tgz. Extracting by manifest.
3129 silly tarball no local data for @next/eslint-plugin-next@https://registry.npmjs.org/@next/eslint-plugin-next/-/eslint-plugin-next-14.0.4.tgz. Extracting by manifest.
3130 silly tarball no local data for color-name@https://registry.npmjs.org/color-name/-/color-name-1.1.4.tgz. Extracting by manifest.
3131 silly tarball no local data for color-convert@https://registry.npmjs.org/color-convert/-/color-convert-2.0.1.tgz. Extracting by manifest.
3132 silly tarball no local data for supports-color@https://registry.npmjs.org/supports-color/-/supports-color-7.2.0.tgz. Extracting by manifest.
3133 silly tarball no local data for uri-js@https://registry.npmjs.org/uri-js/-/uri-js-4.4.1.tgz. Extracting by manifest.
3134 silly tarball no local data for ansi-styles@https://registry.npmjs.org/ansi-styles/-/ansi-styles-4.3.0.tgz. Extracting by manifest.
3135 silly tarball no local data for json-schema-traverse@https://registry.npmjs.org/json-schema-traverse/-/json-schema-traverse-0.4.1.tgz. Extracting by manifest.
3136 silly tarball no local data for fast-json-stable-stringify@https://registry.npmjs.org/fast-json-stable-stringify/-/fast-json-stable-stringify-2.1.0.tgz. Extracting by manifest.
3137 silly tarball no local data for run-parallel@https://registry.npmjs.org/run-parallel/-/run-parallel-1.2.0.tgz. Extracting by manifest.
3138 silly tarball no local data for @nodelib/fs.stat@https://registry.npmjs.org/@nodelib/fs.stat/-/fs.stat-2.0.5.tgz. Extracting by manifest.
3139 silly tarball no local data for fastq@https://registry.npmjs.org/fastq/-/fastq-1.20.1.tgz. Extracting by manifest.
3140 silly tarball no local data for @nodelib/fs.scandir@https://registry.npmjs.org/@nodelib/fs.scandir/-/fs.scandir-2.1.5.tgz. Extracting by manifest.
3141 silly tarball no local data for strip-json-comments@https://registry.npmjs.org/strip-json-comments/-/strip-json-comments-3.1.1.tgz. Extracting by manifest.
3142 silly tarball no local data for @humanwhocodes/object-schema@https://registry.npmjs.org/@humanwhocodes/object-schema/-/object-schema-2.0.3.tgz. Extracting by manifest.
3143 silly tarball no local data for import-fresh@https://registry.npmjs.org/import-fresh/-/import-fresh-3.3.1.tgz. Extracting by manifest.
3144 silly tarball no local data for strip-ansi@https://registry.npmjs.org/strip-ansi/-/strip-ansi-6.0.1.tgz. Extracting by manifest.
3145 silly tarball no local data for optionator@https://registry.npmjs.org/optionator/-/optionator-0.9.4.tgz. Extracting by manifest.
3146 silly tarball no local data for text-table@https://registry.npmjs.org/text-table/-/text-table-0.2.0.tgz. Extracting by manifest.
3147 silly tarball no local data for natural-compare@https://registry.npmjs.org/natural-compare/-/natural-compare-1.4.0.tgz. Extracting by manifest.
3148 silly tarball no local data for minimatch@https://registry.npmjs.org/minimatch/-/minimatch-3.1.2.tgz. Extracting by manifest.
3149 silly tarball no local data for lodash.merge@https://registry.npmjs.org/lodash.merge/-/lodash.merge-4.6.2.tgz. Extracting by manifest.
3150 silly tarball no local data for js-yaml@https://registry.npmjs.org/js-yaml/-/js-yaml-4.1.1.tgz. Extracting by manifest.
3151 silly tarball no local data for levn@https://registry.npmjs.org/levn/-/levn-0.4.1.tgz. Extracting by manifest.
3152 silly tarball no local data for json-stable-stringify-without-jsonify@https://registry.npmjs.org/json-stable-stringify-without-jsonify/-/json-stable-stringify-without-jsonify-1.0.1.tgz. Extracting by manifest.
3153 silly tarball no local data for is-path-inside@https://registry.npmjs.org/is-path-inside/-/is-path-inside-3.0.3.tgz. Extracting by manifest.
3154 silly tarball no local data for is-glob@https://registry.npmjs.org/is-glob/-/is-glob-4.0.3.tgz. Extracting by manifest.
3155 silly tarball no local data for ignore@https://registry.npmjs.org/ignore/-/ignore-5.3.2.tgz. Extracting by manifest.
3156 silly tarball no local data for graphemer@https://registry.npmjs.org/graphemer/-/graphemer-1.4.0.tgz. Extracting by manifest.
3157 silly tarball no local data for imurmurhash@https://registry.npmjs.org/imurmurhash/-/imurmurhash-0.1.4.tgz. Extracting by manifest.
3158 silly tarball no local data for globals@https://registry.npmjs.org/globals/-/globals-13.24.0.tgz. Extracting by manifest.
3159 silly tarball no local data for find-up@https://registry.npmjs.org/find-up/-/find-up-5.0.0.tgz. Extracting by manifest.
3160 silly tarball no local data for glob-parent@https://registry.npmjs.org/glob-parent/-/glob-parent-6.0.2.tgz. Extracting by manifest.
3161 silly tarball no local data for fast-deep-equal@https://registry.npmjs.org/fast-deep-equal/-/fast-deep-equal-3.1.3.tgz. Extracting by manifest.
3162 silly tarball no local data for file-entry-cache@https://registry.npmjs.org/file-entry-cache/-/file-entry-cache-6.0.1.tgz. Extracting by manifest.
3163 silly tarball no local data for esutils@https://registry.npmjs.org/esutils/-/esutils-2.0.3.tgz. Extracting by manifest.
3164 silly tarball no local data for esquery@https://registry.npmjs.org/esquery/-/esquery-1.7.0.tgz. Extracting by manifest.
3165 silly tarball no local data for espree@https://registry.npmjs.org/espree/-/espree-9.6.1.tgz. Extracting by manifest.
3166 silly tarball no local data for eslint-visitor-keys@https://registry.npmjs.org/eslint-visitor-keys/-/eslint-visitor-keys-3.4.3.tgz. Extracting by manifest.
3167 silly tarball no local data for eslint-scope@https://registry.npmjs.org/eslint-scope/-/eslint-scope-7.2.2.tgz. Extracting by manifest.
3168 silly tarball no local data for escape-string-regexp@https://registry.npmjs.org/escape-string-regexp/-/escape-string-regexp-4.0.0.tgz. Extracting by manifest.
3169 silly tarball no local data for doctrine@https://registry.npmjs.org/doctrine/-/doctrine-3.0.0.tgz. Extracting by manifest.
3170 silly tarball no local data for debug@https://registry.npmjs.org/debug/-/debug-4.4.3.tgz. Extracting by manifest.
3171 silly tarball no local data for ajv@https://registry.npmjs.org/ajv/-/ajv-6.12.6.tgz. Extracting by manifest.
3172 silly tarball no local data for chalk@https://registry.npmjs.org/chalk/-/chalk-4.1.2.tgz. Extracting by manifest.
3173 silly tarball no local data for @nodelib/fs.walk@https://registry.npmjs.org/@nodelib/fs.walk/-/fs.walk-1.2.8.tgz. Extracting by manifest.
3174 silly tarball no local data for @humanwhocodes/module-importer@https://registry.npmjs.org/@humanwhocodes/module-importer/-/module-importer-1.0.1.tgz. Extracting by manifest.
3175 silly tarball no local data for @ungap/structured-clone@https://registry.npmjs.org/@ungap/structured-clone/-/structured-clone-1.3.0.tgz. Extracting by manifest.
3176 silly tarball no local data for @humanwhocodes/config-array@https://registry.npmjs.org/@humanwhocodes/config-array/-/config-array-0.13.0.tgz. Extracting by manifest.
3177 silly tarball no local data for @eslint/eslintrc@https://registry.npmjs.org/@eslint/eslintrc/-/eslintrc-2.1.4.tgz. Extracting by manifest.
3178 silly tarball no local data for @eslint/js@https://registry.npmjs.org/@eslint/js/-/js-8.57.1.tgz. Extracting by manifest.
3179 silly tarball no local data for @eslint-community/regexpp@https://registry.npmjs.org/@eslint-community/regexpp/-/regexpp-4.12.2.tgz. Extracting by manifest.
3180 silly tarball no local data for @eslint-community/eslint-utils@https://registry.npmjs.org/@eslint-community/eslint-utils/-/eslint-utils-4.9.1.tgz. Extracting by manifest.
3181 silly tarball no local data for webgl-constants@https://registry.npmjs.org/webgl-constants/-/webgl-constants-1.1.1.tgz. Extracting by manifest.
3182 silly tarball no local data for shebang-command@https://registry.npmjs.org/shebang-command/-/shebang-command-2.0.0.tgz. Extracting by manifest.
3183 silly tarball no local data for which@https://registry.npmjs.org/which/-/which-2.0.2.tgz. Extracting by manifest.
3184 silly tarball no local data for path-key@https://registry.npmjs.org/path-key/-/path-key-3.1.1.tgz. Extracting by manifest.
3185 silly tarball no local data for cross-spawn@https://registry.npmjs.org/cross-spawn/-/cross-spawn-7.0.6.tgz. Extracting by manifest.
3186 silly tarball no local data for ieee754@https://registry.npmjs.org/ieee754/-/ieee754-1.2.1.tgz. Extracting by manifest.
3187 silly tarball no local data for update-browserslist-db@https://registry.npmjs.org/update-browserslist-db/-/update-browserslist-db-1.2.3.tgz. Extracting by manifest.
3188 silly tarball no local data for electron-to-chromium@https://registry.npmjs.org/electron-to-chromium/-/electron-to-chromium-1.5.286.tgz. Extracting by manifest.
3189 silly tarball no local data for node-releases@https://registry.npmjs.org/node-releases/-/node-releases-2.0.27.tgz. Extracting by manifest.
3190 silly tarball no local data for postcss-value-parser@https://registry.npmjs.org/postcss-value-parser/-/postcss-value-parser-4.2.0.tgz. Extracting by manifest.
3191 silly tarball no local data for baseline-browser-mapping@https://registry.npmjs.org/baseline-browser-mapping/-/baseline-browser-mapping-2.9.19.tgz. Extracting by manifest.
3192 silly tarball no local data for fraction.js@https://registry.npmjs.org/fraction.js/-/fraction.js-5.3.4.tgz. Extracting by manifest.
3193 silly tarball no local data for picocolors@https://registry.npmjs.org/picocolors/-/picocolors-1.1.1.tgz. Extracting by manifest.
3194 silly tarball no local data for caniuse-lite@https://registry.npmjs.org/caniuse-lite/-/caniuse-lite-1.0.30001769.tgz. Extracting by manifest.
3195 silly tarball no local data for browserslist@https://registry.npmjs.org/browserslist/-/browserslist-4.28.1.tgz. Extracting by manifest.
3196 silly tarball no local data for @use-gesture/core@https://registry.npmjs.org/@use-gesture/core/-/core-10.3.1.tgz. Extracting by manifest.
3197 silly tarball no local data for meshoptimizer@https://registry.npmjs.org/meshoptimizer/-/meshoptimizer-0.18.1.tgz. Extracting by manifest.
3198 silly tarball no local data for fflate@https://registry.npmjs.org/fflate/-/fflate-0.6.10.tgz. Extracting by manifest.
3199 silly tarball no local data for @types/stats.js@https://registry.npmjs.org/@types/stats.js/-/stats.js-0.17.4.tgz. Extracting by manifest.
3200 silly tarball no local data for csstype@https://registry.npmjs.org/csstype/-/csstype-3.2.3.tgz. Extracting by manifest.
3201 silly tarball no local data for @types/prop-types@https://registry.npmjs.org/@types/prop-types/-/prop-types-15.7.15.tgz. Extracting by manifest.
3202 silly tarball no local data for undici-types@https://registry.npmjs.org/undici-types/-/undici-types-6.21.0.tgz. Extracting by manifest.
3203 silly tarball no local data for scheduler@https://registry.npmjs.org/scheduler/-/scheduler-0.21.0.tgz. Extracting by manifest.
3204 silly tarball no local data for react-use-measure@https://registry.npmjs.org/react-use-measure/-/react-use-measure-2.1.7.tgz. Extracting by manifest.
3205 silly tarball no local data for react-reconciler@https://registry.npmjs.org/react-reconciler/-/react-reconciler-0.27.0.tgz. Extracting by manifest.
3206 silly tarball no local data for its-fine@https://registry.npmjs.org/its-fine/-/its-fine-1.2.5.tgz. Extracting by manifest.
3207 silly tarball no local data for buffer@https://registry.npmjs.org/buffer/-/buffer-6.0.3.tgz. Extracting by manifest.
3208 silly tarball no local data for base64-js@https://registry.npmjs.org/base64-js/-/base64-js-1.5.1.tgz. Extracting by manifest.
3209 silly tarball no local data for @types/webxr@https://registry.npmjs.org/@types/webxr/-/webxr-0.5.24.tgz. Extracting by manifest.
3210 silly tarball no local data for @types/react-reconciler@https://registry.npmjs.org/@types/react-reconciler/-/react-reconciler-0.26.7.tgz. Extracting by manifest.
3211 silly tarball no local data for @react-spring/types@https://registry.npmjs.org/@react-spring/types/-/types-9.7.5.tgz. Extracting by manifest.
3212 silly tarball no local data for @react-spring/rafz@https://registry.npmjs.org/@react-spring/rafz/-/rafz-9.7.5.tgz. Extracting by manifest.
3213 silly tarball no local data for @react-spring/shared@https://registry.npmjs.org/@react-spring/shared/-/shared-9.7.5.tgz. Extracting by manifest.
3214 silly tarball no local data for @react-spring/core@https://registry.npmjs.org/@react-spring/core/-/core-9.7.5.tgz. Extracting by manifest.
3215 silly tarball no local data for @react-spring/animated@https://registry.npmjs.org/@react-spring/animated/-/animated-9.7.5.tgz. Extracting by manifest.
3216 silly tarball no local data for promise-worker-transferable@https://registry.npmjs.org/promise-worker-transferable/-/promise-worker-transferable-1.0.4.tgz. Extracting by manifest.
3217 silly tarball no local data for zustand@https://registry.npmjs.org/zustand/-/zustand-5.0.11.tgz. Extracting by manifest.
3218 silly tarball no local data for tunnel-rat@https://registry.npmjs.org/tunnel-rat/-/tunnel-rat-0.1.2.tgz. Extracting by manifest.
3219 silly tarball no local data for utility-types@https://registry.npmjs.org/utility-types/-/utility-types-3.11.0.tgz. Extracting by manifest.
3220 silly tarball no local data for troika-three-text@https://registry.npmjs.org/troika-three-text/-/troika-three-text-0.52.4.tgz. Extracting by manifest.
3221 silly tarball no local data for three-stdlib@https://registry.npmjs.org/three-stdlib/-/three-stdlib-2.36.1.tgz. Extracting by manifest.
3222 silly tarball no local data for three-mesh-bvh@https://registry.npmjs.org/three-mesh-bvh/-/three-mesh-bvh-0.7.8.tgz. Extracting by manifest.
3223 silly tarball no local data for suspend-react@https://registry.npmjs.org/suspend-react/-/suspend-react-0.1.3.tgz. Extracting by manifest.
3224 silly tarball no local data for stats.js@https://registry.npmjs.org/stats.js/-/stats.js-0.17.0.tgz. Extracting by manifest.
3225 silly tarball no local data for stats-gl@https://registry.npmjs.org/stats-gl/-/stats-gl-2.4.2.tgz. Extracting by manifest.
3226 silly tarball no local data for react-composer@https://registry.npmjs.org/react-composer/-/react-composer-5.0.3.tgz. Extracting by manifest.
3227 silly tarball no local data for meshline@https://registry.npmjs.org/meshline/-/meshline-3.3.1.tgz. Extracting by manifest.
3228 silly tarball no local data for maath@https://registry.npmjs.org/maath/-/maath-0.10.8.tgz. Extracting by manifest.
3229 silly tarball no local data for hls.js@https://registry.npmjs.org/hls.js/-/hls.js-1.6.15.tgz. Extracting by manifest.
3230 silly tarball no local data for detect-gpu@https://registry.npmjs.org/detect-gpu/-/detect-gpu-5.0.70.tgz. Extracting by manifest.
3231 silly tarball no local data for glsl-noise@https://registry.npmjs.org/glsl-noise/-/glsl-noise-0.0.0.tgz. Extracting by manifest.
3232 silly tarball no local data for camera-controls@https://registry.npmjs.org/camera-controls/-/camera-controls-2.10.1.tgz. Extracting by manifest.
3233 silly tarball no local data for cross-env@https://registry.npmjs.org/cross-env/-/cross-env-7.0.3.tgz. Extracting by manifest.
3234 silly tarball no local data for @use-gesture/react@https://registry.npmjs.org/@use-gesture/react/-/react-10.3.1.tgz. Extracting by manifest.
3235 silly tarball no local data for @babel/runtime@https://registry.npmjs.org/@babel/runtime/-/runtime-7.28.6.tgz. Extracting by manifest.
3236 silly tarball no local data for @react-spring/three@https://registry.npmjs.org/@react-spring/three/-/three-9.7.5.tgz. Extracting by manifest.
3237 silly tarball no local data for typescript@https://registry.npmjs.org/typescript/-/typescript-5.9.3.tgz. Extracting by manifest.
3238 silly tarball no local data for tsparticles@https://registry.npmjs.org/tsparticles/-/tsparticles-2.12.0.tgz. Extracting by manifest.
3239 silly tarball no local data for tailwindcss@https://registry.npmjs.org/tailwindcss/-/tailwindcss-3.4.19.tgz. Extracting by manifest.
3240 silly tarball no local data for three@https://registry.npmjs.org/three/-/three-0.159.0.tgz. Extracting by manifest.
3241 silly tarball no local data for @monogrid/gainmap-js@https://registry.npmjs.org/@monogrid/gainmap-js/-/gainmap-js-3.4.0.tgz. Extracting by manifest.
3242 silly tarball no local data for tailwind-merge@https://registry.npmjs.org/tailwind-merge/-/tailwind-merge-2.6.1.tgz. Extracting by manifest.
3243 silly tarball no local data for react-particles@https://registry.npmjs.org/react-particles/-/react-particles-2.12.2.tgz. Extracting by manifest.
3244 silly tarball no local data for react-fast-marquee@https://registry.npmjs.org/react-fast-marquee/-/react-fast-marquee-1.6.5.tgz. Extracting by manifest.
3245 silly tarball no local data for react-dom@https://registry.npmjs.org/react-dom/-/react-dom-18.3.1.tgz. Extracting by manifest.
3246 silly tarball no local data for react@https://registry.npmjs.org/react/-/react-18.3.1.tgz. Extracting by manifest.
3247 silly tarball no local data for @mediapipe/tasks-vision@https://registry.npmjs.org/@mediapipe/tasks-vision/-/tasks-vision-0.10.17.tgz. Extracting by manifest.
3248 silly tarball no local data for postcss@https://registry.npmjs.org/postcss/-/postcss-8.5.6.tgz. Extracting by manifest.
3249 silly tarball no local data for next@https://registry.npmjs.org/next/-/next-14.0.4.tgz. Extracting by manifest.
3250 silly tarball no local data for lucide-react@https://registry.npmjs.org/lucide-react/-/lucide-react-0.294.0.tgz. Extracting by manifest.
3251 silly tarball no local data for framer-motion@https://registry.npmjs.org/framer-motion/-/framer-motion-10.18.0.tgz. Extracting by manifest.
3252 silly tarball no local data for eslint@https://registry.npmjs.org/eslint/-/eslint-8.57.1.tgz. Extracting by manifest.
3253 silly tarball no local data for clsx@https://registry.npmjs.org/clsx/-/clsx-2.1.1.tgz. Extracting by manifest.
3254 silly tarball no local data for eslint-config-next@https://registry.npmjs.org/eslint-config-next/-/eslint-config-next-14.0.4.tgz. Extracting by manifest.
3255 silly tarball no local data for autoprefixer@https://registry.npmjs.org/autoprefixer/-/autoprefixer-10.4.24.tgz. Extracting by manifest.
3256 silly tarball no local data for @types/three@https://registry.npmjs.org/@types/three/-/three-0.159.0.tgz. Extracting by manifest.
3257 silly tarball no local data for @types/react-dom@https://registry.npmjs.org/@types/react-dom/-/react-dom-18.3.7.tgz. Extracting by manifest.
3258 silly tarball no local data for @types/react@https://registry.npmjs.org/@types/react/-/react-18.3.28.tgz. Extracting by manifest.
3259 silly tarball no local data for @types/node@https://registry.npmjs.org/@types/node/-/node-20.19.33.tgz. Extracting by manifest.
3260 silly tarball no local data for @react-three/fiber@https://registry.npmjs.org/@react-three/fiber/-/fiber-8.18.0.tgz. Extracting by manifest.
3261 silly tarball no local data for @react-three/drei@https://registry.npmjs.org/@react-three/drei/-/drei-9.122.0.tgz. Extracting by manifest.
3262 silly tarball no local data for glob-parent@https://registry.npmjs.org/glob-parent/-/glob-parent-5.1.2.tgz. Extracting by manifest.
3263 silly tarball no local data for glob-parent@https://registry.npmjs.org/glob-parent/-/glob-parent-5.1.2.tgz. Extracting by manifest.
3264 silly tarball no local data for debug@https://registry.npmjs.org/debug/-/debug-3.2.7.tgz. Extracting by manifest.
3265 silly tarball no local data for picomatch@https://registry.npmjs.org/picomatch/-/picomatch-4.0.3.tgz. Extracting by manifest.
3266 silly tarball no local data for brace-expansion@https://registry.npmjs.org/brace-expansion/-/brace-expansion-2.0.2.tgz. Extracting by manifest.
3267 silly tarball no local data for minimatch@https://registry.npmjs.org/minimatch/-/minimatch-9.0.3.tgz. Extracting by manifest.
3268 silly tarball no local data for resolve@https://registry.npmjs.org/resolve/-/resolve-2.0.0-next.5.tgz. Extracting by manifest.
3269 silly tarball no local data for semver@https://registry.npmjs.org/semver/-/semver-6.3.1.tgz. Extracting by manifest.
3270 silly tarball no local data for doctrine@https://registry.npmjs.org/doctrine/-/doctrine-2.1.0.tgz. Extracting by manifest.
3271 silly tarball no local data for doctrine@https://registry.npmjs.org/doctrine/-/doctrine-2.1.0.tgz. Extracting by manifest.
3272 silly tarball no local data for semver@https://registry.npmjs.org/semver/-/semver-6.3.1.tgz. Extracting by manifest.
3273 silly tarball no local data for debug@https://registry.npmjs.org/debug/-/debug-3.2.7.tgz. Extracting by manifest.
3274 silly tarball no local data for debug@https://registry.npmjs.org/debug/-/debug-3.2.7.tgz. Extracting by manifest.
3275 silly tarball no local data for @types/react-reconciler@https://registry.npmjs.org/@types/react-reconciler/-/react-reconciler-0.28.9.tgz. Extracting by manifest.
3276 silly tarball no local data for zustand@https://registry.npmjs.org/zustand/-/zustand-4.5.7.tgz. Extracting by manifest.
3277 silly tarball no local data for three@https://registry.npmjs.org/three/-/three-0.170.0.tgz. Extracting by manifest.
3278 silly tarball no local data for scheduler@https://registry.npmjs.org/scheduler/-/scheduler-0.23.2.tgz. Extracting by manifest.
3279 silly tarball no local data for postcss@https://registry.npmjs.org/postcss/-/postcss-8.4.31.tgz. Extracting by manifest.
3280 silly tarball no local data for zustand@https://registry.npmjs.org/zustand/-/zustand-3.7.2.tgz. Extracting by manifest.
3281 http fetch POST 200 https://registry.npmjs.org/-/npm/v1/security/advisories/bulk 4298ms
3282 silly audit report {
3282 silly audit report   next: [
3282 silly audit report     {
3282 silly audit report       id: 1099638,
3282 silly audit report       url: 'https://github.com/advisories/GHSA-gp8f-8m3g-qvj9',
3282 silly audit report       title: 'Next.js Cache Poisoning',
3282 silly audit report       severity: 'high',
3282 silly audit report       vulnerable_versions: '>=14.0.0 <14.2.10',
3282 silly audit report       cwe: [Array],
3282 silly audit report       cvss: [Object]
3282 silly audit report     },
3282 silly audit report     {
3282 silly audit report       id: 1100421,
3282 silly audit report       url: 'https://github.com/advisories/GHSA-g77x-44xx-532m',
3282 silly audit report       title: 'Denial of Service condition in Next.js image optimization',
3282 silly audit report       severity: 'moderate',
3282 silly audit report       vulnerable_versions: '>=10.0.0 <14.2.7',
3282 silly audit report       cwe: [Array],
3282 silly audit report       cvss: [Object]
3282 silly audit report     },
3282 silly audit report     {
3282 silly audit report       id: 1101438,
3282 silly audit report       url: 'https://github.com/advisories/GHSA-7m27-7ghc-44w9',
3282 silly audit report       title: 'Next.js Allows a Denial of Service (DoS) with Server Actions',
3282 silly audit report       severity: 'moderate',
3282 silly audit report       vulnerable_versions: '>=14.0.0 <14.2.21',
3282 silly audit report       cwe: [Array],
3282 silly audit report       cvss: [Object]
3282 silly audit report     },
3282 silly audit report     {
3282 silly audit report       id: 1105461,
3282 silly audit report       url: 'https://github.com/advisories/GHSA-3h52-269p-cp9r',
3282 silly audit report       title: 'Information exposure in Next.js dev server due to lack of origin verification',
3282 silly audit report       severity: 'low',
3282 silly audit report       vulnerable_versions: '>=13.0 <14.2.30',
3282 silly audit report       cwe: [Array],
3282 silly audit report       cvss: [Object]
3282 silly audit report     },
3282 silly audit report     {
3282 silly audit report       id: 1111391,
3282 silly audit report       url: 'https://github.com/advisories/GHSA-mwv6-3258-q52c',
3282 silly audit report       title: 'Next Vulnerable to Denial of Service with Server Components',
3282 silly audit report       severity: 'high',
3282 silly audit report       vulnerable_versions: '>=13.3.0 <14.2.34',
3282 silly audit report       cwe: [Array],
3282 silly audit report       cvss: [Object]
3282 silly audit report     },
3282 silly audit report     {
3282 silly audit report       id: 1107226,
3282 silly audit report       url: 'https://github.com/advisories/GHSA-g5qg-72qw-gw5v',
3282 silly audit report       title: 'Next.js Affected by Cache Key Confusion for Image Optimization API Routes',
3282 silly audit report       severity: 'moderate',
3282 silly audit report       vulnerable_versions: '>=0.9.9 <14.2.31',
3282 silly audit report       cwe: [Array],
3282 silly audit report       cvss: [Object]
3282 silly audit report     },
3282 silly audit report     {
3282 silly audit report       id: 1107420,
3282 silly audit report       url: 'https://github.com/advisories/GHSA-7gfc-8cq8-jh5f',
3282 silly audit report       title: 'Next.js authorization bypass vulnerability',
3282 silly audit report       severity: 'high',
3282 silly audit report       vulnerable_versions: '>=9.5.5 <14.2.15',
3282 silly audit report       cwe: [Array],
3282 silly audit report       cvss: [Object]
3282 silly audit report     },
3282 silly audit report     {
3282 silly audit report       id: 1107512,
3282 silly audit report       url: 'https://github.com/advisories/GHSA-4342-x723-ch2f',
3282 silly audit report       title: 'Next.js Improper Middleware Redirect Handling Leads to SSRF',
3282 silly audit report       severity: 'moderate',
3282 silly audit report       vulnerable_versions: '>=0.9.9 <14.2.32',
3282 silly audit report       cwe: [Array],
3282 silly audit report       cvss: [Object]
3282 silly audit report     },
3282 silly audit report     {
3282 silly audit report       id: 1107513,
3282 silly audit report       url: 'https://github.com/advisories/GHSA-xv57-4mr9-wg8v',
3282 silly audit report       title: 'Next.js Content Injection Vulnerability for Image Optimization',
3282 silly audit report       severity: 'moderate',
3282 silly audit report       vulnerable_versions: '>=0.9.9 <14.2.31',
3282 silly audit report       cwe: [Array],
3282 silly audit report       cvss: [Object]
3282 silly audit report     },
3282 silly audit report     {
3282 silly audit report       id: 1112182,
3282 silly audit report       url: 'https://github.com/advisories/GHSA-5j59-xgg2-r9c4',
3282 silly audit report       title: 'Next has a Denial of Service with Server Components - Incomplete Fix Follow-Up',
3282 silly audit report       severity: 'high',
3282 silly audit report       vulnerable_versions: '>=13.3.1-canary.0 <14.2.35',
3282 silly audit report       cwe: [Array],
3282 silly audit report       cvss: [Object]
3282 silly audit report     },
3282 silly audit report     {
3282 silly audit report       id: 1108291,
3282 silly audit report       url: 'https://github.com/advisories/GHSA-qpjv-v59x-3qc4',
3282 silly audit report       title: 'Next.js Race Condition to Cache Poisoning',
3282 silly audit report       severity: 'low',
3282 silly audit report       vulnerable_versions: '>=0.9.9 <14.2.24',
3282 silly audit report       cwe: [Array],
3282 silly audit report       cvss: [Object]
3282 silly audit report     },
3282 silly audit report     {
3282 silly audit report       id: 1108953,
3282 silly audit report       url: 'https://github.com/advisories/GHSA-f82v-jwr5-mffw',
3282 silly audit report       title: 'Authorization Bypass in Next.js Middleware',
3282 silly audit report       severity: 'critical',
3282 silly audit report       vulnerable_versions: '>=14.0.0 <14.2.25',
3282 silly audit report       cwe: [Array],
3282 silly audit report       cvss: [Object]
3282 silly audit report     },
3282 silly audit report     {
3282 silly audit report       id: 1112593,
3282 silly audit report       url: 'https://github.com/advisories/GHSA-9g9p-9gw9-jx7f',
3282 silly audit report       title: 'Next.js self-hosted applications vulnerable to DoS via Image Optimizer remotePatterns configuration',
3282 silly audit report       severity: 'moderate',
3282 silly audit report       vulnerable_versions: '>=10.0.0 <15.5.10',
3282 silly audit report       cwe: [Array],
3282 silly audit report       cvss: [Object]
3282 silly audit report     },
3282 silly audit report     {
3282 silly audit report       id: 1112653,
3282 silly audit report       url: 'https://github.com/advisories/GHSA-h25m-26qc-wcjf',
3282 silly audit report       title: 'Next.js HTTP request deserialization can lead to DoS when using insecure React Server Components',
3282 silly audit report       severity: 'high',
3282 silly audit report       vulnerable_versions: '>=13.0.0 <15.0.8',
3282 silly audit report       cwe: [Array],
3282 silly audit report       cvss: [Object]
3282 silly audit report     },
3282 silly audit report     {
3282 silly audit report       id: 1097295,
3282 silly audit report       url: 'https://github.com/advisories/GHSA-fr5h-rqp8-mj6g',
3282 silly audit report       title: 'Next.js Server-Side Request Forgery in Server Actions',
3282 silly audit report       severity: 'high',
3282 silly audit report       vulnerable_versions: '>=13.4.0 <14.1.1',
3282 silly audit report       cwe: [Array],
3282 silly audit report       cvss: [Object]
3282 silly audit report     }
3282 silly audit report   ]
3282 silly audit report }
3283 silly packumentCache corgi:https://registry.npmjs.org/next cache-miss
3284 http fetch GET 200 https://registry.npmjs.org/is-weakset/-/is-weakset-2.0.4.tgz 1293ms (cache miss)
3285 http fetch GET 200 https://registry.npmjs.org/is-map/-/is-map-2.0.3.tgz 1292ms (cache miss)
3286 http fetch GET 200 https://registry.npmjs.org/which-collection/-/which-collection-1.0.2.tgz 1292ms (cache miss)
3287 http fetch GET 200 https://registry.npmjs.org/generator-function/-/generator-function-2.0.1.tgz 1300ms (cache miss)
3288 http fetch GET 200 https://registry.npmjs.org/use-sync-external-store/-/use-sync-external-store-1.6.0.tgz 1329ms (cache miss)
3289 http fetch GET 200 https://registry.npmjs.org/is-weakmap/-/is-weakmap-2.0.2.tgz 1333ms (cache miss)
3290 http fetch GET 200 https://registry.npmjs.org/isexe/-/isexe-2.0.0.tgz 1328ms (cache miss)
3291 http fetch GET 200 https://registry.npmjs.org/punycode/-/punycode-2.3.1.tgz 1337ms (cache miss)
3292 http fetch GET 200 https://registry.npmjs.org/escalade/-/escalade-3.2.0.tgz 1335ms (cache miss)
3293 http fetch GET 200 https://registry.npmjs.org/napi-postinstall/-/napi-postinstall-0.3.4.tgz 1356ms (cache miss)
3294 http fetch GET 200 https://registry.npmjs.org/@tybys/wasm-util/-/wasm-util-0.10.1.tgz 1371ms (cache miss)
3295 http fetch GET 200 https://registry.npmjs.org/has-bigints/-/has-bigints-1.1.0.tgz 1462ms (cache miss)
3296 http fetch GET 200 https://registry.npmjs.org/glob-to-regexp/-/glob-to-regexp-0.4.1.tgz 1482ms (cache miss)
3297 http fetch GET 200 https://registry.npmjs.org/is-finalizationregistry/-/is-finalizationregistry-1.1.1.tgz 1486ms (cache miss)
3298 http fetch GET 200 https://registry.npmjs.org/is-bigint/-/is-bigint-1.1.0.tgz 1484ms (cache miss)
3299 http fetch GET 200 https://registry.npmjs.org/async-function/-/async-function-1.0.0.tgz 1495ms (cache miss)
3300 http fetch GET 200 https://registry.npmjs.org/is-boolean-object/-/is-boolean-object-1.2.2.tgz 1490ms (cache miss)
3301 http fetch GET 200 https://registry.npmjs.org/is-number-object/-/is-number-object-1.1.1.tgz 1494ms (cache miss)
3302 http fetch GET 200 https://registry.npmjs.org/which-builtin-type/-/which-builtin-type-1.2.1.tgz 1493ms (cache miss)
3303 http fetch GET 200 https://registry.npmjs.org/@emnapi/runtime/-/runtime-1.8.1.tgz 1519ms (cache miss)
3304 http fetch GET 200 https://registry.npmjs.org/@emnapi/core/-/core-1.8.1.tgz 1712ms (cache miss)
3305 http fetch GET 200 https://registry.npmjs.org/for-each/-/for-each-0.3.5.tgz 1706ms (cache miss)
3306 http fetch GET 200 https://registry.npmjs.org/which-boxed-primitive/-/which-boxed-primitive-1.1.1.tgz 1710ms (cache miss)
3307 http fetch GET 200 https://registry.npmjs.org/reflect.getprototypeof/-/reflect.getprototypeof-1.0.10.tgz 1712ms (cache miss)
3308 http fetch GET 200 https://registry.npmjs.org/tsparticles-updater-opacity/-/tsparticles-updater-opacity-2.12.0.tgz 1725ms (cache miss)
3309 warn deprecated tsparticles-updater-opacity@2.12.0: starting from tsparticles v3 the packages are now moved to @tsparticles/package-name instead of tsparticles-package-name
3310 http fetch GET 200 https://registry.npmjs.org/tsparticles-updater-stroke-color/-/tsparticles-updater-stroke-color-2.12.0.tgz 1732ms (cache miss)
3311 warn deprecated tsparticles-updater-stroke-color@2.12.0: starting from tsparticles v3 the packages are now moved to @tsparticles/package-name instead of tsparticles-package-name
3312 http fetch GET 200 https://registry.npmjs.org/@emnapi/wasi-threads/-/wasi-threads-1.1.0.tgz 1893ms (cache miss)
3313 http fetch GET 200 https://registry.npmjs.org/tsparticles-shape-square/-/tsparticles-shape-square-2.12.0.tgz 1863ms (cache miss)
3314 http fetch GET 200 https://registry.npmjs.org/tsparticles-updater-size/-/tsparticles-updater-size-2.12.0.tgz 1883ms (cache miss)
3315 warn deprecated tsparticles-shape-square@2.12.0: starting from tsparticles v3 the packages are now moved to @tsparticles/package-name instead of tsparticles-package-name
3316 warn deprecated tsparticles-updater-size@2.12.0: starting from tsparticles v3 the packages are now moved to @tsparticles/package-name instead of tsparticles-package-name
3317 http fetch GET 200 https://registry.npmjs.org/tsparticles-updater-out-modes/-/tsparticles-updater-out-modes-2.12.0.tgz 1895ms (cache miss)
3318 warn deprecated tsparticles-updater-out-modes@2.12.0: starting from tsparticles v3 the packages are now moved to @tsparticles/package-name instead of tsparticles-package-name
3319 http fetch GET 200 https://registry.npmjs.org/tsparticles-shape-polygon/-/tsparticles-shape-polygon-2.12.0.tgz 1880ms (cache miss)
3320 warn deprecated tsparticles-shape-polygon@2.12.0: starting from tsparticles v3 the packages are now moved to @tsparticles/package-name instead of tsparticles-package-name
3321 http fetch GET 200 https://registry.npmjs.org/tsparticles-updater-rotate/-/tsparticles-updater-rotate-2.12.0.tgz 1937ms (cache miss)
3322 warn deprecated tsparticles-updater-rotate@2.12.0: starting from tsparticles v3 the packages are now moved to @tsparticles/package-name instead of tsparticles-package-name
3323 http fetch GET 200 https://registry.npmjs.org/is-async-function/-/is-async-function-2.1.1.tgz 1967ms (cache miss)
3324 http fetch GET 200 https://registry.npmjs.org/is-generator-function/-/is-generator-function-1.1.2.tgz 1977ms (cache miss)
3325 http fetch GET 200 https://registry.npmjs.org/tsparticles-plugin-easing-quad/-/tsparticles-plugin-easing-quad-2.12.0.tgz 1955ms (cache miss)
3326 warn deprecated tsparticles-plugin-easing-quad@2.12.0: starting from tsparticles v3 the packages are now moved to @tsparticles/package-name instead of tsparticles-package-name
3327 http fetch GET 200 https://registry.npmjs.org/tsparticles-shape-circle/-/tsparticles-shape-circle-2.12.0.tgz 2102ms (cache miss)
3328 http fetch GET 200 https://registry.npmjs.org/tsparticles-shape-text/-/tsparticles-shape-text-2.12.0.tgz 2113ms (cache miss)
3329 warn deprecated tsparticles-shape-circle@2.12.0: starting from tsparticles v3 the packages are now moved to @tsparticles/package-name instead of tsparticles-package-name
3330 warn deprecated tsparticles-shape-text@2.12.0: starting from tsparticles v3 the packages are now moved to @tsparticles/package-name instead of tsparticles-package-name
3331 http fetch GET 200 https://registry.npmjs.org/tsparticles-updater-color/-/tsparticles-updater-color-2.12.0.tgz 2143ms (cache miss)
3332 http fetch GET 200 https://registry.npmjs.org/tsparticles-shape-star/-/tsparticles-shape-star-2.12.0.tgz 2136ms (cache miss)
3333 warn deprecated tsparticles-updater-color@2.12.0: starting from tsparticles v3 the packages are now moved to @tsparticles/package-name instead of tsparticles-package-name
3334 warn deprecated tsparticles-shape-star@2.12.0: starting from tsparticles v3 the packages are now moved to @tsparticles/package-name instead of tsparticles-package-name
3335 http fetch GET 200 https://registry.npmjs.org/tsparticles-move-parallax/-/tsparticles-move-parallax-2.12.0.tgz 2153ms (cache miss)
3336 warn deprecated tsparticles-move-parallax@2.12.0: starting from tsparticles v3 the packages are now moved to @tsparticles/package-name instead of tsparticles-package-name
3337 http fetch GET 200 https://registry.npmjs.org/tsparticles-move-base/-/tsparticles-move-base-2.12.0.tgz 2193ms (cache miss)
3338 http fetch GET 200 https://registry.npmjs.org/tsparticles-interaction-particles-collisions/-/tsparticles-interaction-particles-collisions-2.12.0.tgz 2191ms (cache miss)
3339 warn deprecated tsparticles-move-base@2.12.0: starting from tsparticles v3 the packages are now moved to @tsparticles/package-name instead of tsparticles-package-name
3340 warn deprecated tsparticles-interaction-particles-collisions@2.12.0: starting from tsparticles v3 the packages are now moved to @tsparticles/package-name instead of tsparticles-package-name
3341 http fetch GET 200 https://registry.npmjs.org/tsparticles-particles.js/-/tsparticles-particles.js-2.12.0.tgz 2202ms (cache miss)
3342 warn deprecated tsparticles-particles.js@2.12.0: starting from tsparticles v3 the packages are now moved to @tsparticles/package-name instead of tsparticles-package-name
3343 http fetch GET 200 https://registry.npmjs.org/tsparticles-interaction-external-slow/-/tsparticles-interaction-external-slow-2.12.0.tgz 2264ms (cache miss)
3344 warn deprecated tsparticles-interaction-external-slow@2.12.0: starting from tsparticles v3 the packages are now moved to @tsparticles/package-name instead of tsparticles-package-name
3345 http fetch GET 200 https://registry.npmjs.org/tsparticles-shape-image/-/tsparticles-shape-image-2.12.0.tgz 2282ms (cache miss)
3346 warn deprecated tsparticles-shape-image@2.12.0: starting from tsparticles v3 the packages are now moved to @tsparticles/package-name instead of tsparticles-package-name
3347 http fetch GET 200 https://registry.npmjs.org/@unrs/resolver-binding-linux-x64-gnu/-/resolver-binding-linux-x64-gnu-1.11.1.tgz 2472ms (cache miss)
3348 http fetch GET 200 https://registry.npmjs.org/tsparticles-interaction-external-remove/-/tsparticles-interaction-external-remove-2.12.0.tgz 2439ms (cache miss)
3349 warn deprecated tsparticles-interaction-external-remove@2.12.0: starting from tsparticles v3 the packages are now moved to @tsparticles/package-name instead of tsparticles-package-name
3350 http fetch GET 200 https://registry.npmjs.org/tsparticles-interaction-external-pause/-/tsparticles-interaction-external-pause-2.12.0.tgz 2615ms (cache miss)
3351 warn deprecated tsparticles-interaction-external-pause@2.12.0: starting from tsparticles v3 the packages are now moved to @tsparticles/package-name instead of tsparticles-package-name
3352 http fetch GET 200 https://registry.npmjs.org/tsparticles-interaction-external-repulse/-/tsparticles-interaction-external-repulse-2.12.0.tgz 2633ms (cache miss)
3353 warn deprecated tsparticles-interaction-external-repulse@2.12.0: starting from tsparticles v3 the packages are now moved to @tsparticles/package-name instead of tsparticles-package-name
3354 http fetch GET 200 https://registry.npmjs.org/tsparticles-interaction-external-push/-/tsparticles-interaction-external-push-2.12.0.tgz 2643ms (cache miss)
3355 warn deprecated tsparticles-interaction-external-push@2.12.0: starting from tsparticles v3 the packages are now moved to @tsparticles/package-name instead of tsparticles-package-name
3356 http fetch GET 200 https://registry.npmjs.org/tsparticles-interaction-external-grab/-/tsparticles-interaction-external-grab-2.12.0.tgz 2654ms (cache miss)
3357 http fetch GET 200 https://registry.npmjs.org/tsparticles-interaction-external-bounce/-/tsparticles-interaction-external-bounce-2.12.0.tgz 2655ms (cache miss)
3358 warn deprecated tsparticles-interaction-external-grab@2.12.0: starting from tsparticles v3 the packages are now moved to @tsparticles/package-name instead of tsparticles-package-name
3359 warn deprecated tsparticles-interaction-external-bounce@2.12.0: starting from tsparticles v3 the packages are now moved to @tsparticles/package-name instead of tsparticles-package-name
3360 http fetch GET 200 https://registry.npmjs.org/tsparticles-interaction-external-bubble/-/tsparticles-interaction-external-bubble-2.12.0.tgz 2841ms (cache miss)
3361 warn deprecated tsparticles-interaction-external-bubble@2.12.0: starting from tsparticles v3 the packages are now moved to @tsparticles/package-name instead of tsparticles-package-name
3362 http fetch GET 200 https://registry.npmjs.org/tsparticles-basic/-/tsparticles-basic-2.12.0.tgz 2916ms (cache miss)
3363 http fetch GET 200 https://registry.npmjs.org/tsparticles-interaction-external-attract/-/tsparticles-interaction-external-attract-2.12.0.tgz 2933ms (cache miss)
3364 warn deprecated tsparticles-basic@2.12.0: starting from tsparticles v3 the packages are now moved to @tsparticles/package-name instead of tsparticles-package-name
3365 warn deprecated tsparticles-interaction-external-attract@2.12.0: starting from tsparticles v3 the packages are now moved to @tsparticles/package-name instead of tsparticles-package-name
3366 http fetch GET 200 https://registry.npmjs.org/strip-bom/-/strip-bom-3.0.0.tgz 3041ms (cache miss)
3367 http fetch GET 200 https://registry.npmjs.org/tsparticles-interaction-external-connect/-/tsparticles-interaction-external-connect-2.12.0.tgz 3082ms (cache miss)
3368 warn deprecated tsparticles-interaction-external-connect@2.12.0: starting from tsparticles v3 the packages are now moved to @tsparticles/package-name instead of tsparticles-package-name
3369 http fetch GET 200 https://registry.npmjs.org/require-from-string/-/require-from-string-2.0.2.tgz 3114ms (cache miss)
3370 http fetch GET 200 https://registry.npmjs.org/potpack/-/potpack-1.0.2.tgz 3142ms (cache miss)
3371 http fetch GET 200 https://registry.npmjs.org/is-number/-/is-number-7.0.0.tgz 3144ms (cache miss)
3372 http fetch GET 200 https://registry.npmjs.org/json5/-/json5-1.0.2.tgz 3178ms (cache miss)
3373 http fetch GET 200 https://registry.npmjs.org/webgl-sdf-generator/-/webgl-sdf-generator-1.1.1.tgz 3176ms (cache miss)
3374 http fetch GET 200 https://registry.npmjs.org/thenify-all/-/thenify-all-1.6.0.tgz 3189ms (cache miss)
3375 http fetch GET 200 https://registry.npmjs.org/any-promise/-/any-promise-1.3.0.tgz 3218ms (cache miss)
3376 http fetch GET 200 https://registry.npmjs.org/fdir/-/fdir-6.5.0.tgz 3225ms (cache miss)
3377 http fetch GET 200 https://registry.npmjs.org/troika-worker-utils/-/troika-worker-utils-0.52.0.tgz 3236ms (cache miss)
3378 http fetch GET 200 https://registry.npmjs.org/thenify/-/thenify-3.3.1.tgz 3239ms (cache miss)
3379 http fetch GET 200 https://registry.npmjs.org/mz/-/mz-2.7.0.tgz 3231ms (cache miss)
3380 http fetch GET 200 https://registry.npmjs.org/lines-and-columns/-/lines-and-columns-1.2.4.tgz 3243ms (cache miss)
3381 http fetch GET 200 https://registry.npmjs.org/commander/-/commander-4.1.1.tgz 3270ms (cache miss)
3382 http fetch GET 200 https://registry.npmjs.org/minimist/-/minimist-1.2.8.tgz 3305ms (cache miss)
3383 http fetch GET 200 https://registry.npmjs.org/troika-three-utils/-/troika-three-utils-0.52.4.tgz 3306ms (cache miss)
3384 http fetch GET 200 https://registry.npmjs.org/cssesc/-/cssesc-3.0.0.tgz 3298ms (cache miss)
3385 http fetch GET 200 https://registry.npmjs.org/read-cache/-/read-cache-1.0.0.tgz 3292ms (cache miss)
3386 http fetch GET 200 https://registry.npmjs.org/readdirp/-/readdirp-3.6.0.tgz 3300ms (cache miss)
3387 http fetch GET 200 https://registry.npmjs.org/pify/-/pify-2.3.0.tgz 3313ms (cache miss)
3388 http fetch GET 200 https://registry.npmjs.org/tsparticles-shape-line/-/tsparticles-shape-line-2.12.0.tgz 3395ms (cache miss)
3389 warn deprecated tsparticles-shape-line@2.12.0: starting from tsparticles v3 the packages are now moved to @tsparticles/package-name instead of tsparticles-package-name
3390 http fetch GET 200 https://registry.npmjs.org/bidi-js/-/bidi-js-1.0.3.tgz 3351ms (cache miss)
3391 http fetch GET 200 https://registry.npmjs.org/util-deprecate/-/util-deprecate-1.0.2.tgz 3319ms (cache miss)
3392 http fetch GET 200 https://registry.npmjs.org/camelcase-css/-/camelcase-css-2.0.1.tgz 3320ms (cache miss)
3393 http fetch GET 200 https://registry.npmjs.org/@napi-rs/wasm-runtime/-/wasm-runtime-0.2.12.tgz 3449ms (cache miss)
3394 http fetch GET 200 https://registry.npmjs.org/binary-extensions/-/binary-extensions-2.3.0.tgz 3333ms (cache miss)
3395 http fetch GET 200 https://registry.npmjs.org/pirates/-/pirates-4.0.7.tgz 3369ms (cache miss)
3396 http fetch GET 200 https://registry.npmjs.org/ts-interface-checker/-/ts-interface-checker-0.1.13.tgz 3409ms (cache miss)
3397 http fetch GET 200 https://registry.npmjs.org/is-binary-path/-/is-binary-path-2.1.0.tgz 3385ms (cache miss)
3398 http fetch GET 200 https://registry.npmjs.org/postcss-nested/-/postcss-nested-6.2.0.tgz 3371ms (cache miss)
3399 http fetch GET 200 https://registry.npmjs.org/@jridgewell/sourcemap-codec/-/sourcemap-codec-1.5.5.tgz 3465ms (cache miss)
3400 http fetch GET 200 https://registry.npmjs.org/anymatch/-/anymatch-3.1.3.tgz 3481ms (cache miss)
3401 http fetch GET 200 https://registry.npmjs.org/normalize-path/-/normalize-path-3.0.0.tgz 3482ms (cache miss)
3402 http fetch GET 200 https://registry.npmjs.org/postcss-load-config/-/postcss-load-config-6.0.1.tgz 3496ms (cache miss)
3403 http fetch GET 200 https://registry.npmjs.org/postcss-import/-/postcss-import-15.1.0.tgz 3502ms (cache miss)
3404 http fetch GET 200 https://registry.npmjs.org/@jridgewell/resolve-uri/-/resolve-uri-3.1.2.tgz 3581ms (cache miss)
3405 http fetch GET 200 https://registry.npmjs.org/tsparticles-slim/-/tsparticles-slim-2.12.0.tgz 3632ms (cache miss)
3406 http fetch GET 200 https://registry.npmjs.org/@jridgewell/gen-mapping/-/gen-mapping-0.3.13.tgz 3600ms (cache miss)
3407 warn deprecated tsparticles-slim@2.12.0: starting from tsparticles v3 the packages are now moved to @tsparticles/package-name instead of tsparticles-package-name
3408 http fetch GET 200 https://registry.npmjs.org/didyoumean/-/didyoumean-1.2.2.tgz 3587ms (cache miss)
3409 http fetch GET 200 https://registry.npmjs.org/lilconfig/-/lilconfig-3.1.3.tgz 3591ms (cache miss)
3410 http fetch GET 200 https://registry.npmjs.org/@jridgewell/trace-mapping/-/trace-mapping-0.3.31.tgz 3658ms (cache miss)
3411 http fetch GET 200 https://registry.npmjs.org/ansi-regex/-/ansi-regex-5.0.1.tgz 3591ms (cache miss)
3412 http fetch GET 200 https://registry.npmjs.org/chokidar/-/chokidar-3.6.0.tgz 3600ms (cache miss)
3413 http fetch GET 200 https://registry.npmjs.org/tsparticles-interaction-particles-attract/-/tsparticles-interaction-particles-attract-2.12.0.tgz 3718ms (cache miss)
3414 http fetch GET 200 https://registry.npmjs.org/tsparticles-updater-twinkle/-/tsparticles-updater-twinkle-2.12.0.tgz 3697ms (cache miss)
3415 http fetch GET 200 https://registry.npmjs.org/object-hash/-/object-hash-3.0.0.tgz 3610ms (cache miss)
3416 http fetch GET 200 https://registry.npmjs.org/arg/-/arg-5.0.2.tgz 3603ms (cache miss)
3417 http fetch GET 200 https://registry.npmjs.org/has-flag/-/has-flag-4.0.0.tgz 3601ms (cache miss)
3418 http fetch GET 200 https://registry.npmjs.org/dlv/-/dlv-1.1.3.tgz 3607ms (cache miss)
3419 warn deprecated tsparticles-interaction-particles-attract@2.12.0: starting from tsparticles v3 the packages are now moved to @tsparticles/package-name instead of tsparticles-package-name
3420 warn deprecated tsparticles-updater-twinkle@2.12.0: starting from tsparticles v3 the packages are now moved to @tsparticles/package-name instead of tsparticles-package-name
3421 http fetch GET 200 https://registry.npmjs.org/@types/json5/-/json5-0.0.29.tgz 3715ms (cache miss)
3422 http fetch GET 200 https://registry.npmjs.org/postcss-js/-/postcss-js-4.1.0.tgz 3646ms (cache miss)
3423 http fetch GET 200 https://registry.npmjs.org/isarray/-/isarray-2.0.5.tgz 3628ms (cache miss)
3424 http fetch GET 200 https://registry.npmjs.org/side-channel-map/-/side-channel-map-1.0.1.tgz 3640ms (cache miss)
3425 http fetch GET 200 https://registry.npmjs.org/tsparticles-updater-wobble/-/tsparticles-updater-wobble-2.12.0.tgz 3783ms (cache miss)
3426 http fetch GET 200 https://registry.npmjs.org/side-channel-weakmap/-/side-channel-weakmap-1.0.2.tgz 3682ms (cache miss)
3427 http fetch GET 200 https://registry.npmjs.org/side-channel-list/-/side-channel-list-1.0.0.tgz 3683ms (cache miss)
3428 http fetch GET 200 https://registry.npmjs.org/tsparticles-updater-roll/-/tsparticles-updater-roll-2.12.0.tgz 3786ms (cache miss)
3429 http fetch GET 200 https://registry.npmjs.org/tsparticles-updater-tilt/-/tsparticles-updater-tilt-2.12.0.tgz 3805ms (cache miss)
3430 warn deprecated tsparticles-updater-wobble@2.12.0: starting from tsparticles v3 the packages are now moved to @tsparticles/package-name instead of tsparticles-package-name
3431 warn deprecated tsparticles-updater-roll@2.12.0: starting from tsparticles v3 the packages are now moved to @tsparticles/package-name instead of tsparticles-package-name
3432 http fetch GET 200 https://registry.npmjs.org/js-tokens/-/js-tokens-4.0.0.tgz 3732ms (cache miss)
3433 warn deprecated tsparticles-updater-tilt@2.12.0: starting from tsparticles v3 the packages are now moved to @tsparticles/package-name instead of tsparticles-package-name
3434 http fetch GET 200 https://registry.npmjs.org/react-is/-/react-is-16.13.1.tgz 3736ms (cache miss)
3435 http fetch GET 200 https://registry.npmjs.org/draco3d/-/draco3d-1.5.7.tgz 3831ms (cache miss)
3436 http fetch GET 200 https://registry.npmjs.org/loose-envify/-/loose-envify-1.4.0.tgz 3739ms (cache miss)
3437 http fetch GET 200 https://registry.npmjs.org/tsparticles-interaction-external-trail/-/tsparticles-interaction-external-trail-2.12.0.tgz 3847ms (cache miss)
3438 warn deprecated tsparticles-interaction-external-trail@2.12.0: starting from tsparticles v3 the packages are now moved to @tsparticles/package-name instead of tsparticles-package-name
3439 http fetch GET 200 https://registry.npmjs.org/@types/draco3d/-/draco3d-1.4.10.tgz 3917ms (cache miss)
3440 http fetch GET 200 https://registry.npmjs.org/path-parse/-/path-parse-1.0.7.tgz 3832ms (cache miss)
3441 http fetch GET 200 https://registry.npmjs.org/@types/offscreencanvas/-/offscreencanvas-2019.7.3.tgz 3921ms (cache miss)
3442 http fetch GET 200 https://registry.npmjs.org/immediate/-/immediate-3.0.6.tgz 3828ms (cache miss)
3443 http fetch GET 200 https://registry.npmjs.org/lie/-/lie-3.3.0.tgz 3826ms (cache miss)
3444 http fetch GET 200 https://registry.npmjs.org/tsparticles-updater-life/-/tsparticles-updater-life-2.12.0.tgz 4026ms (cache miss)
3445 http fetch GET 200 https://registry.npmjs.org/is-promise/-/is-promise-2.2.2.tgz 3864ms (cache miss)
3446 http fetch GET 200 https://registry.npmjs.org/shebang-regex/-/shebang-regex-3.0.0.tgz 3879ms (cache miss)
3447 http fetch GET 200 https://registry.npmjs.org/client-only/-/client-only-0.0.1.tgz 3893ms (cache miss)
3448 http fetch GET 200 https://registry.npmjs.org/callsites/-/callsites-3.1.0.tgz 3872ms (cache miss)
3449 http fetch GET 200 https://registry.npmjs.org/supports-preserve-symlinks-flag/-/supports-preserve-symlinks-flag-1.0.0.tgz 3886ms (cache miss)
3450 warn deprecated tsparticles-updater-life@2.12.0: starting from tsparticles v3 the packages are now moved to @tsparticles/package-name instead of tsparticles-package-name
3451 http fetch GET 200 https://registry.npmjs.org/postcss-selector-parser/-/postcss-selector-parser-6.1.2.tgz 3955ms (cache miss)
3452 http fetch GET 200 https://registry.npmjs.org/yocto-queue/-/yocto-queue-0.1.0.tgz 3935ms (cache miss)
3453 http fetch GET 200 https://registry.npmjs.org/p-limit/-/p-limit-3.1.0.tgz 3937ms (cache miss)
3454 http fetch GET 200 https://registry.npmjs.org/word-wrap/-/word-wrap-1.2.5.tgz 3939ms (cache miss)
3455 http fetch GET 200 https://registry.npmjs.org/queue-microtask/-/queue-microtask-1.2.3.tgz 3959ms (cache miss)
3456 http fetch GET 200 https://registry.npmjs.org/object-assign/-/object-assign-4.1.1.tgz 3953ms (cache miss)
3457 http fetch GET 200 https://registry.npmjs.org/deep-is/-/deep-is-0.1.4.tgz 3939ms (cache miss)
3458 http fetch GET 200 https://registry.npmjs.org/fast-levenshtein/-/fast-levenshtein-2.0.6.tgz 3946ms (cache miss)
3459 http fetch GET 200 https://registry.npmjs.org/graceful-fs/-/graceful-fs-4.2.11.tgz 3943ms (cache miss)
3460 http fetch GET 200 https://registry.npmjs.org/concat-map/-/concat-map-0.0.1.tgz 3952ms (cache miss)
3461 http fetch GET 200 https://registry.npmjs.org/balanced-match/-/balanced-match-1.0.2.tgz 3969ms (cache miss)
3462 http fetch GET 200 https://registry.npmjs.org/brace-expansion/-/brace-expansion-1.1.12.tgz 3979ms (cache miss)
3463 http fetch GET 200 https://registry.npmjs.org/braces/-/braces-3.0.3.tgz 3968ms (cache miss)
3464 http fetch GET 200 https://registry.npmjs.org/source-map-js/-/source-map-js-1.2.1.tgz 4007ms (cache miss)
3465 http fetch GET 200 https://registry.npmjs.org/picomatch/-/picomatch-2.3.1.tgz 3985ms (cache miss)
3466 http fetch GET 200 https://registry.npmjs.org/type-check/-/type-check-0.4.0.tgz 3982ms (cache miss)
3467 http fetch GET 200 https://registry.npmjs.org/nanoid/-/nanoid-3.3.11.tgz 4015ms (cache miss)
3468 http fetch GET 200 https://registry.npmjs.org/streamsearch/-/streamsearch-1.1.0.tgz 4019ms (cache miss)
3469 http fetch GET 200 https://registry.npmjs.org/prelude-ls/-/prelude-ls-1.2.1.tgz 4012ms (cache miss)
3470 http fetch GET 200 https://registry.npmjs.org/p-locate/-/p-locate-5.0.0.tgz 4015ms (cache miss)
3471 http fetch GET 200 https://registry.npmjs.org/json-buffer/-/json-buffer-3.0.1.tgz 4015ms (cache miss)
3472 http fetch GET 200 https://registry.npmjs.org/is-extglob/-/is-extglob-2.1.1.tgz 4013ms (cache miss)
3473 http fetch GET 200 https://registry.npmjs.org/set-function-name/-/set-function-name-2.0.2.tgz 4015ms (cache miss)
3474 http fetch GET 200 https://registry.npmjs.org/tsparticles-updater-destroy/-/tsparticles-updater-destroy-2.12.0.tgz 4184ms (cache miss)
3475 http fetch GET 200 https://registry.npmjs.org/argparse/-/argparse-2.0.1.tgz 4029ms (cache miss)
3476 warn deprecated tsparticles-updater-destroy@2.12.0: starting from tsparticles v3 the packages are now moved to @tsparticles/package-name instead of tsparticles-package-name
3477 http fetch GET 200 https://registry.npmjs.org/to-regex-range/-/to-regex-range-5.0.1.tgz 4056ms (cache miss)
3478 http fetch GET 200 https://registry.npmjs.org/watchpack/-/watchpack-2.4.0.tgz 4068ms (cache miss)
3479 http fetch GET 200 https://registry.npmjs.org/busboy/-/busboy-1.6.0.tgz 4068ms (cache miss)
3480 http fetch GET 200 https://registry.npmjs.org/fill-range/-/fill-range-7.1.1.tgz 4054ms (cache miss)
3481 http fetch GET 200 https://registry.npmjs.org/tsparticles-plugin-absorbers/-/tsparticles-plugin-absorbers-2.12.0.tgz 4199ms (cache miss)
3482 warn deprecated tsparticles-plugin-absorbers@2.12.0: starting from tsparticles v3 the packages are now moved to @tsparticles/package-name instead of tsparticles-package-name
3483 http fetch GET 200 https://registry.npmjs.org/wrappy/-/wrappy-1.0.2.tgz 4123ms (cache miss)
3484 http fetch GET 200 https://registry.npmjs.org/path-type/-/path-type-4.0.0.tgz 4113ms (cache miss)
3485 http fetch GET 200 https://registry.npmjs.org/slash/-/slash-3.0.0.tgz 4112ms (cache miss)
3486 http fetch GET 200 https://registry.npmjs.org/resolve-from/-/resolve-from-4.0.0.tgz 4117ms (cache miss)
3487 http fetch GET 200 https://registry.npmjs.org/parent-module/-/parent-module-1.0.1.tgz 4117ms (cache miss)
3488 http fetch GET 200 https://registry.npmjs.org/micromatch/-/micromatch-4.0.8.tgz 4116ms (cache miss)
3489 http fetch GET 200 https://registry.npmjs.org/tsparticles-interaction-particles-links/-/tsparticles-interaction-particles-links-2.12.0.tgz 4354ms (cache miss)
3490 warn deprecated tsparticles-interaction-particles-links@2.12.0: starting from tsparticles v3 the packages are now moved to @tsparticles/package-name instead of tsparticles-package-name
3491 http fetch GET 200 https://registry.npmjs.org/inherits/-/inherits-2.0.4.tgz 4159ms (cache miss)
3492 http fetch GET 200 https://registry.npmjs.org/inflight/-/inflight-1.0.6.tgz 4160ms (cache miss)
3493 warn deprecated inflight@1.0.6: This module is not supported, and leaks memory. Do not use it. Check out lru-cache if you want a good and tested way to coalesce async requests by a key value, which is much more comprehensive and powerful.
3494 http fetch GET 200 https://registry.npmjs.org/styled-jsx/-/styled-jsx-5.1.1.tgz 4225ms (cache miss)
3495 http fetch GET 200 https://registry.npmjs.org/jiti/-/jiti-1.21.7.tgz 4319ms (cache miss)
3496 http fetch GET 200 https://registry.npmjs.org/once/-/once-1.4.0.tgz 4333ms (cache miss)
3497 http fetch GET 200 https://registry.npmjs.org/functions-have-names/-/functions-have-names-1.2.3.tgz 4329ms (cache miss)
3498 http fetch GET 200 https://registry.npmjs.org/merge2/-/merge2-1.4.1.tgz 4361ms (cache miss)
3499 http fetch GET 200 https://registry.npmjs.org/path-is-absolute/-/path-is-absolute-1.0.1.tgz 4360ms (cache miss)
3500 http fetch GET 200 https://registry.npmjs.org/fs.realpath/-/fs.realpath-1.0.0.tgz 4356ms (cache miss)
3501 http fetch GET 200 https://registry.npmjs.org/side-channel/-/side-channel-1.1.0.tgz 4379ms (cache miss)
3502 http fetch GET 200 https://registry.npmjs.org/dunder-proto/-/dunder-proto-1.0.1.tgz 4353ms (cache miss)
3503 http fetch GET 200 https://registry.npmjs.org/dir-glob/-/dir-glob-3.0.1.tgz 4371ms (cache miss)
3504 http fetch GET 200 https://registry.npmjs.org/resolve-pkg-maps/-/resolve-pkg-maps-1.0.0.tgz 4364ms (cache miss)
3505 http fetch GET 200 https://registry.npmjs.org/keyv/-/keyv-4.5.4.tgz 4377ms (cache miss)
3506 http fetch GET 200 https://registry.npmjs.org/rimraf/-/rimraf-3.0.2.tgz 4378ms (cache miss)
3507 warn deprecated rimraf@3.0.2: Rimraf versions prior to v4 are no longer supported
3508 http fetch GET 200 https://registry.npmjs.org/type-fest/-/type-fest-0.20.2.tgz 4402ms (cache miss)
3509 http fetch GET 200 https://registry.npmjs.org/@emotion/memoize/-/memoize-0.7.4.tgz 4398ms (cache miss)
3510 http fetch GET 200 https://registry.npmjs.org/flat-cache/-/flat-cache-3.2.0.tgz 4392ms (cache miss)
3511 http fetch GET 200 https://registry.npmjs.org/array-union/-/array-union-2.1.0.tgz 4412ms (cache miss)
3512 http fetch GET 200 https://registry.npmjs.org/tsparticles-plugin-emitters/-/tsparticles-plugin-emitters-2.12.0.tgz 4596ms (cache miss)
3513 http fetch GET 200 https://registry.npmjs.org/acorn-jsx/-/acorn-jsx-5.3.2.tgz 4403ms (cache miss)
3514 http fetch GET 200 https://registry.npmjs.org/iterator.prototype/-/iterator.prototype-1.1.5.tgz 4401ms (cache miss)
3515 http fetch GET 200 https://registry.npmjs.org/tslib/-/tslib-2.8.1.tgz 4414ms (cache miss)
3516 warn deprecated tsparticles-plugin-emitters@2.12.0: starting from tsparticles v3 the packages are now moved to @tsparticles/package-name instead of tsparticles-package-name
3517 http fetch GET 200 https://registry.npmjs.org/flatted/-/flatted-3.3.3.tgz 4413ms (cache miss)
3518 http fetch GET 200 https://registry.npmjs.org/language-subtag-registry/-/language-subtag-registry-0.3.23.tgz 4467ms (cache miss)
3519 http fetch GET 200 https://registry.npmjs.org/string.prototype.matchall/-/string.prototype.matchall-4.0.12.tgz 4428ms (cache miss)
3520 http fetch GET 200 https://registry.npmjs.org/fast-glob/-/fast-glob-3.3.3.tgz 4461ms (cache miss)
3521 http fetch GET 200 https://registry.npmjs.org/string.prototype.repeat/-/string.prototype.repeat-1.0.0.tgz 4433ms (cache miss)
3522 http fetch GET 200 https://registry.npmjs.org/@alloc/quick-lru/-/quick-lru-5.2.0.tgz 4553ms (cache miss)
3523 http fetch GET 200 https://registry.npmjs.org/esrecurse/-/esrecurse-4.3.0.tgz 4447ms (cache miss)
3524 http fetch GET 200 https://registry.npmjs.org/path-exists/-/path-exists-4.0.0.tgz 4477ms (cache miss)
3525 http fetch GET 200 https://registry.npmjs.org/locate-path/-/locate-path-6.0.0.tgz 4476ms (cache miss)
3526 http fetch GET 200 https://registry.npmjs.org/array.prototype.findlast/-/array.prototype.findlast-1.2.5.tgz 4463ms (cache miss)
3527 http fetch GET 200 https://registry.npmjs.org/reusify/-/reusify-1.1.0.tgz 4481ms (cache miss)
3528 http fetch GET 200 https://registry.npmjs.org/object.entries/-/object.entries-1.1.9.tgz 4483ms (cache miss)
3529 http fetch GET 200 https://registry.npmjs.org/acorn/-/acorn-8.15.0.tgz 4493ms (cache miss)
3530 http fetch GET 200 https://registry.npmjs.org/array.prototype.tosorted/-/array.prototype.tosorted-1.1.4.tgz 4558ms (cache miss)
3531 http fetch GET 200 https://registry.npmjs.org/language-tags/-/language-tags-1.0.9.tgz 4557ms (cache miss)
3532 http fetch GET 200 https://registry.npmjs.org/emoji-regex/-/emoji-regex-9.2.2.tgz 4556ms (cache miss)
3533 http fetch GET 200 https://registry.npmjs.org/estraverse/-/estraverse-5.3.0.tgz 4568ms (cache miss)
3534 http fetch GET 200 https://registry.npmjs.org/string.prototype.includes/-/string.prototype.includes-2.0.1.tgz 4567ms (cache miss)
3535 http fetch GET 200 https://registry.npmjs.org/@next/env/-/env-14.0.4.tgz 4648ms (cache miss)
3536 http fetch GET 200 https://registry.npmjs.org/sucrase/-/sucrase-3.35.1.tgz 4849ms (cache miss)
3537 http fetch GET 200 https://registry.npmjs.org/axobject-query/-/axobject-query-4.1.0.tgz 4737ms (cache miss)
3538 http fetch GET 200 https://registry.npmjs.org/is-symbol/-/is-symbol-1.1.1.tgz 4758ms (cache miss)
3539 http fetch GET 200 https://registry.npmjs.org/es-iterator-helpers/-/es-iterator-helpers-1.2.2.tgz 4784ms (cache miss)
3540 http fetch GET 200 https://registry.npmjs.org/is-date-object/-/is-date-object-1.1.0.tgz 4890ms (cache miss)
3541 http fetch GET 200 https://registry.npmjs.org/has-tostringtag/-/has-tostringtag-1.0.2.tgz 4889ms (cache miss)
3542 http fetch GET 200 https://registry.npmjs.org/unbox-primitive/-/unbox-primitive-1.1.0.tgz 4888ms (cache miss)
3543 http fetch GET 200 https://registry.npmjs.org/possible-typed-array-names/-/possible-typed-array-names-1.1.0.tgz 4891ms (cache miss)
3544 http fetch GET 200 https://registry.npmjs.org/which-typed-array/-/which-typed-array-1.1.20.tgz 4891ms (cache miss)
3545 http fetch GET 200 https://registry.npmjs.org/typed-array-length/-/typed-array-length-1.0.7.tgz 4890ms (cache miss)
3546 http fetch GET 200 https://registry.npmjs.org/axe-core/-/axe-core-4.11.1.tgz 4985ms (cache miss)
3547 http fetch GET 200 https://registry.npmjs.org/typed-array-byte-offset/-/typed-array-byte-offset-1.0.4.tgz 5037ms (cache miss)
3548 http fetch GET 200 https://registry.npmjs.org/prop-types/-/prop-types-15.8.1.tgz 5072ms (cache miss)
3549 http fetch GET 200 https://registry.npmjs.org/typed-array-byte-length/-/typed-array-byte-length-1.0.3.tgz 5040ms (cache miss)
3550 http fetch GET 200 https://registry.npmjs.org/typed-array-buffer/-/typed-array-buffer-1.0.3.tgz 5047ms (cache miss)
3551 http fetch GET 200 https://registry.npmjs.org/damerau-levenshtein/-/damerau-levenshtein-1.0.8.tgz 5066ms (cache miss)
3552 http fetch GET 200 https://registry.npmjs.org/ast-types-flow/-/ast-types-flow-0.0.8.tgz 5063ms (cache miss)
3553 http fetch GET 200 https://registry.npmjs.org/safe-regex-test/-/safe-regex-test-1.1.0.tgz 5038ms (cache miss)
3554 http fetch GET 200 https://registry.npmjs.org/string.prototype.trim/-/string.prototype.trim-1.2.10.tgz 5049ms (cache miss)
3555 http fetch GET 200 https://registry.npmjs.org/string.prototype.trimstart/-/string.prototype.trimstart-1.0.8.tgz 5096ms (cache miss)
3556 http fetch GET 200 https://registry.npmjs.org/stop-iteration-iterator/-/stop-iteration-iterator-1.1.0.tgz 5095ms (cache miss)
3557 http fetch GET 200 https://registry.npmjs.org/set-proto/-/set-proto-1.0.0.tgz 5096ms (cache miss)
3558 http fetch GET 200 https://registry.npmjs.org/@emotion/is-prop-valid/-/is-prop-valid-0.8.8.tgz 5159ms (cache miss)
3559 http fetch GET 200 https://registry.npmjs.org/aria-query/-/aria-query-5.3.2.tgz 5131ms (cache miss)
3560 http fetch GET 200 https://registry.npmjs.org/jsx-ast-utils/-/jsx-ast-utils-3.3.5.tgz 5199ms (cache miss)
3561 http fetch GET 200 https://registry.npmjs.org/safe-array-concat/-/safe-array-concat-1.1.3.tgz 5177ms (cache miss)
3562 http fetch GET 200 https://registry.npmjs.org/is-data-view/-/is-data-view-1.0.2.tgz 5225ms (cache miss)
3563 http fetch GET 200 https://registry.npmjs.org/is-regex/-/is-regex-1.2.1.tgz 5227ms (cache miss)
3564 http fetch GET 200 https://registry.npmjs.org/is-set/-/is-set-2.0.3.tgz 5229ms (cache miss)
3565 http fetch GET 200 https://registry.npmjs.org/is-shared-array-buffer/-/is-shared-array-buffer-1.0.4.tgz 5231ms (cache miss)
3566 http fetch GET 200 https://registry.npmjs.org/is-callable/-/is-callable-1.2.7.tgz 5228ms (cache miss)
3567 http fetch GET 200 https://registry.npmjs.org/is-negative-zero/-/is-negative-zero-2.0.3.tgz 5230ms (cache miss)
3568 http fetch GET 200 https://registry.npmjs.org/regexp.prototype.flags/-/regexp.prototype.flags-1.5.4.tgz 5250ms (cache miss)
3569 http fetch GET 200 https://registry.npmjs.org/is-typed-array/-/is-typed-array-1.1.15.tgz 5266ms (cache miss)
3570 http fetch GET 200 https://registry.npmjs.org/@swc/helpers/-/helpers-0.5.2.tgz 5416ms (cache miss)
3571 http fetch GET 200 https://registry.npmjs.org/safe-push-apply/-/safe-push-apply-1.0.0.tgz 5320ms (cache miss)
3572 http fetch GET 200 https://registry.npmjs.org/is-array-buffer/-/is-array-buffer-3.0.5.tgz 5332ms (cache miss)
3573 http fetch GET 200 https://registry.npmjs.org/internal-slot/-/internal-slot-1.1.0.tgz 5449ms (cache miss)
3574 http fetch GET 200 https://registry.npmjs.org/get-proto/-/get-proto-1.0.1.tgz 5445ms (cache miss)
3575 http fetch GET 200 https://registry.npmjs.org/has-proto/-/has-proto-1.2.0.tgz 5473ms (cache miss)
3576 http fetch GET 200 https://registry.npmjs.org/function.prototype.name/-/function.prototype.name-1.1.8.tgz 5476ms (cache miss)
3577 http fetch GET 200 https://registry.npmjs.org/get-symbol-description/-/get-symbol-description-1.1.0.tgz 5482ms (cache miss)
3578 http fetch GET 200 https://registry.npmjs.org/es-set-tostringtag/-/es-set-tostringtag-2.1.0.tgz 5485ms (cache miss)
3579 http fetch GET 200 https://registry.npmjs.org/has-symbols/-/has-symbols-1.1.0.tgz 5490ms (cache miss)
3580 http fetch GET 200 https://registry.npmjs.org/globalthis/-/globalthis-1.0.4.tgz 5493ms (cache miss)
3581 http fetch GET 200 https://registry.npmjs.org/available-typed-arrays/-/available-typed-arrays-1.0.7.tgz 5561ms (cache miss)
3582 http fetch GET 200 https://registry.npmjs.org/es-to-primitive/-/es-to-primitive-1.3.0.tgz 5593ms (cache miss)
3583 http fetch GET 200 https://registry.npmjs.org/arraybuffer.prototype.slice/-/arraybuffer.prototype.slice-1.0.4.tgz 5635ms (cache miss)
3584 http fetch GET 200 https://registry.npmjs.org/array-buffer-byte-length/-/array-buffer-byte-length-1.0.2.tgz 5638ms (cache miss)
3585 http fetch GET 200 https://registry.npmjs.org/data-view-buffer/-/data-view-buffer-1.0.2.tgz 5639ms (cache miss)
3586 http fetch GET 200 https://registry.npmjs.org/data-view-byte-length/-/data-view-byte-length-1.0.2.tgz 5645ms (cache miss)
3587 http fetch GET 200 https://registry.npmjs.org/data-view-byte-offset/-/data-view-byte-offset-1.0.1.tgz 5647ms (cache miss)
3588 http fetch GET 200 https://registry.npmjs.org/own-keys/-/own-keys-1.0.1.tgz 5673ms (cache miss)
3589 http fetch GET 200 https://registry.npmjs.org/object-keys/-/object-keys-1.1.1.tgz 5653ms (cache miss)
3590 http fetch GET 200 https://registry.npmjs.org/gopd/-/gopd-1.2.0.tgz 5654ms (cache miss)
3591 http fetch GET 200 https://registry.npmjs.org/define-data-property/-/define-data-property-1.1.4.tgz 5653ms (cache miss)
3592 http fetch GET 200 https://registry.npmjs.org/has-property-descriptors/-/has-property-descriptors-1.0.2.tgz 5658ms (cache miss)
3593 http fetch GET 200 https://registry.npmjs.org/is-weakref/-/is-weakref-1.1.1.tgz 5691ms (cache miss)
3594 http fetch GET 200 https://registry.npmjs.org/function-bind/-/function-bind-1.1.2.tgz 5663ms (cache miss)
3595 http fetch GET 200 https://registry.npmjs.org/set-function-length/-/set-function-length-1.2.2.tgz 5667ms (cache miss)
3596 http fetch GET 200 https://registry.npmjs.org/object.assign/-/object.assign-4.1.7.tgz 5705ms (cache miss)
3597 http fetch GET 200 https://registry.npmjs.org/es-define-property/-/es-define-property-1.0.1.tgz 5710ms (cache miss)
3598 http fetch GET 200 https://registry.npmjs.org/es-errors/-/es-errors-1.3.0.tgz 5756ms (cache miss)
3599 http fetch GET 200 https://registry.npmjs.org/es-shim-unscopables/-/es-shim-unscopables-1.1.0.tgz 5764ms (cache miss)
3600 http fetch GET 200 https://registry.npmjs.org/get-intrinsic/-/get-intrinsic-1.3.0.tgz 5781ms (cache miss)
3601 http fetch GET 200 https://registry.npmjs.org/is-string/-/is-string-1.1.1.tgz 5781ms (cache miss)
3602 http fetch GET 200 https://registry.npmjs.org/define-properties/-/define-properties-1.2.1.tgz 5798ms (cache miss)
3603 http fetch GET 200 https://registry.npmjs.org/call-bind/-/call-bind-1.0.8.tgz 5800ms (cache miss)
3604 http fetch GET 200 https://registry.npmjs.org/object-inspect/-/object-inspect-1.13.4.tgz 5863ms (cache miss)
3605 http fetch GET 200 https://registry.npmjs.org/object.groupby/-/object.groupby-1.0.3.tgz 5830ms (cache miss)
3606 http fetch GET 200 https://registry.npmjs.org/string.prototype.trimend/-/string.prototype.trimend-1.0.9.tgz 5838ms (cache miss)
3607 http fetch GET 200 https://registry.npmjs.org/object.values/-/object.values-1.2.1.tgz 5977ms (cache miss)
3608 http fetch GET 200 https://registry.npmjs.org/object.fromentries/-/object.fromentries-2.0.8.tgz 6003ms (cache miss)
3609 http fetch GET 200 https://registry.npmjs.org/hasown/-/hasown-2.0.2.tgz 6005ms (cache miss)
3610 http fetch GET 200 https://registry.npmjs.org/call-bind-apply-helpers/-/call-bind-apply-helpers-1.0.2.tgz 6024ms (cache miss)
3611 http fetch GET 200 https://registry.npmjs.org/array.prototype.findlastindex/-/array.prototype.findlastindex-1.2.6.tgz 6018ms (cache miss)
3612 http fetch GET 200 https://registry.npmjs.org/array.prototype.flatmap/-/array.prototype.flatmap-1.3.3.tgz 6024ms (cache miss)
3613 http fetch GET 200 https://registry.npmjs.org/array.prototype.flat/-/array.prototype.flat-1.3.3.tgz 6031ms (cache miss)
3614 http fetch GET 200 https://registry.npmjs.org/tinyglobby/-/tinyglobby-0.2.15.tgz 6060ms (cache miss)
3615 http fetch GET 200 https://registry.npmjs.org/array-includes/-/array-includes-3.1.9.tgz 6081ms (cache miss)
3616 http fetch GET 200 https://registry.npmjs.org/unrs-resolver/-/unrs-resolver-1.11.1.tgz 6080ms (cache miss)
3617 http fetch GET 200 https://registry.npmjs.org/stable-hash/-/stable-hash-0.0.5.tgz 6072ms (cache miss)
3618 http fetch GET 200 https://registry.npmjs.org/is-bun-module/-/is-bun-module-2.0.0.tgz 6077ms (cache miss)
3619 http fetch GET 200 https://registry.npmjs.org/eslint-module-utils/-/eslint-module-utils-2.12.1.tgz 6103ms (cache miss)
3620 http fetch GET 200 https://registry.npmjs.org/is-core-module/-/is-core-module-2.16.1.tgz 6085ms (cache miss)
3621 http fetch GET 200 https://registry.npmjs.org/get-tsconfig/-/get-tsconfig-4.13.6.tgz 6110ms (cache miss)
3622 http fetch GET 200 https://registry.npmjs.org/ts-api-utils/-/ts-api-utils-1.4.3.tgz 6114ms (cache miss)
3623 http fetch GET 200 https://registry.npmjs.org/globby/-/globby-11.1.0.tgz 6143ms (cache miss)
3624 http fetch GET 200 https://registry.npmjs.org/semver/-/semver-7.7.4.tgz 6156ms (cache miss)
3625 http fetch GET 200 https://registry.npmjs.org/glob/-/glob-7.1.7.tgz 6277ms (cache miss)
3626 warn deprecated glob@7.1.7: Old versions of glob are not supported, and contain widely publicized security vulnerabilities, which have been fixed in the current version. Please update. Support for old versions may be purchased (at exorbitant rates) by contacting i@izs.me
3627 http fetch GET 200 https://registry.npmjs.org/eslint-plugin-react-hooks/-/eslint-plugin-react-hooks-5.0.0-canary-7118f5dd7-20230705.tgz 6354ms (cache miss)
3628 http fetch GET 200 https://registry.npmjs.org/es-object-atoms/-/es-object-atoms-1.1.1.tgz 6402ms (cache miss)
3629 http fetch GET 200 https://registry.npmjs.org/call-bound/-/call-bound-1.0.4.tgz 6398ms (cache miss)
3630 http fetch GET 200 https://registry.npmjs.org/math-intrinsics/-/math-intrinsics-1.1.0.tgz 6455ms (cache miss)
3631 http fetch GET 200 https://registry.npmjs.org/tsconfig-paths/-/tsconfig-paths-3.15.0.tgz 6530ms (cache miss)
3632 http fetch GET 200 https://registry.npmjs.org/resolve/-/resolve-1.22.11.tgz 6534ms (cache miss)
3633 http fetch GET 200 https://registry.npmjs.org/@rtsao/scc/-/scc-1.1.0.tgz 6689ms (cache miss)
3634 http fetch GET 200 https://registry.npmjs.org/@nolyfill/is-core-module/-/is-core-module-1.0.39.tgz 6807ms (cache miss)
3635 http fetch GET 200 https://registry.npmjs.org/eslint-plugin-jsx-a11y/-/eslint-plugin-jsx-a11y-6.10.2.tgz 6799ms (cache miss)
3636 http fetch GET 200 https://registry.npmjs.org/supports-color/-/supports-color-7.2.0.tgz 6921ms (cache miss)
3637 http fetch GET 200 https://registry.npmjs.org/eslint-plugin-react/-/eslint-plugin-react-7.37.5.tgz 6948ms (cache miss)
3638 http fetch GET 200 https://registry.npmjs.org/tsparticles-engine/-/tsparticles-engine-2.12.0.tgz 7279ms (cache miss)
3639 warn deprecated tsparticles-engine@2.12.0: starting from tsparticles v3 the packages are now moved to @tsparticles/package-name instead of tsparticles-package-name
3640 http fetch GET 200 https://registry.npmjs.org/color-convert/-/color-convert-2.0.1.tgz 7074ms (cache miss)
3641 http fetch GET 200 https://registry.npmjs.org/eslint-import-resolver-node/-/eslint-import-resolver-node-0.3.9.tgz 7214ms (cache miss)
3642 http fetch GET 200 https://registry.npmjs.org/@typescript-eslint/visitor-keys/-/visitor-keys-6.21.0.tgz 7415ms (cache miss)
3643 http fetch GET 200 https://registry.npmjs.org/ansi-styles/-/ansi-styles-4.3.0.tgz 7397ms (cache miss)
3644 http fetch GET 200 https://registry.npmjs.org/json-schema-traverse/-/json-schema-traverse-0.4.1.tgz 7437ms (cache miss)
3645 http fetch GET 200 https://registry.npmjs.org/run-parallel/-/run-parallel-1.2.0.tgz 7435ms (cache miss)
3646 http fetch GET 200 https://registry.npmjs.org/fast-json-stable-stringify/-/fast-json-stable-stringify-2.1.0.tgz 7457ms (cache miss)
3647 http fetch GET 200 https://registry.npmjs.org/strip-json-comments/-/strip-json-comments-3.1.1.tgz 7565ms (cache miss)
3648 http fetch GET 200 https://registry.npmjs.org/@typescript-eslint/typescript-estree/-/typescript-estree-6.21.0.tgz 7627ms (cache miss)
3649 http fetch GET 200 https://registry.npmjs.org/@typescript-eslint/parser/-/parser-6.21.0.tgz 7625ms (cache miss)
3650 http fetch GET 200 https://registry.npmjs.org/@nodelib/fs.scandir/-/fs.scandir-2.1.5.tgz 7670ms (cache miss)
3651 http fetch GET 200 https://registry.npmjs.org/es-abstract/-/es-abstract-1.24.1.tgz 7894ms (cache miss)
3652 http fetch GET 200 https://registry.npmjs.org/fastq/-/fastq-1.20.1.tgz 7847ms (cache miss)
3653 http fetch GET 200 https://registry.npmjs.org/strip-ansi/-/strip-ansi-6.0.1.tgz 7853ms (cache miss)
3654 http fetch GET 200 https://registry.npmjs.org/@nodelib/fs.stat/-/fs.stat-2.0.5.tgz 7906ms (cache miss)
3655 http fetch GET 200 https://registry.npmjs.org/optionator/-/optionator-0.9.4.tgz 7994ms (cache miss)
3656 http fetch GET 200 https://registry.npmjs.org/@typescript-eslint/types/-/types-6.21.0.tgz 8095ms (cache miss)
3657 http fetch GET 200 https://registry.npmjs.org/text-table/-/text-table-0.2.0.tgz 8093ms (cache miss)
3658 http fetch GET 200 https://registry.npmjs.org/natural-compare/-/natural-compare-1.4.0.tgz 8099ms (cache miss)
3659 http fetch GET 200 https://registry.npmjs.org/eslint-import-resolver-typescript/-/eslint-import-resolver-typescript-3.10.1.tgz 8143ms (cache miss)
3660 http fetch GET 200 https://registry.npmjs.org/import-fresh/-/import-fresh-3.3.1.tgz 8127ms (cache miss)
3661 http fetch GET 200 https://registry.npmjs.org/@humanwhocodes/object-schema/-/object-schema-2.0.3.tgz 8129ms (cache miss)
3662 warn deprecated @humanwhocodes/object-schema@2.0.3: Use @eslint/object-schema instead
3663 http fetch GET 200 https://registry.npmjs.org/minimatch/-/minimatch-3.1.2.tgz 8148ms (cache miss)
3664 http fetch GET 200 https://registry.npmjs.org/js-yaml/-/js-yaml-4.1.1.tgz 8214ms (cache miss)
3665 http fetch GET 200 https://registry.npmjs.org/lodash.merge/-/lodash.merge-4.6.2.tgz 8216ms (cache miss)
3666 http fetch GET 200 https://registry.npmjs.org/ignore/-/ignore-5.3.2.tgz 8298ms (cache miss)
3667 http fetch GET 200 https://registry.npmjs.org/is-glob/-/is-glob-4.0.3.tgz 8299ms (cache miss)
3668 http fetch GET 200 https://registry.npmjs.org/is-path-inside/-/is-path-inside-3.0.3.tgz 8336ms (cache miss)
3669 http fetch GET 200 https://registry.npmjs.org/levn/-/levn-0.4.1.tgz 8383ms (cache miss)
3670 http fetch GET 200 https://registry.npmjs.org/imurmurhash/-/imurmurhash-0.1.4.tgz 8510ms (cache miss)
3671 http fetch GET 200 https://registry.npmjs.org/graphemer/-/graphemer-1.4.0.tgz 8514ms (cache miss)
3672 http fetch GET 200 https://registry.npmjs.org/globals/-/globals-13.24.0.tgz 8543ms (cache miss)
3673 http fetch GET 200 https://registry.npmjs.org/find-up/-/find-up-5.0.0.tgz 8588ms (cache miss)
3674 http fetch GET 200 https://registry.npmjs.org/glob-parent/-/glob-parent-6.0.2.tgz 8644ms (cache miss)
3675 http fetch GET 200 https://registry.npmjs.org/json-stable-stringify-without-jsonify/-/json-stable-stringify-without-jsonify-1.0.1.tgz 8655ms (cache miss)
3676 http fetch GET 200 https://registry.npmjs.org/fast-deep-equal/-/fast-deep-equal-3.1.3.tgz 8847ms (cache miss)
3677 http fetch GET 200 https://registry.npmjs.org/file-entry-cache/-/file-entry-cache-6.0.1.tgz 8918ms (cache miss)
3678 http fetch GET 200 https://registry.npmjs.org/esutils/-/esutils-2.0.3.tgz 8919ms (cache miss)
3679 http fetch GET 200 https://registry.npmjs.org/esquery/-/esquery-1.7.0.tgz 8975ms (cache miss)
3680 http fetch GET 200 https://registry.npmjs.org/eslint-visitor-keys/-/eslint-visitor-keys-3.4.3.tgz 8992ms (cache miss)
3681 http fetch GET 200 https://registry.npmjs.org/espree/-/espree-9.6.1.tgz 8997ms (cache miss)
3682 http fetch GET 200 https://registry.npmjs.org/eslint-scope/-/eslint-scope-7.2.2.tgz 9014ms (cache miss)
3683 http fetch GET 200 https://registry.npmjs.org/eslint-plugin-import/-/eslint-plugin-import-2.32.0.tgz 9085ms (cache miss)
3684 http fetch GET 200 https://registry.npmjs.org/escape-string-regexp/-/escape-string-regexp-4.0.0.tgz 9139ms (cache miss)
3685 http fetch GET 200 https://registry.npmjs.org/debug/-/debug-4.4.3.tgz 9230ms (cache miss)
3686 http fetch GET 200 https://registry.npmjs.org/doctrine/-/doctrine-3.0.0.tgz 9238ms (cache miss)
3687 http fetch GET 200 https://registry.npmjs.org/ajv/-/ajv-6.12.6.tgz 9406ms (cache miss)
3688 http fetch GET 200 https://registry.npmjs.org/chalk/-/chalk-4.1.2.tgz 9412ms (cache miss)
3689 http fetch GET 200 https://registry.npmjs.org/@ungap/structured-clone/-/structured-clone-1.3.0.tgz 9605ms (cache miss)
3690 http fetch GET 200 https://registry.npmjs.org/@nodelib/fs.walk/-/fs.walk-1.2.8.tgz 9608ms (cache miss)
3691 http fetch GET 200 https://registry.npmjs.org/@humanwhocodes/module-importer/-/module-importer-1.0.1.tgz 9630ms (cache miss)
3692 http fetch GET 200 https://registry.npmjs.org/@eslint-community/regexpp/-/regexpp-4.12.2.tgz 9708ms (cache miss)
3693 http fetch GET 200 https://registry.npmjs.org/@eslint-community/eslint-utils/-/eslint-utils-4.9.1.tgz 9933ms (cache miss)
3694 http fetch GET 200 https://registry.npmjs.org/@eslint/js/-/js-8.57.1.tgz 9999ms (cache miss)
3695 http fetch GET 200 https://registry.npmjs.org/shebang-command/-/shebang-command-2.0.0.tgz 9995ms (cache miss)
3696 http fetch GET 200 https://registry.npmjs.org/which/-/which-2.0.2.tgz 10001ms (cache miss)
3697 http fetch GET 200 https://registry.npmjs.org/path-key/-/path-key-3.1.1.tgz 10019ms (cache miss)
3698 http fetch GET 200 https://registry.npmjs.org/@typescript-eslint/scope-manager/-/scope-manager-6.21.0.tgz 10112ms (cache miss)
3699 http fetch GET 200 https://registry.npmjs.org/cross-spawn/-/cross-spawn-7.0.6.tgz 10258ms (cache miss)
3700 http fetch GET 200 https://registry.npmjs.org/update-browserslist-db/-/update-browserslist-db-1.2.3.tgz 10303ms (cache miss)
3701 http fetch GET 200 https://registry.npmjs.org/ieee754/-/ieee754-1.2.1.tgz 10305ms (cache miss)
3702 http fetch GET 200 https://registry.npmjs.org/uri-js/-/uri-js-4.4.1.tgz 10385ms (cache miss)
3703 http fetch GET 200 https://registry.npmjs.org/electron-to-chromium/-/electron-to-chromium-1.5.286.tgz 10356ms (cache miss)
3704 http fetch GET 200 https://registry.npmjs.org/webgl-constants/-/webgl-constants-1.1.1.tgz 10389ms (cache miss)
3705 http fetch GET 200 https://registry.npmjs.org/postcss-value-parser/-/postcss-value-parser-4.2.0.tgz 10378ms (cache miss)
3706 http fetch GET 200 https://registry.npmjs.org/@humanwhocodes/config-array/-/config-array-0.13.0.tgz 10455ms (cache miss)
3707 warn deprecated @humanwhocodes/config-array@0.13.0: Use @eslint/config-array instead
3708 http fetch GET 200 https://registry.npmjs.org/node-releases/-/node-releases-2.0.27.tgz 10440ms (cache miss)
3709 http fetch GET 200 https://registry.npmjs.org/@eslint/eslintrc/-/eslintrc-2.1.4.tgz 10524ms (cache miss)
3710 http fetch GET 200 https://registry.npmjs.org/picocolors/-/picocolors-1.1.1.tgz 10667ms (cache miss)
3711 http fetch GET 200 https://registry.npmjs.org/baseline-browser-mapping/-/baseline-browser-mapping-2.9.19.tgz 10675ms (cache miss)
3712 http fetch GET 200 https://registry.npmjs.org/browserslist/-/browserslist-4.28.1.tgz 10822ms (cache miss)
3713 http fetch GET 200 https://registry.npmjs.org/caniuse-lite/-/caniuse-lite-1.0.30001769.tgz 10830ms (cache miss)
3714 http fetch GET 200 https://registry.npmjs.org/meshoptimizer/-/meshoptimizer-0.18.1.tgz 10841ms (cache miss)
3715 http fetch GET 200 https://registry.npmjs.org/@types/stats.js/-/stats.js-0.17.4.tgz 10893ms (cache miss)
3716 http fetch GET 200 https://registry.npmjs.org/csstype/-/csstype-3.2.3.tgz 10893ms (cache miss)
3717 http fetch GET 200 https://registry.npmjs.org/@types/prop-types/-/prop-types-15.7.15.tgz 10903ms (cache miss)
3718 http fetch GET 200 https://registry.npmjs.org/scheduler/-/scheduler-0.21.0.tgz 10944ms (cache miss)
3719 http fetch GET 200 https://registry.npmjs.org/undici-types/-/undici-types-6.21.0.tgz 10965ms (cache miss)
3720 http fetch GET 200 https://registry.npmjs.org/react-use-measure/-/react-use-measure-2.1.7.tgz 10972ms (cache miss)
3721 http fetch GET 200 https://registry.npmjs.org/react-reconciler/-/react-reconciler-0.27.0.tgz 11091ms (cache miss)
3722 http fetch GET 200 https://registry.npmjs.org/its-fine/-/its-fine-1.2.5.tgz 11150ms (cache miss)
3723 http fetch GET 200 https://registry.npmjs.org/base64-js/-/base64-js-1.5.1.tgz 11149ms (cache miss)
3724 http fetch GET 200 https://registry.npmjs.org/@types/react-reconciler/-/react-reconciler-0.26.7.tgz 11224ms (cache miss)
3725 http fetch GET 200 https://registry.npmjs.org/fraction.js/-/fraction.js-5.3.4.tgz 11264ms (cache miss)
3726 http fetch GET 200 https://registry.npmjs.org/ms/-/ms-2.1.3.tgz 11387ms (cache miss)
3727 http fetch GET 200 https://registry.npmjs.org/@next/eslint-plugin-next/-/eslint-plugin-next-14.0.4.tgz 11385ms (cache miss)
3728 http fetch GET 200 https://registry.npmjs.org/color-name/-/color-name-1.1.4.tgz 11385ms (cache miss)
3729 http fetch GET 200 https://registry.npmjs.org/@rushstack/eslint-patch/-/eslint-patch-1.15.0.tgz 11400ms (cache miss)
3730 http fetch GET 200 https://registry.npmjs.org/@types/webxr/-/webxr-0.5.24.tgz 11401ms (cache miss)
3731 http fetch GET 200 https://registry.npmjs.org/@react-spring/types/-/types-9.7.5.tgz 11451ms (cache miss)
3732 http fetch GET 200 https://registry.npmjs.org/buffer/-/buffer-6.0.3.tgz 11464ms (cache miss)
3733 http fetch GET 200 https://registry.npmjs.org/@use-gesture/core/-/core-10.3.1.tgz 11501ms (cache miss)
3734 http fetch GET 200 https://registry.npmjs.org/@react-spring/rafz/-/rafz-9.7.5.tgz 11672ms (cache miss)
3735 http fetch GET 200 https://registry.npmjs.org/suspend-react/-/suspend-react-0.1.3.tgz 11671ms (cache miss)
3736 http fetch GET 200 https://registry.npmjs.org/stats.js/-/stats.js-0.17.0.tgz 11708ms (cache miss)
3737 http fetch GET 200 https://registry.npmjs.org/promise-worker-transferable/-/promise-worker-transferable-1.0.4.tgz 11723ms (cache miss)
3738 http fetch GET 200 https://registry.npmjs.org/three-mesh-bvh/-/three-mesh-bvh-0.7.8.tgz 11753ms (cache miss)
3739 warn deprecated three-mesh-bvh@0.7.8: Deprecated due to three.js version incompatibility. Please use v0.8.0, instead.
3740 http fetch GET 200 https://registry.npmjs.org/stats-gl/-/stats-gl-2.4.2.tgz 11802ms (cache miss)
3741 http fetch GET 200 https://registry.npmjs.org/react-composer/-/react-composer-5.0.3.tgz 11821ms (cache miss)
3742 http fetch GET 200 https://registry.npmjs.org/meshline/-/meshline-3.3.1.tgz 11988ms (cache miss)
3743 http fetch GET 200 https://registry.npmjs.org/detect-gpu/-/detect-gpu-5.0.70.tgz 12030ms (cache miss)
3744 http fetch GET 200 https://registry.npmjs.org/glsl-noise/-/glsl-noise-0.0.0.tgz 12126ms (cache miss)
3745 http fetch GET 200 https://registry.npmjs.org/@react-spring/shared/-/shared-9.7.5.tgz 12246ms (cache miss)
3746 http fetch GET 200 https://registry.npmjs.org/camera-controls/-/camera-controls-2.10.1.tgz 12292ms (cache miss)
3747 http fetch GET 200 https://registry.npmjs.org/utility-types/-/utility-types-3.11.0.tgz 12328ms (cache miss)
3748 http fetch GET 200 https://registry.npmjs.org/zustand/-/zustand-5.0.11.tgz 12335ms (cache miss)
3749 http fetch GET 200 https://registry.npmjs.org/@react-spring/animated/-/animated-9.7.5.tgz 12368ms (cache miss)
3750 http fetch GET 200 https://registry.npmjs.org/cross-env/-/cross-env-7.0.3.tgz 12443ms (cache miss)
3751 http fetch GET 200 https://registry.npmjs.org/@babel/runtime/-/runtime-7.28.6.tgz 12818ms (cache miss)
3752 http fetch GET 200 https://registry.npmjs.org/@react-spring/core/-/core-9.7.5.tgz 12900ms (cache miss)
3753 http fetch GET 200 https://registry.npmjs.org/maath/-/maath-0.10.8.tgz 13210ms (cache miss)
3754 http fetch GET 200 https://registry.npmjs.org/@use-gesture/react/-/react-10.3.1.tgz 13547ms (cache miss)
3755 http fetch GET 200 https://registry.npmjs.org/@react-spring/three/-/three-9.7.5.tgz 14099ms (cache miss)
3756 http fetch GET 200 https://registry.npmjs.org/three-stdlib/-/three-stdlib-2.36.1.tgz 14262ms (cache miss)
3757 http fetch GET 200 https://registry.npmjs.org/tailwindcss/-/tailwindcss-3.4.19.tgz 14346ms (cache miss)
3758 http fetch GET 200 https://registry.npmjs.org/fflate/-/fflate-0.6.10.tgz 14453ms (cache miss)
3759 http fetch GET 200 https://registry.npmjs.org/react-fast-marquee/-/react-fast-marquee-1.6.5.tgz 14563ms (cache miss)
3760 http fetch GET 200 https://registry.npmjs.org/tailwind-merge/-/tailwind-merge-2.6.1.tgz 14582ms (cache miss)
3761 http fetch GET 200 https://registry.npmjs.org/@monogrid/gainmap-js/-/gainmap-js-3.4.0.tgz 14623ms (cache miss)
3762 http fetch GET 200 https://registry.npmjs.org/react/-/react-18.3.1.tgz 14669ms (cache miss)
3763 http fetch GET 200 https://registry.npmjs.org/tunnel-rat/-/tunnel-rat-0.1.2.tgz 15081ms (cache miss)
3764 http fetch GET 200 https://registry.npmjs.org/tsparticles/-/tsparticles-2.12.0.tgz 15044ms (cache miss)
3765 warn deprecated tsparticles@2.12.0: 3.9.1 is out
3766 http fetch GET 200 https://registry.npmjs.org/react-particles/-/react-particles-2.12.2.tgz 15583ms (cache miss)
3767 warn deprecated react-particles@2.12.2: @tsparticles/react is the new version, please use that
3768 http fetch GET 200 https://registry.npmjs.org/eslint-config-next/-/eslint-config-next-14.0.4.tgz 15557ms (cache miss)
3769 http fetch GET 200 https://registry.npmjs.org/react-dom/-/react-dom-18.3.1.tgz 15895ms (cache miss)
3770 http fetch GET 200 https://registry.npmjs.org/framer-motion/-/framer-motion-10.18.0.tgz 15882ms (cache miss)
3771 http fetch GET 200 https://registry.npmjs.org/@types/react-dom/-/react-dom-18.3.7.tgz 16156ms (cache miss)
3772 http fetch GET 200 https://registry.npmjs.org/postcss/-/postcss-8.5.6.tgz 16424ms (cache miss)
3773 http fetch GET 200 https://registry.npmjs.org/@types/react/-/react-18.3.28.tgz 16500ms (cache miss)
3774 http fetch GET 200 https://registry.npmjs.org/autoprefixer/-/autoprefixer-10.4.24.tgz 16693ms (cache miss)
3775 http fetch GET 200 https://registry.npmjs.org/glob-parent/-/glob-parent-5.1.2.tgz 16945ms (cache miss)
3776 http fetch GET 200 https://registry.npmjs.org/@types/node/-/node-20.19.33.tgz 17259ms (cache miss)
3777 http fetch GET 200 https://registry.npmjs.org/glob-parent/-/glob-parent-5.1.2.tgz 17324ms (cache miss)
3778 http fetch GET 200 https://registry.npmjs.org/eslint/-/eslint-8.57.1.tgz 17355ms (cache miss)
3779 warn deprecated eslint@8.57.1: This version is no longer supported. Please see https://eslint.org/version-support for other options.
3780 http fetch GET 200 https://registry.npmjs.org/debug/-/debug-3.2.7.tgz 17638ms (cache miss)
3781 http fetch GET 200 https://registry.npmjs.org/brace-expansion/-/brace-expansion-2.0.2.tgz 17646ms (cache miss)
3782 http fetch GET 200 https://registry.npmjs.org/@react-three/drei/-/drei-9.122.0.tgz 17864ms (cache miss)
3783 http fetch GET 200 https://registry.npmjs.org/picomatch/-/picomatch-4.0.3.tgz 17917ms (cache miss)
3784 http fetch GET 200 https://registry.npmjs.org/resolve/-/resolve-2.0.0-next.5.tgz 17970ms (cache miss)
3785 http fetch GET 200 https://registry.npmjs.org/semver/-/semver-6.3.1.tgz 18090ms (cache miss)
3786 http fetch GET 200 https://registry.npmjs.org/minimatch/-/minimatch-9.0.3.tgz 18096ms (cache miss)
3787 http fetch GET 200 https://registry.npmjs.org/doctrine/-/doctrine-2.1.0.tgz 18186ms (cache miss)
3788 http fetch GET 200 https://registry.npmjs.org/debug/-/debug-3.2.7.tgz 18236ms (cache miss)
3789 http fetch GET 200 https://registry.npmjs.org/semver/-/semver-6.3.1.tgz 18239ms (cache miss)
3790 http fetch GET 200 https://registry.npmjs.org/debug/-/debug-3.2.7.tgz 18324ms (cache miss)
3791 http fetch GET 200 https://registry.npmjs.org/doctrine/-/doctrine-2.1.0.tgz 18369ms (cache miss)
3792 http fetch GET 200 https://registry.npmjs.org/zustand/-/zustand-4.5.7.tgz 18438ms (cache miss)
3793 http fetch GET 200 https://registry.npmjs.org/@react-three/fiber/-/fiber-8.18.0.tgz 18697ms (cache miss)
3794 http fetch GET 200 https://registry.npmjs.org/postcss/-/postcss-8.4.31.tgz 18798ms (cache miss)
3795 http fetch GET 200 https://registry.npmjs.org/scheduler/-/scheduler-0.23.2.tgz 18960ms (cache miss)
3796 http fetch GET 200 https://registry.npmjs.org/@types/react-reconciler/-/react-reconciler-0.28.9.tgz 19026ms (cache miss)
3797 http fetch GET 200 https://registry.npmjs.org/zustand/-/zustand-3.7.2.tgz 19651ms (cache miss)
3798 http fetch GET 200 https://registry.npmjs.org/next 23523ms (cache miss)
3799 silly packumentCache corgi:https://registry.npmjs.org/next set size:undefined disposed:false
3800 http fetch GET 200 https://registry.npmjs.org/clsx/-/clsx-2.1.1.tgz 27196ms (cache miss)
3801 http fetch GET 200 https://registry.npmjs.org/troika-three-text/-/troika-three-text-0.52.4.tgz 27314ms (cache miss)
3802 http fetch GET 200 https://registry.npmjs.org/lucide-react/-/lucide-react-0.294.0.tgz 28228ms (cache miss)
3803 http fetch GET 200 https://registry.npmjs.org/@mediapipe/tasks-vision/-/tasks-vision-0.10.17.tgz 36043ms (cache miss)
3804 http fetch GET 200 https://registry.npmjs.org/three/-/three-0.159.0.tgz 38503ms (cache miss)
3805 http fetch GET 200 https://registry.npmjs.org/three/-/three-0.170.0.tgz 39266ms (cache miss)
3806 http fetch GET 200 https://registry.npmjs.org/@next/swc-linux-x64-gnu/-/swc-linux-x64-gnu-14.0.4.tgz 40505ms (cache miss)
3807 http fetch GET 200 https://registry.npmjs.org/@types/three/-/three-0.159.0.tgz 40978ms (cache miss)
3808 http fetch GET 200 https://registry.npmjs.org/hls.js/-/hls.js-1.6.15.tgz 42276ms (cache miss)
3809 http fetch GET 200 https://registry.npmjs.org/next/-/next-14.0.4.tgz 50580ms (cache miss)
3810 warn deprecated next@14.0.4: This version has a security vulnerability. Please upgrade to a patched version. See https://nextjs.org/blog/security-update-2025-12-11 for more details.
3811 http fetch GET 200 https://registry.npmjs.org/typescript/-/typescript-5.9.3.tgz 67273ms (cache miss)
3812 info run react-particles@2.12.2 install node_modules/react-particles node ./scripts/install.js
3813 info run tsparticles-engine@2.12.0 install node_modules/tsparticles-engine node ./scripts/install.js
3814 info run react-particles@2.12.2 install { code: 0, signal: null }
3815 info run tsparticles-engine@2.12.0 install { code: 0, signal: null }
3816 info run unrs-resolver@1.11.1 postinstall node_modules/unrs-resolver napi-postinstall unrs-resolver 1.11.1 check
3817 info run unrs-resolver@1.11.1 postinstall { code: 0, signal: null }
3818 silly ADD node_modules/use-sync-external-store
3819 silly ADD node_modules/is-weakset
3820 silly ADD node_modules/is-weakmap
3821 silly ADD node_modules/is-map
3822 silly ADD node_modules/generator-function
3823 silly ADD node_modules/async-function
3824 silly ADD node_modules/which-collection
3825 silly ADD node_modules/is-generator-function
3826 silly ADD node_modules/is-finalizationregistry
3827 silly ADD node_modules/is-async-function
3828 silly ADD node_modules/is-number-object
3829 silly ADD node_modules/is-boolean-object
3830 silly ADD node_modules/is-bigint
3831 silly ADD node_modules/isexe
3832 silly ADD node_modules/glob-to-regexp
3833 silly ADD node_modules/punycode
3834 silly ADD node_modules/escalade
3835 silly ADD
3836 silly ADD
3837 silly ADD
3838 silly ADD
3839 silly ADD
3840 silly ADD node_modules/napi-postinstall
3841 silly ADD
3842 silly ADD
3843 silly ADD
3844 silly ADD
3845 silly ADD
3846 silly ADD node_modules/@unrs/resolver-binding-linux-x64-gnu
3847 silly ADD
3848 silly ADD
3849 silly ADD
3850 silly ADD
3851 silly ADD
3852 silly ADD
3853 silly ADD
3854 silly ADD
3855 silly ADD
3856 silly ADD
3857 silly ADD
3858 silly ADD
3859 silly ADD
3860 silly ADD node_modules/which-boxed-primitive
3861 silly ADD node_modules/has-bigints
3862 silly ADD node_modules/which-builtin-type
3863 silly ADD node_modules/reflect.getprototypeof
3864 silly ADD node_modules/for-each
3865 silly ADD node_modules/tsparticles-updater-stroke-color
3866 silly ADD node_modules/tsparticles-updater-size
3867 silly ADD node_modules/tsparticles-updater-rotate
3868 silly ADD node_modules/tsparticles-updater-out-modes
3869 silly ADD node_modules/tsparticles-updater-opacity
3870 silly ADD node_modules/tsparticles-updater-life
3871 silly ADD node_modules/tsparticles-updater-color
3872 silly ADD node_modules/tsparticles-shape-text
3873 silly ADD node_modules/tsparticles-shape-star
3874 silly ADD node_modules/tsparticles-shape-square
3875 silly ADD node_modules/tsparticles-shape-polygon
3876 silly ADD node_modules/tsparticles-shape-line
3877 silly ADD node_modules/tsparticles-shape-image
3878 silly ADD node_modules/tsparticles-shape-circle
3879 silly ADD node_modules/tsparticles-plugin-easing-quad
3880 silly ADD node_modules/tsparticles-particles.js
3881 silly ADD node_modules/tsparticles-move-parallax
3882 silly ADD node_modules/tsparticles-move-base
3883 silly ADD node_modules/tsparticles-interaction-particles-links
3884 silly ADD node_modules/tsparticles-interaction-particles-collisions
3885 silly ADD node_modules/tsparticles-interaction-particles-attract
3886 silly ADD node_modules/tsparticles-interaction-external-slow
3887 silly ADD node_modules/tsparticles-interaction-external-repulse
3888 silly ADD node_modules/tsparticles-interaction-external-remove
3889 silly ADD node_modules/tsparticles-interaction-external-push
3890 silly ADD node_modules/tsparticles-interaction-external-pause
3891 silly ADD node_modules/tsparticles-interaction-external-grab
3892 silly ADD node_modules/tsparticles-interaction-external-connect
3893 silly ADD node_modules/tsparticles-interaction-external-bubble
3894 silly ADD node_modules/tsparticles-interaction-external-bounce
3895 silly ADD node_modules/tsparticles-interaction-external-attract
3896 silly ADD node_modules/tsparticles-basic
3897 silly ADD node_modules/tsparticles-updater-wobble
3898 silly ADD node_modules/tsparticles-updater-twinkle
3899 silly ADD node_modules/tsparticles-updater-tilt
3900 silly ADD node_modules/tsparticles-updater-roll
3901 silly ADD node_modules/tsparticles-updater-destroy
3902 silly ADD node_modules/tsparticles-slim
3903 silly ADD node_modules/tsparticles-plugin-emitters
3904 silly ADD node_modules/tsparticles-plugin-absorbers
3905 silly ADD node_modules/tsparticles-interaction-external-trail
3906 silly ADD node_modules/strip-bom
3907 silly ADD node_modules/minimist
3908 silly ADD node_modules/json5
3909 silly ADD node_modules/@types/json5
3910 silly ADD node_modules/require-from-string
3911 silly ADD node_modules/webgl-sdf-generator
3912 silly ADD node_modules/troika-worker-utils
3913 silly ADD node_modules/troika-three-utils
3914 silly ADD node_modules/bidi-js
3915 silly ADD node_modules/is-number
3916 silly ADD node_modules/fdir
3917 silly ADD node_modules/potpack
3918 silly ADD node_modules/draco3d
3919 silly ADD node_modules/@types/offscreencanvas
3920 silly ADD node_modules/@types/draco3d
3921 silly ADD node_modules/thenify
3922 silly ADD node_modules/thenify-all
3923 silly ADD node_modules/any-promise
3924 silly ADD node_modules/@jridgewell/resolve-uri
3925 silly ADD node_modules/@jridgewell/trace-mapping
3926 silly ADD node_modules/@jridgewell/sourcemap-codec
3927 silly ADD node_modules/ts-interface-checker
3928 silly ADD node_modules/pirates
3929 silly ADD node_modules/mz
3930 silly ADD node_modules/lines-and-columns
3931 silly ADD node_modules/commander
3932 silly ADD node_modules/@jridgewell/gen-mapping
3933 silly ADD node_modules/pify
3934 silly ADD node_modules/util-deprecate
3935 silly ADD node_modules/cssesc
3936 silly ADD node_modules/camelcase-css
3937 silly ADD node_modules/read-cache
3938 silly ADD node_modules/binary-extensions
3939 silly ADD node_modules/readdirp
3940 silly ADD node_modules/is-binary-path
3941 silly ADD
3942 silly ADD node_modules/anymatch
3943 silly ADD node_modules/sucrase
3944 silly ADD node_modules/postcss-selector-parser
3945 silly ADD node_modules/postcss-nested
3946 silly ADD node_modules/postcss-load-config
3947 silly ADD node_modules/postcss-js
3948 silly ADD node_modules/postcss-import
3949 silly ADD node_modules/object-hash
3950 silly ADD node_modules/normalize-path
3951 silly ADD node_modules/lilconfig
3952 silly ADD node_modules/jiti
3953 silly ADD node_modules/dlv
3954 silly ADD node_modules/didyoumean
3955 silly ADD node_modules/chokidar
3956 silly ADD node_modules/chokidar/node_modules/glob-parent
3957 silly ADD node_modules/arg
3958 silly ADD node_modules/@alloc/quick-lru
3959 silly ADD node_modules/has-flag
3960 silly ADD node_modules/client-only
3961 silly ADD node_modules/ansi-regex
3962 silly ADD node_modules/side-channel-weakmap
3963 silly ADD node_modules/side-channel-map
3964 silly ADD node_modules/side-channel-list
3965 silly ADD node_modules/shebang-regex
3966 silly ADD node_modules/isarray
3967 silly ADD node_modules/queue-microtask
3968 silly ADD node_modules/supports-preserve-symlinks-flag
3969 silly ADD node_modules/path-parse
3970 silly ADD node_modules/tsparticles-engine
3971 silly ADD node_modules/js-tokens
3972 silly ADD node_modules/react-is
3973 silly ADD node_modules/object-assign
3974 silly ADD node_modules/loose-envify
3975 silly ADD node_modules/immediate
3976 silly ADD node_modules/lie
3977 silly ADD node_modules/is-promise
3978 silly ADD node_modules/source-map-js
3979 silly ADD node_modules/nanoid
3980 silly ADD node_modules/callsites
3981 silly ADD node_modules/yocto-queue
3982 silly ADD node_modules/p-limit
3983 silly ADD node_modules/word-wrap
3984 silly ADD node_modules/fast-levenshtein
3985 silly ADD node_modules/deep-is
3986 silly ADD node_modules/streamsearch
3987 silly ADD node_modules/watchpack
3988 silly ADD node_modules/styled-jsx
3989 silly ADD node_modules/graceful-fs
3990 silly ADD node_modules/busboy
3991 silly ADD node_modules/@swc/helpers
3992 silly ADD
3993 silly ADD
3994 silly ADD
3995 silly ADD
3996 silly ADD node_modules/@next/swc-linux-x64-gnu
3997 silly ADD
3998 silly ADD
3999 silly ADD
4000 silly ADD
4001 silly ADD node_modules/@next/env
4002 silly ADD node_modules/concat-map
4003 silly ADD node_modules/balanced-match
4004 silly ADD node_modules/brace-expansion
4005 silly ADD node_modules/to-regex-range
4006 silly ADD node_modules/fill-range
4007 silly ADD node_modules/picomatch
4008 silly ADD node_modules/braces
4009 silly ADD node_modules/p-locate
4010 silly ADD node_modules/type-check
4011 silly ADD node_modules/prelude-ls
4012 silly ADD node_modules/language-subtag-registry
4013 silly ADD node_modules/json-buffer
4014 silly ADD node_modules/argparse
4015 silly ADD node_modules/set-function-name
4016 silly ADD node_modules/is-extglob
4017 silly ADD node_modules/side-channel
4018 silly ADD node_modules/wrappy
4019 silly ADD node_modules/resolve-from
4020 silly ADD node_modules/parent-module
4021 silly ADD node_modules/micromatch
4022 silly ADD node_modules/path-type
4023 silly ADD node_modules/slash
4024 silly ADD node_modules/merge2
4025 silly ADD node_modules/fast-glob
4026 silly ADD node_modules/fast-glob/node_modules/glob-parent
4027 silly ADD node_modules/dir-glob
4028 silly ADD node_modules/array-union
4029 silly ADD node_modules/type-fest
4030 silly ADD node_modules/path-is-absolute
4031 silly ADD node_modules/once
4032 silly ADD node_modules/inherits
4033 silly ADD node_modules/inflight
4034 silly ADD node_modules/fs.realpath
4035 silly ADD node_modules/resolve-pkg-maps
4036 silly ADD node_modules/dunder-proto
4037 silly ADD node_modules/functions-have-names
4038 silly ADD node_modules/@emotion/memoize
4039 silly ADD node_modules/tslib
4040 silly ADD node_modules/@emotion/is-prop-valid
4041 silly ADD node_modules/rimraf
4042 silly ADD node_modules/keyv
4043 silly ADD node_modules/flatted
4044 silly ADD node_modules/path-exists
4045 silly ADD node_modules/locate-path
4046 silly ADD node_modules/flat-cache
4047 silly ADD node_modules/reusify
4048 silly ADD node_modules/acorn-jsx
4049 silly ADD node_modules/acorn
4050 silly ADD node_modules/esrecurse
4051 silly ADD node_modules/iterator.prototype
4052 silly ADD node_modules/string.prototype.repeat
4053 silly ADD node_modules/string.prototype.matchall
4054 silly ADD node_modules/prop-types
4055 silly ADD node_modules/object.entries
4056 silly ADD node_modules/estraverse
4057 silly ADD node_modules/es-iterator-helpers
4058 silly ADD node_modules/array.prototype.tosorted
4059 silly ADD node_modules/array.prototype.findlast
4060 silly ADD node_modules/string.prototype.includes
4061 silly ADD node_modules/language-tags
4062 silly ADD node_modules/jsx-ast-utils
4063 silly ADD node_modules/emoji-regex
4064 silly ADD node_modules/damerau-levenshtein
4065 silly ADD node_modules/axobject-query
4066 silly ADD node_modules/axe-core
4067 silly ADD node_modules/ast-types-flow
4068 silly ADD node_modules/aria-query
4069 silly ADD node_modules/is-symbol
4070 silly ADD node_modules/is-date-object
4071 silly ADD node_modules/has-tostringtag
4072 silly ADD node_modules/possible-typed-array-names
4073 silly ADD node_modules/which-typed-array
4074 silly ADD node_modules/unbox-primitive
4075 silly ADD node_modules/typed-array-length
4076 silly ADD node_modules/typed-array-byte-offset
4077 silly ADD node_modules/typed-array-byte-length
4078 silly ADD node_modules/typed-array-buffer
4079 silly ADD node_modules/string.prototype.trimstart
4080 silly ADD node_modules/string.prototype.trim
4081 silly ADD node_modules/stop-iteration-iterator
4082 silly ADD node_modules/set-proto
4083 silly ADD node_modules/safe-regex-test
4084 silly ADD node_modules/safe-push-apply
4085 silly ADD node_modules/safe-array-concat
4086 silly ADD node_modules/regexp.prototype.flags
4087 silly ADD node_modules/own-keys
4088 silly ADD node_modules/object.assign
4089 silly ADD node_modules/object-inspect
4090 silly ADD node_modules/is-weakref
4091 silly ADD node_modules/is-typed-array
4092 silly ADD node_modules/is-shared-array-buffer
4093 silly ADD node_modules/is-set
4094 silly ADD node_modules/is-regex
4095 silly ADD node_modules/is-negative-zero
4096 silly ADD node_modules/is-data-view
4097 silly ADD node_modules/is-callable
4098 silly ADD node_modules/is-array-buffer
4099 silly ADD node_modules/internal-slot
4100 silly ADD node_modules/has-symbols
4101 silly ADD node_modules/has-proto
4102 silly ADD node_modules/globalthis
4103 silly ADD node_modules/get-symbol-description
4104 silly ADD node_modules/get-proto
4105 silly ADD node_modules/function.prototype.name
4106 silly ADD node_modules/es-to-primitive
4107 silly ADD node_modules/es-set-tostringtag
4108 silly ADD node_modules/data-view-byte-offset
4109 silly ADD node_modules/data-view-byte-length
4110 silly ADD node_modules/data-view-buffer
4111 silly ADD node_modules/available-typed-arrays
4112 silly ADD node_modules/arraybuffer.prototype.slice
4113 silly ADD node_modules/array-buffer-byte-length
4114 silly ADD node_modules/gopd
4115 silly ADD node_modules/object-keys
4116 silly ADD node_modules/has-property-descriptors
4117 silly ADD node_modules/define-data-property
4118 silly ADD node_modules/function-bind
4119 silly ADD node_modules/set-function-length
4120 silly ADD node_modules/es-define-property
4121 silly ADD node_modules/call-bind-apply-helpers
4122 silly ADD node_modules/es-shim-unscopables
4123 silly ADD node_modules/es-errors
4124 silly ADD node_modules/math-intrinsics
4125 silly ADD node_modules/is-string
4126 silly ADD node_modules/get-intrinsic
4127 silly ADD node_modules/es-object-atoms
4128 silly ADD node_modules/es-abstract
4129 silly ADD node_modules/define-properties
4130 silly ADD node_modules/call-bound
4131 silly ADD node_modules/call-bind
4132 silly ADD node_modules/tsconfig-paths
4133 silly ADD node_modules/string.prototype.trimend
4134 silly ADD node_modules/object.values
4135 silly ADD node_modules/object.groupby
4136 silly ADD node_modules/object.fromentries
4137 silly ADD node_modules/hasown
4138 silly ADD node_modules/eslint-module-utils
4139 silly ADD node_modules/eslint-module-utils/node_modules/debug
4140 silly ADD node_modules/array.prototype.flatmap
4141 silly ADD node_modules/array.prototype.flat
4142 silly ADD node_modules/array.prototype.findlastindex
4143 silly ADD node_modules/array-includes
4144 silly ADD node_modules/@rtsao/scc
4145 silly ADD node_modules/unrs-resolver
4146 silly ADD node_modules/tinyglobby
4147 silly ADD node_modules/tinyglobby/node_modules/picomatch
4148 silly ADD node_modules/stable-hash
4149 silly ADD node_modules/is-bun-module
4150 silly ADD node_modules/get-tsconfig
4151 silly ADD node_modules/@nolyfill/is-core-module
4152 silly ADD node_modules/resolve
4153 silly ADD node_modules/is-core-module
4154 silly ADD node_modules/ts-api-utils
4155 silly ADD node_modules/semver
4156 silly ADD node_modules/globby
4157 silly ADD node_modules/@typescript-eslint/visitor-keys
4158 silly ADD node_modules/@typescript-eslint/typescript-estree
4159 silly ADD node_modules/@typescript-eslint/typescript-estree/node_modules/brace-expansion
4160 silly ADD node_modules/@typescript-eslint/typescript-estree/node_modules/minimatch
4161 silly ADD node_modules/@typescript-eslint/types
4162 silly ADD node_modules/@typescript-eslint/scope-manager
4163 silly ADD node_modules/glob
4164 silly ADD node_modules/eslint-plugin-react-hooks
4165 silly ADD node_modules/eslint-plugin-react
4166 silly ADD node_modules/eslint-plugin-react/node_modules/semver
4167 silly ADD node_modules/eslint-plugin-react/node_modules/resolve
4168 silly ADD node_modules/eslint-plugin-react/node_modules/doctrine
4169 silly ADD node_modules/eslint-plugin-jsx-a11y
4170 silly ADD node_modules/eslint-plugin-import
4171 silly ADD node_modules/eslint-plugin-import/node_modules/semver
4172 silly ADD node_modules/eslint-plugin-import/node_modules/doctrine
4173 silly ADD node_modules/eslint-plugin-import/node_modules/debug
4174 silly ADD node_modules/eslint-import-resolver-typescript
4175 silly ADD node_modules/eslint-import-resolver-node
4176 silly ADD node_modules/eslint-import-resolver-node/node_modules/debug
4177 silly ADD node_modules/@typescript-eslint/parser
4178 silly ADD node_modules/@rushstack/eslint-patch
4179 silly ADD node_modules/@next/eslint-plugin-next
4180 silly ADD node_modules/ms
4181 silly ADD node_modules/color-name
4182 silly ADD node_modules/color-convert
4183 silly ADD node_modules/supports-color
4184 silly ADD node_modules/ansi-styles
4185 silly ADD node_modules/uri-js
4186 silly ADD node_modules/json-schema-traverse
4187 silly ADD node_modules/fast-json-stable-stringify
4188 silly ADD node_modules/run-parallel
4189 silly ADD node_modules/@nodelib/fs.stat
4190 silly ADD node_modules/fastq
4191 silly ADD node_modules/@nodelib/fs.scandir
4192 silly ADD node_modules/@humanwhocodes/object-schema
4193 silly ADD node_modules/strip-json-comments
4194 silly ADD node_modules/import-fresh
4195 silly ADD node_modules/text-table
4196 silly ADD node_modules/strip-ansi
4197 silly ADD node_modules/optionator
4198 silly ADD node_modules/natural-compare
4199 silly ADD node_modules/minimatch
4200 silly ADD node_modules/lodash.merge
4201 silly ADD node_modules/levn
4202 silly ADD node_modules/json-stable-stringify-without-jsonify
4203 silly ADD node_modules/js-yaml
4204 silly ADD node_modules/is-path-inside
4205 silly ADD node_modules/is-glob
4206 silly ADD node_modules/imurmurhash
4207 silly ADD node_modules/ignore
4208 silly ADD node_modules/graphemer
4209 silly ADD node_modules/globals
4210 silly ADD node_modules/glob-parent
4211 silly ADD node_modules/find-up
4212 silly ADD node_modules/file-entry-cache
4213 silly ADD node_modules/fast-deep-equal
4214 silly ADD node_modules/esutils
4215 silly ADD node_modules/esquery
4216 silly ADD node_modules/espree
4217 silly ADD node_modules/eslint-visitor-keys
4218 silly ADD node_modules/eslint-scope
4219 silly ADD node_modules/escape-string-regexp
4220 silly ADD node_modules/doctrine
4221 silly ADD node_modules/debug
4222 silly ADD node_modules/chalk
4223 silly ADD node_modules/ajv
4224 silly ADD node_modules/@ungap/structured-clone
4225 silly ADD node_modules/@nodelib/fs.walk
4226 silly ADD node_modules/@humanwhocodes/module-importer
4227 silly ADD node_modules/@humanwhocodes/config-array
4228 silly ADD node_modules/@eslint/js
4229 silly ADD node_modules/@eslint/eslintrc
4230 silly ADD node_modules/@eslint-community/regexpp
4231 silly ADD node_modules/@eslint-community/eslint-utils
4232 silly ADD node_modules/webgl-constants
4233 silly ADD node_modules/which
4234 silly ADD node_modules/shebang-command
4235 silly ADD node_modules/path-key
4236 silly ADD node_modules/cross-spawn
4237 silly ADD node_modules/ieee754
4238 silly ADD node_modules/update-browserslist-db
4239 silly ADD node_modules/node-releases
4240 silly ADD node_modules/electron-to-chromium
4241 silly ADD node_modules/baseline-browser-mapping
4242 silly ADD node_modules/postcss-value-parser
4243 silly ADD node_modules/picocolors
4244 silly ADD node_modules/fraction.js
4245 silly ADD node_modules/caniuse-lite
4246 silly ADD node_modules/browserslist
4247 silly ADD node_modules/@use-gesture/core
4248 silly ADD node_modules/meshoptimizer
4249 silly ADD node_modules/fflate
4250 silly ADD node_modules/@types/stats.js
4251 silly ADD node_modules/csstype
4252 silly ADD node_modules/@types/prop-types
4253 silly ADD node_modules/undici-types
4254 silly ADD node_modules/scheduler
4255 silly ADD node_modules/react-use-measure
4256 silly ADD node_modules/react-reconciler
4257 silly ADD node_modules/its-fine
4258 silly ADD node_modules/its-fine/node_modules/@types/react-reconciler
4259 silly ADD node_modules/buffer
4260 silly ADD node_modules/base64-js
4261 silly ADD node_modules/@types/webxr
4262 silly ADD node_modules/@types/react-reconciler
4263 silly ADD node_modules/@react-spring/rafz
4264 silly ADD node_modules/@react-spring/types
4265 silly ADD node_modules/@react-spring/shared
4266 silly ADD node_modules/@react-spring/core
4267 silly ADD node_modules/@react-spring/animated
4268 silly ADD node_modules/promise-worker-transferable
4269 silly ADD node_modules/zustand
4270 silly ADD node_modules/utility-types
4271 silly ADD node_modules/tunnel-rat
4272 silly ADD node_modules/tunnel-rat/node_modules/zustand
4273 silly ADD node_modules/troika-three-text
4274 silly ADD node_modules/three-stdlib
4275 silly ADD node_modules/three-mesh-bvh
4276 silly ADD node_modules/suspend-react
4277 silly ADD node_modules/stats.js
4278 silly ADD node_modules/stats-gl
4279 silly ADD node_modules/stats-gl/node_modules/three
4280 silly ADD node_modules/react-composer
4281 silly ADD node_modules/meshline
4282 silly ADD node_modules/maath
4283 silly ADD node_modules/hls.js
4284 silly ADD node_modules/glsl-noise
4285 silly ADD node_modules/detect-gpu
4286 silly ADD node_modules/cross-env
4287 silly ADD node_modules/camera-controls
4288 silly ADD node_modules/@use-gesture/react
4289 silly ADD node_modules/@react-spring/three
4290 silly ADD node_modules/@monogrid/gainmap-js
4291 silly ADD node_modules/@mediapipe/tasks-vision
4292 silly ADD node_modules/@babel/runtime
4293 silly ADD node_modules/typescript
4294 silly ADD node_modules/tsparticles
4295 silly ADD node_modules/three
4296 silly ADD node_modules/tailwindcss
4297 silly ADD node_modules/tailwind-merge
4298 silly ADD node_modules/react-particles
4299 silly ADD node_modules/react-fast-marquee
4300 silly ADD node_modules/react-dom
4301 silly ADD node_modules/react-dom/node_modules/scheduler
4302 silly ADD node_modules/react
4303 silly ADD node_modules/postcss
4304 silly ADD node_modules/next
4305 silly ADD node_modules/next/node_modules/postcss
4306 silly ADD node_modules/lucide-react
4307 silly ADD node_modules/framer-motion
4308 silly ADD node_modules/eslint-config-next
4309 silly ADD node_modules/eslint
4310 silly ADD node_modules/clsx
4311 silly ADD node_modules/autoprefixer
4312 silly ADD node_modules/@types/three
4313 silly ADD node_modules/@types/react-dom
4314 silly ADD node_modules/@types/react
4315 silly ADD node_modules/@types/node
4316 silly ADD node_modules/@react-three/fiber
4317 silly ADD node_modules/@react-three/fiber/node_modules/zustand
4318 silly ADD node_modules/@react-three/drei
4319 verbose cwd /home/candi/CEE_Coreeliteexperts
4320 verbose os Linux 6.8.0-90-generic
4321 verbose node v18.20.8
4322 verbose npm  v10.8.2
4323 notice
4323 notice New major version of npm available! 10.8.2 -> 11.9.0
4323 notice Changelog: https://github.com/npm/cli/releases/tag/v11.9.0
4323 notice To update run: npm install -g npm@11.9.0
4323 notice  { force: true, [Symbol(proc-log.meta)]: true }
4324 verbose exit 0
4325 info ok
